#id,ra,dec,ra1,dec1,ra2,dec2,ra3,dec3,ra4,dec4,sum_p3d,nor_sum_p3d,obj,note,weight
25959,95.67567567567568,-12.290748898678414,96.09668034042757,-11.878426680871906,96.09800153003484,-12.702425669697472,95.25334982131655,-12.702425669697472,95.2546710109238,-11.878426680871906,836.8545597730206,1.0,S230518h,25959,836.8545597730206
26403,95.24663677130044,-11.497797356828187,95.66645957568966,-11.085496484628662,95.66768952318037,-11.909495603172155,94.82558401942056,-11.909495603172155,94.82681396691126,-11.085496484628663,762.1491177725975,0.9107306746100715,S230518h,26403,762.1491177725975
27743,93.80846325167037,-9.11894273127753,94.22525572534734,-8.706705239018996,94.22621897755951,-9.530704690151103,93.39070752578128,-9.530704690151103,93.39167077799344,-8.706705239018996,721.5386630486538,0.8622031804957317,S230518h,27743,721.5386630486538
25516,95.89164785553048,-13.083700440528629,96.31392215791342,-12.671356752470945,96.3153359272574,-13.495355601811843,95.4679597838036,-13.495355601811845,95.46937355314758,-12.671356752470947,705.4408467873033,0.8429670825700459,S230518h,25516,705.4408467873033
23760,98.03203661327233,-16.255506607929515,98.46029447080934,-15.843075601114815,98.46209408007257,-16.66707378996048,97.6019791464721,-16.66707378996048,97.60377875573532,-15.843075601114814,703.2321121959579,0.8403277534709198,S230518h,23760,703.2321121959579
27295,94.01785714285714,-9.911894273127745,94.43557489997887,-9.499635754784482,94.43662597524548,-10.32363510429469,93.59908831046883,-10.32363510429469,93.60013938573543,-9.49963575478448,695.4841713719164,0.8310693456226755,S230518h,27295,695.4841713719164
23325,98.48275862068964,-17.04845814977973,98.91274634326028,-16.636004903881325,98.91464686469263,-17.460002900567098,98.05087037668669,-17.460002900567098,98.05277089811904,-16.636004903881325,683.9122058987115,0.8172414165780593,S230518h,23325,683.9122058987115
26849,95.03355704697987,-10.704845814977972,95.4522845801529,-10.29256617293174,95.45342452215931,-11.116565411638508,94.61368957180045,-11.116565411638506,94.61482951380685,-10.29256617293174,680.3324450325875,0.8129637785771444,S230518h,26849,680.3324450325875
24196,96.98630136986301,-15.462555066079286,97.41292460655136,-15.05014612433696,97.41462520333765,-15.874144494227743,96.5579775363884,-15.874144494227744,96.55967813317471,-15.05014612433696,664.4638126376537,0.7940015440889463,S230518h,24196,664.4638126376537
25074,96.10859728506787,-13.876651982378856,96.53223028759027,-13.46428669003154,96.53373807866562,-14.288285389890966,95.68345649147015,-14.288285389890966,95.68496428254551,-13.46428669003154,657.6408242505294,0.7858484088667699,S230518h,25074,657.6408242505294
24197,97.8082191780822,-15.462555066079286,98.23484241477054,-15.05014612433696,98.23654301155683,-15.874144494227744,97.37989534460759,-15.874144494227744,97.38159594139388,-15.05014612433696,656.5343406950964,0.7845262154909781,S230518h,24197,656.5343406950964
22892,98.93764434180139,-17.841409691629956,99.36945899930885,-17.42893402194698,99.37146245883831,-18.252931815023988,98.50382622476448,-18.252931815023988,98.50582968429394,-17.42893402194698,637.7819039443427,0.7621179767692582,S230518h,22892,637.7819039443427
25075,96.92307692307692,-13.876651982378856,97.34670992559931,-13.464286690031539,97.34821771667467,-14.288285389890964,96.4979361294792,-14.288285389890964,96.49944392055454,-13.46428669003154,633.0322412588037,0.756442363689218,S230518h,25075,633.0322412588037
24634,96.54545454545455,-14.669603524229071,96.97053669623637,-14.257216483938352,96.97214005910132,-15.081215024070614,96.11876903180779,-15.081215024070614,96.12037239467274,-14.257216483938352,607.7340072410468,0.7262122194875559,S230518h,24634,607.7340072410468
24635,97.36363636363636,-14.669603524229071,97.78871851441819,-14.257216483938352,97.79032187728315,-15.081215024070618,96.93695084998961,-15.081215024070618,96.93855421285456,-14.257216483938354,603.1326555016146,0.720713830686663,S230518h,24635,603.1326555016146
28192,93.60000000000001,-8.325991189427315,94.01595076923502,-7.913774634311461,94.01682714958936,-8.737774178046251,93.18317285041067,-8.73777417804625,93.184049230765,-7.913774634311463,599.1519874858707,0.7159571283788885,S230518h,28192,599.1519874858707
23324,97.6551724137931,-17.04845814977973,98.08516013636374,-16.63600490388133,98.08706065779609,-17.460002900567098,97.22328416979015,-17.4600029005671,97.2251846912225,-16.63600490388133,598.6560001651679,0.7153644479484476,S230518h,23324,598.6560001651679
28641,92.59423503325942,-7.533039647577087,93.00942685017439,-7.1208439491969155,93.0102172197028,-7.944843576662135,92.17825284681608,-7.944843576662135,92.17904321634447,-7.1208439491969155,583.3093633146653,0.6970259724376431,S230518h,28641,583.3093633146653
22891,98.10623556581986,-17.841409691629956,98.53805022332733,-17.428934021946972,98.5400536828568,-18.252931815023985,97.67241744878297,-18.252931815023985,97.67442090831243,-17.428934021946972,577.9754214615443,0.6906521745168099,S230518h,22891,577.9754214615443
23759,97.20823798627003,-16.255506607929515,97.63649584380707,-15.843075601114814,97.63829545307028,-16.66707378996048,96.77818051946981,-16.667073789960476,96.77998012873304,-15.843075601114814,542.4331757999963,0.6481809407205955,S230518h,23759,542.4331757999963
22461,99.39675174013921,-18.63436123348017,99.83049234957993,-18.22186294430115,99.83260090488228,-19.045860521962176,98.96090257539616,-19.045860521962176,98.96301113069852,-18.22186294430115,533.9527396423384,0.6380472370099316,S230518h,22461,533.9527396423384
22460,98.5614849187935,-18.63436123348017,98.99522552823422,-18.22186294430115,98.99733408353657,-19.045860521962176,98.12563575405045,-19.045860521962176,98.1277443093528,-18.221862944301154,532.8760168280597,0.6367606062546773,S230518h,22460,532.8760168280597
26848,94.2281879194631,-10.704845814977972,94.64691545263614,-10.29256617293174,94.64805539464254,-11.116565411638508,93.80832044428368,-11.116565411638508,93.80946038629008,-10.292566172931743,531.8031880948085,0.6354786287345427,S230518h,26848,531.8031880948085
25517,96.70428893905192,-13.083700440528629,97.12656324143487,-12.671356752470947,97.12797701077884,-13.495355601811843,96.28060086732503,-13.495355601811843,96.28201463666902,-12.671356752470947,524.5221155825203,0.6267781055345938,S230518h,25517,524.5221155825203
21604,99.4847775175644,-20.220264317180614,99.92267550930899,-19.80772015608625,99.92500128641896,-20.631717265930423,99.04455374870987,-20.631717265930423,99.04687952581983,-19.80772015608625,523.6190119683972,0.6256989411761322,S230518h,21604,523.6190119683972
29092,92.59423503325942,-6.740088105726872,93.0087499078127,-6.327913192083608,93.00945503947084,-7.1519128945390875,92.17901502704804,-7.151912894539087,92.17972015870617,-6.327913192083608,498.6775528232108,0.5958951253829181,S230518h,29092,498.6775528232108
27296,94.82142857142857,-9.911894273127745,95.23914632855029,-9.499635754784482,95.24019740381691,-10.323635104294688,94.40265973904026,-10.323635104294688,94.40371081430686,-9.49963575478448,492.1720533764023,0.5881213738142189,S230518h,27296,492.1720533764023
21179,99.95294117647059,-21.01321585903083,100.39307514946482,-20.60064842167404,100.39551334780461,-21.42464527826614,99.5103690051366,-21.424645278266137,99.51280720347638,-20.60064842167404,479.69582367918144,0.5732128935394568,S230518h,21179,479.69582367918144
22031,99.02097902097903,-19.427312775330385,99.45674667311354,-19.0147916595889,99.4589626195663,-19.83878900964271,98.58299542239179,-19.83878900964271,98.58521136884454,-19.0147916595889,473.87831994173337,0.5662612629729389,S230518h,22031,473.87831994173337
25958,94.86486486486487,-12.290748898678414,95.28586952961678,-11.878426680871906,95.28719071922403,-12.702425669697472,94.44253901050574,-12.702425669697472,94.44386020011301,-11.878426680871906,470.79612528803455,0.5625781921003432,S230518h,25958,470.79612528803455
28642,93.39246119733924,-7.533039647577087,93.80765301425421,-7.1208439491969155,93.80844338378262,-7.944843576662135,92.9764790108959,-7.944843576662135,92.97726938042429,-7.1208439491969155,464.5950810258898,0.555168249488778,S230518h,28642,464.5950810258898
28191,92.8,-8.325991189427315,93.21595076923502,-7.913774634311463,93.21682714958936,-8.737774178046251,92.38317285041067,-8.737774178046251,92.384049230765,-7.913774634311461,458.81299068484384,0.5482589361875346,S230518h,28191,458.81299068484384
22032,99.86013986013987,-19.427312775330385,100.29590751227438,-19.0147916595889,100.29812345872713,-19.83878900964271,99.42215626155263,-19.83878900964271,99.42437220800538,-19.0147916595889,434.01605813372237,0.5186278225590839,S230518h,22032,434.01605813372237
25960,96.48648648648648,-12.290748898678414,96.90749115123839,-11.878426680871906,96.90881234084564,-12.702425669697472,96.06416063212735,-12.702425669697472,96.06548182173462,-11.878426680871906,429.15367950630696,0.5128175194775851,S230518h,25960,429.15367950630696
26402,94.43946188340807,-11.497797356828187,94.85928468779728,-11.085496484628662,94.860514635288,-11.909495603172157,94.01840913152819,-11.909495603172157,94.01963907901889,-11.085496484628662,423.69869494357454,0.5062990814777827,S230518h,26402,423.69869494357454
26404,96.05381165919283,-11.497797356828187,96.47363446358203,-11.085496484628662,96.47486441107274,-11.909495603172154,95.63275890731293,-11.909495603172155,95.63398885480363,-11.085496484628662,384.5142456289415,0.4594755936243366,S230518h,26404,384.5142456289415
21605,100.32786885245902,-20.220264317180614,100.76576684420361,-19.807720156086255,100.76809262131357,-20.631717265930423,99.88764508360448,-20.631717265930426,99.88997086071444,-19.807720156086255,370.67147432691144,0.44293416340761577,S230518h,21605,370.67147432691144
29091,91.7960088691796,-6.740088105726872,92.21052374373288,-6.327913192083609,92.21122887539101,-7.1519128945390875,91.38078886296822,-7.1519128945390875,91.38149399462634,-6.327913192083609,359.3154176657737,0.4293642347640796,S230518h,29091,359.3154176657737
27744,94.61024498886414,-9.11894273127753,95.02703746254109,-8.706705239018996,95.02800071475326,-9.530704690151103,94.19248926297503,-9.5307046901511,94.19345251518719,-8.706705239018996,354.27475129452904,0.4233408866059339,S230518h,27744,354.27475129452904
27742,93.00668151447661,-9.11894273127753,93.42347398815356,-8.706705239018996,93.42443724036575,-9.530704690151103,92.5889257885875,-9.530704690151103,92.58988904079968,-8.706705239018996,345.59184382291704,0.4129652396428976,S230518h,27742,345.59184382291704
25515,95.07900677200902,-13.083700440528629,95.50128107439197,-12.671356752470947,95.50269484373595,-13.495355601811843,94.65531870028214,-13.495355601811843,94.65673246962612,-12.671356752470947,303.894122989836,0.3631385160550012,S230518h,25515,303.894122989836
21180,100.8,-21.01321585903083,101.24013397299424,-20.600648421674038,101.242572171334,-21.424645278266137,100.35742782866602,-21.424645278266137,100.3598660270058,-20.600648421674038,303.66212736211423,0.3628612927011789,S230518h,21180,303.66212736211423
20756,100.42553191489361,-21.80616740088106,100.86801000073272,-21.393576443810286,100.87056336942445,-22.217573033637223,99.98050046036282,-22.21757303363722,99.98305382905453,-21.393576443810286,296.31105195455314,0.35407711948766984,S230518h,20756,296.31105195455314
29543,92.38938053097345,-5.947136563876644,92.80329981388925,-5.534982371266796,92.80392039441902,-6.358982140090014,91.97484066752791,-6.358982140090014,91.97546124805768,-5.534982371266796,292.7444442524949,0.34981519887027407,S230518h,29543,292.7444442524949
29542,91.59292035398231,-5.947136563876644,92.0068396368981,-5.534982371266796,92.00746021742788,-6.358982140090014,91.17838049053677,-6.358982140090014,91.17900107106654,-5.534982371266796,266.30491387660555,0.31822126170745274,S230518h,29542,266.30491387660555
23761,98.8558352402746,-16.255506607929515,99.28409309781162,-15.843075601114814,99.28589270707485,-16.66707378996048,98.42577777347438,-16.66707378996048,98.42757738273761,-15.843075601114814,254.6624257979709,0.3043090616212246,S230518h,23761,254.6624257979709
26850,95.83892617449665,-10.704845814977972,96.25765370766969,-10.29256617293174,96.2587936496761,-11.116565411638506,95.41905869931723,-11.116565411638506,95.42019864132364,-10.29256617293174,243.94190106275508,0.2914985623414889,S230518h,26850,243.94190106275508
27294,93.21428571428571,-9.911894273127745,93.63200347140744,-9.499635754784482,93.63305454667405,-10.32363510429469,92.7955168818974,-10.323635104294691,92.796567957164,-9.499635754784482,235.96418796807703,0.2819655879416818,S230518h,27294,235.96418796807703
25073,95.29411764705883,-13.876651982378856,95.71775064958123,-13.46428669003154,95.71925844065659,-14.288285389890968,94.8689768534611,-14.288285389890968,94.87048464453646,-13.46428669003154,202.29997521331256,0.24173851101221486,S230518h,25073,202.29997521331256
24195,96.16438356164385,-15.462555066079286,96.59100679833219,-15.05014612433696,96.59270739511848,-15.874144494227743,95.73605972816922,-15.874144494227743,95.73776032495554,-15.050146124336957,197.84914230354502,0.23641998480262508,S230518h,24195,197.84914230354502
23326,99.31034482758619,-17.04845814977973,99.74033255015684,-16.63600490388133,99.74223307158917,-17.460002900567098,98.87845658358324,-17.460002900567098,98.88035710501559,-16.63600490388133,192.84697623636856,0.23044264261244427,S230518h,23326,192.84697623636856
24633,95.72727272727272,-14.669603524229071,96.15235487805454,-14.257216483938352,96.1539582409195,-15.081215024070618,95.30058721362597,-15.081215024070618,95.30219057649091,-14.257216483938352,187.90527547616094,0.22453755348734233,S230518h,24633,187.90527547616094
28640,91.7960088691796,-7.533039647577087,92.21120068609456,-7.1208439491969155,92.21199105562296,-7.944843576662135,91.38002668273626,-7.944843576662135,91.38081705226465,-7.1208439491969155,186.42060626735986,0.22276344687411703,S230518h,28640,186.42060626735986
20336,101.14285714285715,-22.599118942731273,101.58779011551515,-22.186504209500654,101.59046157030389,-23.010500518546078,100.69525271541045,-23.010500518546078,100.69792417019917,-22.186504209500654,185.7391214619012,0.2219491060815622,S230518h,20336,185.7391214619012
28193,94.4,-8.325991189427315,94.81595076923502,-7.913774634311463,94.81682714958937,-8.737774178046251,93.98317285041067,-8.737774178046251,93.98404923076501,-7.913774634311463,182.55896665433144,0.218148977647737,S230518h,28193,182.55896665433144
30445,90.59602649006622,-4.361233480176201,91.00899641031961,-3.949120571219745,91.00944961197722,-4.773120447311669,90.18260336815526,-4.773120447311669,90.18305656981288,-3.949120571219745,180.27667080060047,0.21542174646153184,S230518h,30445,180.27667080060047
19918,101.6267942583732,-23.3920704845815,102.07429569438335,-22.979431705267228,102.07708832634668,-23.803427718976764,101.17650019039972,-23.803427718976764,101.17929282236307,-22.979431705267228,178.0253738573053,0.21273155744719965,S230518h,19918,178.0253738573053
29993,90.79646017699115,-5.154185022026429,91.20986464111014,-4.7420514949423325,91.21040127268452,-5.56605132161439,90.3825190812978,-5.56605132161439,90.38305571287218,-4.7420514949423325,177.89240448245636,0.21257266559042945,S230518h,29993,177.89240448245636
20335,100.28571428571429,-22.599118942731273,100.7306472583723,-22.186504209500654,100.73331871316103,-23.010500518546078,99.8381098582676,-23.010500518546078,99.84078131305633,-22.186504209500654,175.50611475803993,0.20972116684844536,S230518h,20335,175.50611475803993
26847,93.42281879194631,-10.704845814977972,93.84154632511935,-10.292566172931743,93.84268626712576,-11.116565411638508,93.0029513167669,-11.11656541163851,93.0040912587733,-10.292566172931743,172.39730731892396,0.2060062950074421,S230518h,26847,172.39730731892396
22893,99.76905311778292,-17.841409691629956,100.20086777529039,-17.428934021946976,100.20287123481985,-18.252931815023988,99.33523500074602,-18.252931815023988,99.33723846027549,-17.428934021946976,171.59681191905904,0.20504974241354568,S230518h,22893,171.59681191905904
19502,102.11538461538461,-24.185022026431714,102.56557106238847,-23.77235891711498,102.5684881473336,-24.5963546203592,101.66228108343566,-24.5963546203592,101.66519816838078,-23.77235891711498,170.36568179186412,0.20357860252093538,S230518h,19502,170.36568179186412
31350,89.60352422907489,-2.775330396475771,90.01586428773014,-2.363258613664059,90.01615186008834,-3.1872585636018274,89.19089659806149,-3.1872585636018274,89.19118417041966,-2.3632586136640596,169.69454869610027,0.20277663151184405,S230518h,31350,169.69454869610027
29093,93.39246119733924,-6.740088105726872,93.80697607189252,-6.327913192083609,93.80768120355066,-7.1519128945390875,92.97724119112786,-7.1519128945390875,92.977946322786,-6.32791319208361,168.30530962527897,0.20111655921541288,S230518h,29093,168.30530962527897
19917,100.76555023923444,-23.3920704845815,101.2130516752446,-22.979431705267228,101.21584430720793,-23.803427718976764,100.31525617126097,-23.803427718976764,100.31804880322431,-22.979431705267228,168.1138432621236,0.2008877663374637,S230518h,19917,168.1138432621236
31803,88.81057268722468,-1.9823788546255436,89.22271682252301,-1.570327595733365,89.22292203459487,-2.3943275702109865,88.39822333985451,-2.3943275702109865,88.39842855192637,-1.570327595733365,161.20603581445874,0.1926332765136424,S230518h,31803,161.20603581445874
22890,97.27482678983833,-17.841409691629956,97.7066414473458,-17.428934021946972,97.70864490687525,-18.25293181502398,96.84100867280144,-18.25293181502398,96.8430121323309,-17.428934021946972,159.57401120169783,0.1906830874470935,S230518h,22890,159.57401120169783
24198,98.63013698630138,-15.462555066079286,99.05676022298971,-15.05014612433696,99.05846081977602,-15.874144494227744,98.20181315282677,-15.874144494227743,98.20351374961307,-15.05014612433696,159.19536782271032,0.19023062725007886,S230518h,24198,159.19536782271032
19501,101.25,-24.185022026431714,101.70018644700386,-23.772358917114982,101.70310353194898,-24.596354620359204,100.79689646805105,-24.596354620359207,100.79981355299617,-23.772358917114982,157.96593562146538,0.18876151629538873,S230518h,19501,157.96593562146538
31351,90.39647577092511,-2.775330396475771,90.80881582958035,-2.3632586136640596,90.80910340193856,-3.1872585636018274,89.9838481399117,-3.1872585636018274,89.98413571226988,-2.363258613664059,155.6124282349834,0.18594919083333913,S230518h,31351,155.6124282349834
31804,89.60352422907489,-1.9823788546255436,90.01566836437323,-1.5703275957333647,90.01587357644509,-2.394327570210987,89.19117488170473,-2.394327570210987,89.19138009377659,-1.570327595733365,153.3757970260623,0.1832765266495797,S230518h,31804,153.3757970260623
29541,90.79646017699115,-5.947136563876644,91.21037945990695,-5.534982371266795,91.21100004043672,-6.358982140090014,90.3819203135456,-6.358982140090014,90.38254089407538,-5.534982371266795,152.3229114130606,0.1820183801763296,S230518h,29541,152.3229114130606
28190,92.0,-8.325991189427315,92.41595076923501,-7.913774634311461,92.41682714958937,-8.737774178046251,91.58317285041066,-8.737774178046251,91.584049230765,-7.913774634311463,151.54453415116245,0.18108825766841224,S230518h,28190,151.54453415116245
17462,103.88059701492537,-28.149779735682813,104.34607371864509,-27.736990186852083,104.34966942811928,-28.56098408776498,103.41152460173149,-28.560984087764982,103.4151203112057,-27.736990186852083,150.91656504970064,0.18033786550751857,S230518h,17462,150.91656504970064
19088,101.98547215496369,-24.97797356828193,102.43846330928918,-24.565285830496272,102.44150831789374,-25.389281207531052,101.52943599203365,-25.389281207531052,101.53248100063821,-24.565285830496272,150.823824921336,0.1802270456197835,S230518h,19088,150.823824921336
23758,96.38443935926774,-16.255506607929515,96.81269721680478,-15.843075601114814,96.814496826068,-16.667073789960476,95.95438189246752,-16.66707378996048,95.95618150173075,-15.843075601114814,149.82392288256094,0.1790322119093162,S230518h,23758,149.82392288256094
29994,91.59292035398231,-5.154185022026429,92.0063248181013,-4.7420514949423325,92.00686144967568,-5.56605132161439,91.17897925828896,-5.56605132161439,91.17951588986334,-4.7420514949423325,149.76602852143367,0.17896303099794855,S230518h,29994,149.76602852143367
30444,89.80132450331126,-4.361233480176201,90.21429442356465,-3.949120571219745,90.21474762522226,-4.773120447311668,89.38790138140031,-4.773120447311668,89.38835458305792,-3.949120571219745,149.7010252268547,0.17888535526108384,S230518h,30444,149.7010252268547
29995,92.38938053097345,-5.154185022026429,92.80278499509245,-4.742051494942333,92.80332162666683,-5.566051321614391,91.97543943528011,-5.566051321614391,91.97597606685449,-4.742051494942333,149.6589134088699,0.1788350337117859,S230518h,29995,149.6589134088699
1054,115.82608695652173,-75.72687224669603,117.4508387006935,-75.3092106384869,117.54530941350718,-76.13288140227372,114.10686449953637,-76.13288140227372,114.20133521235005,-75.3092106384869,148.431754371465,0.1773686390759752,S230518h,1054,148.431754371465
30898,90.59602649006622,-3.5682819383259865,91.00864172226915,-3.156189608135198,91.00901193114507,-3.9801895252945587,90.1830410489874,-3.9801895252945587,90.18341125786333,-3.1561896081351977,147.7761567026193,0.17658523213723124,S230518h,30898,147.7761567026193
24636,98.18181818181817,-14.669603524229071,98.60690033259999,-14.257216483938352,98.60850369546496,-15.081215024070614,97.75513266817143,-15.081215024070618,97.75673603103637,-14.257216483938352,146.2301271329006,0.1747378029135224,S230518h,24636,146.2301271329006
25076,97.73755656108597,-13.876651982378856,98.16118956360837,-13.46428669003154,98.16269735468371,-14.288285389890966,97.31241576748825,-14.288285389890966,97.31392355856359,-13.46428669003154,145.59384672923306,0.173977479155664,S230518h,25076,145.59384672923306
20755,99.57446808510637,-21.80616740088106,100.01694617094549,-21.39357644381029,100.0194995396372,-22.217573033637223,99.12943663057557,-22.21757303363722,99.1319899992673,-21.39357644381029,145.42698852675494,0.17377809181824735,S230518h,20755,145.42698852675494
19089,102.85714285714286,-24.97797356828193,103.31013401146835,-24.565285830496276,103.31317902007291,-25.389281207531052,102.40110669421283,-25.38928120753105,102.40415170281739,-24.565285830496272,144.52855421546377,0.17270450704679693,S230518h,19089,144.52855421546377
32710,88.01762114537446,-0.3964757709251011,88.42961050874203,0.015534478966544533,88.42965151186048,-0.8084655200133424,87.60559077888848,-0.8084655200133425,87.60563178200692,0.015534478966544533,144.4398894891756,0.17259855706390836,S230518h,32710,144.4398894891756
20757,101.27659574468085,-21.80616740088106,101.71907383051995,-21.39357644381029,101.72162719921167,-22.217573033637223,100.83156429015004,-22.21757303363722,100.83411765884178,-21.393576443810286,144.36977186026297,0.17251476994929713,S230518h,20757,144.36977186026297
30897,89.80132450331126,-3.5682819383259865,90.21393973551419,-3.1561896081351977,90.21430994439012,-3.9801895252945587,89.38833906223245,-3.9801895252945587,89.38870927110838,-3.1561896081351977,144.35179779868488,0.17249329183058681,S230518h,30897,144.35179779868488
31349,88.81057268722468,-2.775330396475771,89.22291274587992,-2.363258613664059,89.22320031823813,-3.187258563601827,88.39794505621127,-3.187258563601827,88.39823262856945,-2.363258613664059,143.0426940489089,0.17092897729768752,S230518h,31349,143.0426940489089
18678,102.73170731707316,-25.770925110132158,103.18762621105648,-25.35821243027273,103.19080281981552,-26.18220746469686,102.27261181433084,-26.18220746469686,102.27578842308988,-25.35821243027273,142.51724844388676,0.17030109566773657,S230518h,18678,142.51724844388676
17461,102.98507462686567,-28.149779735682813,103.45055133058537,-27.73699018685208,103.45414704005958,-28.560984087764975,102.51600221367178,-28.560984087764975,102.51959792314598,-27.73699018685208,142.3565990125642,0.17010912750618873,S230518h,17461,142.3565990125642
25957,94.05405405405406,-12.290748898678414,94.47505871880595,-11.878426680871906,94.47637990841322,-12.702425669697472,93.63172819969493,-12.702425669697472,93.63304938930219,-11.878426680871907,142.14347566180376,0.16985445559423998,S230518h,25957,142.14347566180376
16272,104.42748091603053,-30.528634361233472,104.90376318213048,-30.115764510139417,104.90781974057974,-30.939757101513468,103.94714209148135,-30.939757101513468,103.95119864993063,-30.11576451013941,141.22387211236958,0.16875557462538487,S230518h,16272,141.22387211236958
23323,96.82758620689656,-17.04845814977973,97.2575739294672,-16.636004903881325,97.25947445089955,-17.460002900567098,96.3956979628936,-17.460002900567098,96.39759848432595,-16.636004903881325,141.16065654257818,0.16868003513163038,S230518h,23323,141.16065654257818
1423,116.39097744360902,-73.34801762114537,117.79472117970907,-72.93118208543437,117.86385256085273,-73.75494392316726,114.91810232636537,-73.75494392316726,114.98723370750905,-72.93118208543437,141.15331011857083,0.16867125651661113,S230518h,1423,141.15331011857083
33164,88.01762114537446,0.3964757709251138,88.42965151186048,0.808465520013355,88.42961050874203,-0.01553447896653181,87.60563178200692,-0.01553447896653181,87.60559077888848,0.8084655200133551,140.4093323953522,0.16778223976390272,S230518h,33164,140.4093323953522
28643,94.19068736141907,-7.533039647577087,94.60587917833402,-7.1208439491969155,94.60666954786242,-7.944843576662135,93.77470517497572,-7.944843576662135,93.77549554450411,-7.120843949196915,140.33821014566124,0.16769725217691955,S230518h,28643,140.33821014566124
1558,116.54676258992806,-72.55506607929516,117.89009357028223,-72.13845826697556,117.95298981328213,-72.96224250578142,115.14053536657406,-72.96224250578142,115.20343160957393,-72.13845826697556,140.27702306840212,0.16762413663187703,S230518h,1558,140.27702306840212
21178,99.10588235294118,-21.01321585903083,99.54601632593543,-20.60064842167404,99.5484545242752,-21.42464527826614,98.6633101816072,-21.424645278266137,98.66574837994698,-20.60064842167404,140.02442026511756,0.1673222887177627,S230518h,21178,140.02442026511756
739,115.05154639175258,-78.1057268722467,116.98382093458645,-77.68692818611869,117.12030936402135,-78.51044785863185,112.98278341948394,-78.51044785863185,113.11927184891883,-77.68692818611869,139.41512631948572,0.166594212448695,S230518h,739,139.41512631948572
18677,101.85365853658536,-25.770925110132158,102.30957743056868,-25.358212430272722,102.31275403932771,-26.182207464696855,101.39456303384303,-26.182207464696855,101.39773964260208,-25.358212430272722,138.97620993712653,0.16606972897993283,S230518h,18677,138.97620993712653
20337,102.0,-22.599118942731273,102.444932972658,-22.186504209500654,102.44760442744673,-23.010500518546078,101.5523955725533,-23.010500518546074,101.55506702734202,-22.186504209500654,138.93407243438858,0.16601937673861938,S230518h,20337,138.93407243438858
17864,103.11111111111111,-27.356828193832598,103.57326892601009,-26.944064625256555,103.5767206478905,-27.7680589223971,102.64550157433177,-27.7680589223971,102.64895329621217,-26.944064625256555,138.90921376711944,0.16598967185504215,S230518h,17864,138.90921376711944
30446,91.3907284768212,-4.361233480176201,91.80369839707457,-3.949120571219745,91.80415159873219,-4.773120447311669,90.97730535491023,-4.773120447311669,90.97775855656784,-3.949120571219745,138.81678380625928,0.16587922260220517,S230518h,30446,138.81678380625928
22030,98.18181818181819,-19.427312775330385,98.6175858339527,-19.0147916595889,98.61980178040545,-19.83878900964271,97.74383458323095,-19.83878900964271,97.7460505296837,-19.0147916595889,138.8002477371532,0.1658594628137055,S230518h,22030,138.8002477371532
18269,102.3529411764706,-26.563876651982373,102.81191437629619,-26.151138700674466,102.81522647934364,-26.97513337538425,101.8906558735976,-26.975133375384253,101.89396797664502,-26.151138700674466,138.46869655461475,0.16546327547306608,S230518h,18269,138.46869655461475
19919,102.48803827751196,-23.3920704845815,102.93553971352212,-22.979431705267228,102.93833234548545,-23.803427718976764,102.03774420953849,-23.803427718976767,102.04053684150183,-22.979431705267228,138.19079044770018,0.165131191356813,S230518h,19919,138.19079044770018
32709,87.22466960352423,-0.3964757709251011,87.6366589668918,0.015534478966544533,87.63669997001026,-0.8084655200133425,86.81263923703825,-0.8084655200133426,86.8126802401567,0.015534478966544533,137.90629120939923,0.16479122877313765,S230518h,32709,137.90629120939923
33163,87.22466960352423,0.3964757709251138,87.63669997001026,0.8084655200133551,87.6366589668918,-0.01553447896653181,86.8126802401567,-0.01553447896653181,86.81263923703825,0.8084655200133553,137.5827240717903,0.16440458197312893,S230518h,33163,137.5827240717903
274,114.0,-82.86343612334801,117.1331058920265,-82.44025599411538,117.514027504627,-83.26289593133454,110.4859724953732,-83.26289593133454,110.86689410797366,-82.44025599411538,137.49478020396072,0.16429949338061003,S230518h,274,137.49478020396072
33,98.18181818181817,-87.62114537444934,106.58262757926421,-87.17891333780612,110.01481423952707,-87.99048668489942,86.34882212410992,-87.99048668489942,89.7810087843726,-87.17891333780612,136.96889949947402,0.1636710918282192,S230518h,33,136.96889949947402
479,118.48101265822787,-80.48458149779735,120.86938945980026,-80.06411137054322,121.08322141163997,-80.88735279819687,115.87880390481592,-80.88735279819687,116.0926358566556,-80.06411137054322,136.8412676816511,0.1635185780893235,S230518h,479,136.8412676816511
1171,116.03305785123968,-74.93392070484582,117.57649473484922,-74.51656193148142,117.66117692334889,-75.34026788245248,114.40493877913053,-75.34026788245248,114.4896209676302,-74.51656193148142,135.6096775113863,0.16204688846789295,S230518h,1171,135.6096775113863
21603,98.6416861826698,-20.220264317180614,99.07958417441439,-19.80772015608625,99.08190995152435,-20.631717265930423,98.20146241381526,-20.631717265930423,98.20378819092522,-19.807720156086255,135.54917351286002,0.1619745891683077,S230518h,21603,135.54917351286002
18270,103.23529411764706,-26.563876651982373,103.69426731747265,-26.151138700674462,103.69757942052009,-26.97513337538425,102.77300881477404,-26.97513337538425,102.7763209178215,-26.151138700674462,135.2415614289757,0.1616070078720216,S230518h,18270,135.2415614289757
32257,88.81057268722468,-1.1894273127753288,89.22259996142466,-0.7773965622341366,89.22272301005756,-1.6013965530507743,88.39842236439183,-1.6013965530507743,88.39854541302472,-0.7773965622341366,134.58580800689592,0.16082341481583076,S230518h,32257,134.58580800689592
26401,93.6322869955157,-11.497797356828187,94.05210979990491,-11.085496484628662,94.05333974739561,-11.909495603172154,93.2112342436358,-11.909495603172152,93.2124641911265,-11.085496484628662,134.39904831690535,0.16060024618060073,S230518h,26401,134.39904831690535
34070,86.43171806167402,1.9823788546255565,86.84406740904423,2.394327570211,86.84386219697235,1.5703275957333775,86.01957392637571,1.5703275957333775,86.01936871430385,2.3943275702109994,132.31267574507766,0.15810713367083132,S230518h,34070,132.31267574507766
22459,97.72621809744778,-18.63436123348017,98.1599587068885,-18.22186294430115,98.16206726219086,-19.045860521962176,97.29036893270474,-19.045860521962176,97.2924774880071,-18.22186294430115,131.64722486577182,0.15731195263066786,S230518h,22459,131.64722486577182
1055,118.95652173913044,-75.72687224669603,120.58127348330221,-75.3092106384869,120.67574419611589,-76.13288140227372,117.23729928214509,-76.13288140227372,117.33176999495875,-75.3092106384869,131.4034992153917,0.15702071247724594,S230518h,1055,131.4034992153917
1172,119.00826446280992,-74.93392070484582,120.55170134641946,-74.51656193148142,120.63638353491915,-75.34026788245248,117.3801453907008,-75.34026788245248,117.46482757920046,-74.51656193148142,131.160298552543,0.15673009965807858,S230518h,1172,131.160298552543
32711,88.81057268722468,-0.3964757709251011,89.22256205059224,0.015534478966544533,89.2226030537107,-0.8084655200133425,88.3985423207387,-0.8084655200133425,88.39858332385714,0.015534478966544533,131.13634854059117,0.1567014805728718,S230518h,32711,131.13634854059117
126,114.14634146341464,-85.24229074889868,118.70901234191376,-84.8139342246618,119.56727871865073,-85.63485327447668,108.72540420817889,-85.63485327447668,109.58367058491578,-84.8139342246618,130.84621067837142,0.15635478011120682,S230518h,126,130.84621067837142
19087,101.1138014527845,-24.97797356828193,101.56679260710999,-24.56528583049627,101.56983761571456,-25.38928120753105,100.65776528985447,-25.38928120753105,100.66081029845904,-24.56528583049627,130.40646487808854,0.15582930552885868,S230518h,19087,130.40646487808854
1424,119.09774436090225,-73.34801762114537,120.50148809700231,-72.93118208543437,120.57061947814597,-73.75494392316726,117.62486924365861,-73.75494392316726,117.69400062480229,-72.93118208543437,130.36533277386388,0.15578015468927214,S230518h,1424,130.36533277386388
19500,100.38461538461537,-24.185022026431714,100.83480183161923,-23.77235891711498,100.83771891656436,-24.596354620359204,99.93151185266642,-24.596354620359204,99.93442893761154,-23.77235891711498,130.21617359919952,0.15560191681875757,S230518h,19500,130.21617359919952
17062,103.7593984962406,-28.942731277533042,104.2283325617788,-28.52991536752203,104.23207688675593,-29.353908852689084,103.28672010572531,-29.353908852689084,103.29046443070243,-28.52991536752203,130.08126211067813,0.15544070423176037,S230518h,17062,130.08126211067813
478,113.9240506329114,-80.48458149779735,116.31242743448381,-80.06411137054322,116.5262593863235,-80.88735279819687,111.32184187949944,-80.88735279819687,111.53567383133914,-80.06411137054322,130.06561905332478,0.15542201154834165,S230518h,478,130.06561905332478
740,118.76288659793815,-78.1057268722467,120.69516114077202,-77.68692818611869,120.83164957020692,-78.51044785863185,116.69412362566949,-78.51044785863185,116.8306120551044,-77.68692818611869,129.84678448320804,0.15516051501042938,S230518h,740,129.84678448320804
31802,88.01762114537446,-1.9823788546255436,88.4297652806728,-1.570327595733365,88.42997049274466,-2.3943275702109865,87.6052717980043,-2.3943275702109865,87.60547701007616,-1.570327595733365,129.82301483187936,0.155132111447288,S230518h,31802,129.82301483187936
1999,116.94267515923566,-70.17621145374449,118.1336423525796,-69.76018311462354,118.18210938300425,-70.58401916889026,115.70324093546715,-70.58401916889026,115.7517079658918,-69.76018311462354,128.67639673423045,0.1537619592693995,S230518h,1999,128.67639673423045
32256,88.01762114537446,-1.1894273127753288,88.42964841957445,-0.7773965622341366,88.42977146820735,-1.6013965530507746,87.60547082254162,-1.6013965530507746,87.6055938711745,-0.7773965622341366,127.09174870080822,0.1518683828827786,S230518h,32256,127.09174870080822
404,115.0,-81.27753303964757,117.59344440910301,-80.85631496766386,117.84811268417523,-81.67940943737075,112.15188731582491,-81.67940943737075,112.40655559089711,-80.85631496766386,126.63908406634117,0.1513274709295835,S230518h,404,126.63908406634117
2157,114.84662576687117,-69.38325991189427,115.99461785803085,-68.96739668573589,116.0393471333824,-69.79124615397053,113.65390440036,-69.79124615397053,113.69863367571156,-68.96739668573589,126.571996270489,0.15124730431631875,S230518h,2157,126.571996270489
34523,85.6387665198238,2.775330396475771,86.05139415083725,3.1872585636018274,86.05110657847905,2.363258613664059,85.22642646116859,2.3632586136640596,85.2261388888104,3.1872585636018274,126.52070123657134,0.15118600927607714,S230518h,34523,126.52070123657134
19916,99.90430622009569,-23.3920704845815,100.35180765610585,-22.979431705267228,100.3546002880692,-23.803427718976764,99.45401215212222,-23.803427718976767,99.45680478408556,-22.979431705267228,126.1763626333999,0.15077454159731485,S230518h,19916,126.1763626333999
2158,117.05521472392638,-69.38325991189427,118.20320681508608,-68.96739668573589,118.24793609043763,-69.79124615397053,115.86249335741522,-69.79124615397053,115.90722263276677,-68.96739668573589,125.47177974961158,0.14993259973829048,S230518h,2158,125.47177974961158
15,90.0,-88.41409691629956,101.65412242737382,-87.96006722777081,109.3405966314363,-88.75592005290403,70.65940336856467,-88.75592005290405,78.34587757262679,-87.96006722777081,125.06975795636075,0.14945220348716665,S230518h,15,125.06975795636075
22033,100.6993006993007,-19.427312775330385,101.13506835143521,-19.0147916595889,101.13728429788796,-19.83878900964271,100.26131710071346,-19.83878900964271,100.2635330471662,-19.0147916595889,124.48556968165985,0.1487541272588919,S230518h,22033,124.48556968165985
17061,102.85714285714286,-28.942731277533042,103.32607692268105,-28.52991536752203,103.32982124765817,-29.353908852689084,102.38446446662755,-29.353908852689077,102.38820879160468,-28.529915367522026,124.35084127801349,0.14859313344930697,S230518h,17061,124.35084127801349
1998,114.64968152866241,-70.17621145374449,115.84064872200636,-69.76018311462354,115.889115752431,-70.58401916889026,113.41024730489389,-70.58401916889026,113.45871433531853,-69.76018311462354,123.64459831048555,0.14774920787194082,S230518h,1998,123.64459831048555
647,118.68131868131867,-78.89867841409692,120.74457871871692,-78.4793982941756,120.90141205436667,-79.30284478864927,116.46122530827077,-79.30284478864927,116.61805864392052,-78.4793982941756,123.1909620353666,0.14720713485600123,S230518h,647,123.1909620353666
22462,100.23201856148492,-18.63436123348017,100.66575917092564,-18.22186294430115,100.667867726228,-19.045860521962176,99.79616939674187,-19.045860521962176,99.79827795204423,-18.22186294430115,122.86454427448295,0.14681708170151742,S230518h,22462,122.86454427448295
29090,90.99778270509977,-6.740088105726872,91.41229757965306,-6.327913192083608,91.41300271131118,-7.1519128945390875,90.58256269888838,-7.1519128945390875,90.58326783054652,-6.327913192083607,122.33677367647756,0.14618642181941252,S230518h,29090,122.33677367647756
16273,105.34351145038167,-30.528634361233472,105.81979371648161,-30.115764510139417,105.82385027493088,-30.939757101513468,104.86317262583249,-30.939757101513468,104.86722918428175,-30.115764510139417,122.31970144489777,0.14616602134315246,S230518h,16273,122.31970144489777
839,118.83495145631066,-77.31277533039648,120.65220066998107,-76.89440067984016,120.77203776681044,-77.71798023642799,116.89786514581097,-77.717980236428,117.01770224264037,-76.89440067984016,122.00955020171742,0.14579540587651213,S230518h,839,122.00955020171742
1294,116.22047244094487,-74.1409691629956,117.69061208509275,-73.72388440822797,117.7669364775678,-74.54762039818306,114.67400840432205,-74.54762039818306,114.75033279679707,-73.72388440822797,121.27324999776442,0.14491556338135658,S230518h,1294,121.27324999776442
29544,93.18584070796462,-5.947136563876644,93.59975999088041,-5.534982371266796,93.60038057141018,-6.358982140090015,92.77130084451908,-6.358982140090015,92.77192142504884,-5.534982371266796,121.1631127669398,0.14478395481265321,S230518h,29544,121.1631127669398
125,105.3658536585366,-85.24229074889868,109.92852453703571,-84.8139342246618,110.78679091377266,-85.63485327447668,99.94491640330081,-85.63485327447668,100.80318278003773,-84.8139342246618,120.86142978976368,0.14442345850698934,S230518h,125,120.86142978976368
30447,92.18543046357617,-4.361233480176201,92.59840038382956,-3.949120571219744,92.59885358548716,-4.773120447311668,91.77200734166522,-4.773120447311669,91.77246054332282,-3.949120571219745,120.65855799702265,0.1441810367021825,S230518h,30447,120.65855799702265
2670,115.35911602209946,-67.00440528634361,116.39607266888144,-66.58897323601025,116.43181205327582,-67.41285494292622,114.28641999092315,-67.41285494292622,114.32215937531751,-66.58897323601025,120.65160856415581,0.144172732472032,S230518h,2670,120.65160856415581
2671,117.34806629834256,-67.00440528634361,118.38502294512455,-66.58897323601025,118.42076232951892,-67.4128549429262,116.27537026716624,-67.4128549429262,116.31110965156063,-66.58897323601025,120.2833380795303,0.14373266737311516,S230518h,2671,120.2833380795303
1559,119.13669064748201,-72.55506607929516,120.4800216278362,-72.13845826697556,120.54291787083609,-72.96224250578142,117.73046342412802,-72.96224250578142,117.79335966712792,-72.13845826697556,120.27746312125313,0.14372564708720223,S230518h,1559,120.27746312125313
17863,102.22222222222223,-27.356828193832598,102.68438003712122,-26.944064625256548,102.6878317590016,-27.768058922397096,101.75661268544289,-27.768058922397096,101.76006440732328,-26.944064625256548,120.00089850422913,0.1433951659853259,S230518h,17863,120.00089850422913
34069,85.6387665198238,1.9823788546255565,86.05111586719401,2.3943275702110003,86.05091065512214,1.5703275957333775,85.2266223845255,1.5703275957333775,85.22641717245364,2.3943275702110003,119.8067621356839,0.14316318258238206,S230518h,34069,119.8067621356839
17865,104.0,-27.356828193832598,104.46215781489899,-26.94406462525655,104.46560953677938,-27.768058922397096,103.53439046322066,-27.768058922397096,103.53784218510106,-26.944064625256548,119.62575384632844,0.14294688658776555,S230518h,17865,119.62575384632844
29992,90.0,-5.154185022026429,90.413404464119,-4.742051494942333,90.41394109569337,-5.56605132161439,89.58605890430665,-5.56605132161439,89.58659553588103,-4.742051494942333,119.59829104861848,0.14291406989651467,S230518h,29992,119.59829104861848
31805,90.39647577092511,-1.9823788546255436,90.80861990622344,-1.570327595733365,90.8088251182953,-2.394327570210987,89.98412642355494,-2.394327570210987,89.9843316356268,-1.5703275957333647,119.43596928934481,0.14272010338539512,S230518h,31805,119.43596928934481
275,119.99999999999999,-82.86343612334801,123.13310589202649,-82.44025599411538,123.51402750462698,-83.26289593133454,116.4859724953732,-83.26289593133454,116.86689410797364,-82.44025599411538,119.35348035319976,0.14262153316768916,S230518h,275,119.35348035319976
3434,115.27093596059113,-63.83259911894273,116.19164723118834,-63.417628049865435,116.21899215099435,-64.24153980696411,114.32287977018797,-64.24153980696411,114.35022468999398,-63.417628049865435,119.11368739490285,0.14233499238769753,S230518h,3434,119.11368739490285
1699,116.68965517241381,-71.76211453744493,117.97779441130174,-71.3457156953099,118.03525045633396,-72.16951947469762,115.34405988849372,-72.16951947469762,115.40151593352594,-71.3457156953099,118.814133197998,0.1419770398696565,S230518h,1699,118.814133197998
20334,99.42857142857143,-22.599118942731273,99.87350440122943,-22.186504209500654,99.87617585601816,-23.010500518546078,98.98096700112472,-23.010500518546078,98.98363845591345,-22.186504209500654,118.55234618878032,0.14166421728159692,S230518h,20334,118.55234618878032
559,114.35294117647058,-79.69162995594714,116.56668155521672,-79.27179828196577,116.74873261682134,-80.09515405775674,111.95714973611994,-80.09515405775674,112.13920079772457,-79.27179828196577,118.49800980429617,0.14159928797715615,S230518h,559,118.49800980429617
25518,97.51693002257336,-13.083700440528629,97.93920432495631,-12.671356752470947,97.94061809430028,-13.495355601811845,97.09324195084648,-13.495355601811843,97.09465572019045,-12.671356752470947,118.49527220662166,0.14159601668270894,S230518h,25518,118.49527220662166
32,81.81818181818183,-87.62114537444934,90.21899121562785,-87.17891333780612,93.65117787589071,-87.99048668489942,69.98518576047356,-87.99048668489942,73.41737242073623,-87.17891333780612,118.35586376447803,0.14142943045752132,S230518h,32,118.35586376447803
14731,106.10526315789474,-33.70044052863436,106.59811793864027,-33.28745733567704,106.60286787150172,-34.111447860069845,105.60765844428781,-34.111447860069845,105.61240837714925,-33.28745733567704,118.16956471621737,0.14120681226648082,S230518h,14731,118.16956471621737
1422,113.6842105263158,-73.34801762114537,115.08795426241585,-72.93118208543437,115.15708564355953,-73.75494392316726,112.21133540907215,-73.75494392316726,112.28046679021581,-72.93118208543437,117.78608508724768,0.1407485729888294,S230518h,1422,117.78608508724768
3639,115.40669856459331,-63.039647577092516,116.3027151127575,-62.62477613751,116.32840880346768,-63.44869379522385,114.48498832571899,-63.44869379522385,114.51068201642916,-62.62477613751,117.60737371897345,0.14053502170182594,S230518h,3639,117.60737371897345
16271,103.51145038167938,-30.528634361233472,103.98773264777932,-30.11576451013941,103.99178920622859,-30.93975710151346,103.0311115571302,-30.93975710151346,103.03516811557947,-30.11576451013941,117.31431790271459,0.14018483442873714,S230518h,16271,117.31431790271459
32258,89.60352422907489,-1.1894273127753288,90.01555150327488,-0.7773965622341366,90.01567455190778,-1.6013965530507746,89.19137390624205,-1.6013965530507746,89.19149695487494,-0.7773965622341367,117.29810387344949,0.1401654594619932,S230518h,32258,117.29810387344949
33617,87.22466960352423,1.1894273127753414,87.63681992635712,1.601396553050787,87.63669687772422,0.7773965622341495,86.81264232932429,0.7773965622341495,86.81251928069139,1.6013965530507872,117.28939218164754,0.1401550494191725,S230518h,33617,117.28939218164754
15494,104.4559585492228,-32.114537444933916,104.9401998300521,-31.701611891991252,104.94459067380542,-32.525603499574515,103.9673264246402,-32.52560349957452,103.97171726839353,-31.701611891991252,117.2801074222413,0.14014395458877715,S230518h,15494,117.2801074222413
30896,89.00662251655629,-3.5682819383259865,89.4192377487592,-3.1561896081351977,89.41960795763514,-3.9801895252945587,88.59363707547746,-3.9801895252945587,88.5940072843534,-3.1561896081351977,117.17780347268885,0.14002170640555617,S230518h,30896,117.17780347268885
560,118.58823529411764,-79.69162995594714,120.80197567286379,-79.27179828196577,120.98402673446842,-80.09515405775674,116.19244385376699,-80.09515405775674,116.37449491537163,-79.27179828196577,116.70928897510842,0.1394618546462403,S230518h,560,116.70928897510842
3,72.0,-89.20704845814979,90.8776973376072,-88.7265620997138,119.24306542305717,-89.43888621124117,24.75693457694436,-89.43888621124118,53.12230266239374,-88.7265620997138,116.45178586541887,0.1391541511072175,S230518h,3,116.45178586541887
15882,105.23076923076923,-31.3215859030837,105.71095204291304,-30.90868843184013,105.71517282392657,-31.732680543125166,104.7463656376119,-31.732680543125166,104.75058641862543,-30.90868843184013,116.40849193070538,0.1391024169866252,S230518h,15882,116.40849193070538
218,113.33333333333334,-83.65638766519824,116.831313968644,-83.23188432017895,117.3136784876666,-84.05415885427023,109.3529881790003,-84.05415885427023,109.83535269802289,-83.23188432017895,116.24859414844067,0.13891134700869728,S230518h,218,116.24859414844067
33162,86.43171806167402,0.3964757709251138,86.84374842816004,0.8084655200133553,86.84370742504159,-0.01553447896653181,86.01972869830648,-0.01553447896653181,86.01968769518804,0.8084655200133553,116.08733887304888,0.13871865489331284,S230518h,33162,116.08733887304888
17463,104.77611940298507,-28.149779735682813,105.24159610670479,-27.736990186852083,105.24519181617899,-28.560984087764975,104.30704698979119,-28.560984087764975,104.3106426992654,-27.736990186852083,116.07885716590889,0.13870851967084086,S230518h,17463,116.07885716590889
89,113.14285714285714,-86.0352422907489,118.52561277762759,-85.60392149454682,119.76185343963289,-86.42347525027023,106.52386084608175,-86.42347525027024,107.76010150808699,-85.60392149454684,115.86717938834872,0.13845557514769985,S230518h,89,115.86717938834872
16666,104.54545454545456,-29.735682819383257,105.01798889414002,-29.322840148501058,105.02188673783817,-30.146833197483716,104.06902235307098,-30.146833197483716,104.07292019676915,-29.322840148501058,115.49429825786189,0.138010000553964,S230518h,16666,115.49429825786189
944,118.89908256880734,-76.51982378854626,120.61453764662619,-76.10182559649995,120.72057401461063,-76.92545477824902,117.07759112300414,-76.92545477824902,117.18362749098857,-76.10182559649995,115.12675851412686,0.13757080865443644,S230518h,944,115.12675851412686
17063,104.66165413533834,-28.942731277533042,105.13058820087655,-28.52991536752203,105.13433252585368,-29.353908852689084,104.18897574482304,-29.353908852689084,104.19272006980017,-28.52991536752203,115.11467977000812,0.13755637514985947,S230518h,17063,115.11467977000812
33616,86.43171806167402,1.1894273127753414,86.8438683845069,1.6013965530507868,86.843745335874,0.7773965622341495,86.01969078747408,0.7773965622341495,86.01956773884118,1.6013965530507868,114.83093483068515,0.13721731391632813,S230518h,33616,114.83093483068515
34071,87.22466960352423,1.9823788546255565,87.63701895089444,2.3943275702109994,87.63681373882257,1.5703275957333775,86.81252546822593,1.5703275957333775,86.81232025615407,2.3943275702109994,114.56674131761564,0.13690161567463943,S230518h,34071,114.56674131761564
838,115.33980582524272,-77.31277533039648,117.15705503891311,-76.89440067984016,117.27689213574251,-77.71798023642799,113.40271951474303,-77.71798023642799,113.52255661157241,-76.89440067984016,114.50619441714343,0.13682926510934093,S230518h,838,114.50619441714343
943,115.59633027522935,-76.51982378854626,117.3117853530482,-76.10182559649995,117.41782172103265,-76.92545477824902,113.77483882942616,-76.92545477824902,113.88087519741059,-76.10182559649995,114.46036156419316,0.1367744971064484,S230518h,943,114.46036156419316
21606,101.17096018735364,-20.220264317180614,101.60885817909823,-19.80772015608625,101.61118395620821,-20.631717265930426,100.73073641849912,-20.631717265930426,100.73306219560908,-19.807720156086255,114.42687372650376,0.136734480789039,S230518h,21606,114.42687372650376
15495,105.38860103626943,-32.114537444933916,105.87284231709874,-31.701611891991252,105.87723316085207,-32.52560349957452,104.89996891168684,-32.52560349957452,104.90435975544017,-31.701611891991252,113.89411334690979,0.13609785836358615,S230518h,15495,113.89411334690979
1557,113.9568345323741,-72.55506607929516,115.30016551272831,-72.13845826697556,115.36306175572818,-72.96224250578142,112.55060730902011,-72.96224250578142,112.61350355201999,-72.13845826697556,113.17382026992755,0.13523714359711872,S230518h,1557,113.17382026992755
646,114.72527472527472,-78.89867841409692,116.78853476267295,-78.4793982941756,116.9453680983227,-79.30284478864927,112.50518135222683,-79.30284478864927,112.66201468787658,-78.4793982941756,112.89365446868811,0.13490235925739374,S230518h,646,112.89365446868811
34522,84.84581497797357,2.775330396475771,85.25844260898701,3.1872585636018274,85.25815503662882,2.3632586136640596,84.43347491931836,2.363258613664059,84.43318734696015,3.1872585636018274,112.84705971276242,0.1348466808179546,S230518h,34522,112.84705971276242
31352,91.18942731277534,-2.775330396475771,91.60176737143058,-2.3632586136640596,91.60205494378879,-3.187258563601827,90.77679968176193,-3.1872585636018274,90.7770872541201,-2.3632586136640596,112.73320368307675,0.13471062846769133,S230518h,31352,112.73320368307675
1170,113.05785123966943,-74.93392070484582,114.60128812327899,-74.51656193148142,114.68597031177866,-75.34026788245248,111.4297321675603,-75.34026788245248,111.51441435605996,-74.51656193148142,112.56863163154651,0.1345139729681086,S230518h,1170,112.56863163154651
336,114.54545454545455,-82.0704845814978,117.38305072362022,-81.64837791299924,117.69140886897453,-82.47127912354311,111.39950022193472,-82.47127912354311,111.70785836728905,-81.64837791299924,112.4866016590341,0.13441595118934854,S230518h,336,112.4866016590341
34524,86.43171806167402,2.775330396475771,86.84434569268747,3.187258563601827,86.84405812032927,2.3632586136640596,86.01937800301879,2.3632586136640596,86.01909043066061,3.187258563601827,112.07480618141763,0.13392387586657303,S230518h,34524,112.07480618141763
27741,92.20489977728285,-9.11894273127753,92.6216922509598,-8.706705239018996,92.62265550317197,-9.530704690151103,91.78714405139374,-9.530704690151103,91.7881073036059,-8.706705239018996,112.01410624216952,0.13385134242747151,S230518h,27741,112.01410624216952
219,119.99999999999999,-83.65638766519824,123.49798063531064,-83.23188432017895,123.98034515433325,-84.05415885427023,116.01965484566696,-84.05415885427023,116.50201936468955,-83.23188432017895,111.6381114280388,0.13340204713507006,S230518h,219,111.6381114280388
19503,102.98076923076923,-24.185022026431714,103.43095567777307,-23.77235891711498,103.43387276271821,-24.596354620359204,102.52766569882027,-24.596354620359204,102.5305827837654,-23.77235891711498,111.51337606803315,0.13325299452067135,S230518h,19503,111.51337606803315
13980,106.16621983914209,-35.2863436123348,106.66839174509863,-34.873300645065186,106.67352871287994,-35.69728997603087,105.65891096540426,-35.69728997603087,105.66404793318559,-34.873300645065186,111.37791532235563,0.1330911255984129,S230518h,13980,111.37791532235563
4287,115.2,-60.66079295154186,116.0301866119707,-60.24619094539275,116.05170127315854,-61.07012351165852,114.3482987268415,-61.07012351165851,114.36981338802937,-60.24619094539275,111.36226327814113,0.13307242217613754,S230518h,4287,111.36226327814113
1846,116.82119205298014,-70.96916299559471,118.058722680381,-70.55295666587745,118.1114037548863,-71.37677759201445,115.53098035107408,-71.37677759201445,115.58366142557935,-70.55295666587745,111.08703796990284,0.13274354148232506,S230518h,1846,111.08703796990284
34,114.54545454545455,-87.62114537444934,122.94626394290057,-87.17891333780612,126.37845060316343,-87.99048668489942,102.71245848774628,-87.99048668489942,106.14464514800896,-87.17891333780612,110.75452494385277,0.13234620478604148,S230518h,34,110.75452494385277
15881,104.3076923076923,-31.3215859030837,104.78787511983613,-30.908688431840126,104.79209590084966,-31.732680543125166,103.823288714535,-31.732680543125166,103.82750949554853,-30.90868843184013,110.1355020631799,0.13160650291856194,S230518h,15881,110.1355020631799
18679,103.60975609756098,-25.770925110132158,104.0656749915443,-25.35821243027273,104.06885160030333,-26.18220746469686,103.15066059481866,-26.18220746469686,103.1538372035777,-25.35821243027273,110.10335221037143,0.1315680854272153,S230518h,18679,110.10335221037143
2323,117.15976331360947,-68.59030837004406,118.26797817158601,-68.17459878462347,118.30937672048461,-68.99846020179434,116.01014990673443,-68.99846020179434,116.05154845563303,-68.17459878462347,110.06971878581697,0.13152789514066948,S230518h,2323,110.06971878581697
28639,90.99778270509977,-7.533039647577087,91.41297452201474,-7.120843949196916,91.41376489154314,-7.944843576662135,90.58180051865644,-7.944843576662135,90.58259088818482,-7.1208439491969155,109.8231913883691,0.13123330703743355,S230518h,28639,109.8231913883691
4,108.0,-89.20704845814979,126.8776973376072,-88.7265620997138,155.24306542305717,-89.43888621124117,60.75693457694435,-89.43888621124118,89.12230266239374,-88.7265620997138,109.61476611873015,0.13098424910113518,S230518h,4,109.61476611873015
0,0.0,-90.0,44.99925934569559,-89.4173465229401,135.0007406543039,-89.4173465229401,224.99925934569453,-89.41734652294012,315.00074065430596,-89.41734652294011,109.58791727313178,0.13095216605243237,S230518h,0,109.58791727313178
2,36.0,-89.20704845814979,54.87769733760721,-88.7265620997138,83.24306542305719,-89.43888621124117,348.75693457694433,-89.43888621124118,17.122302662393746,-88.7265620997138,109.39496575679655,0.13072159848954837,S230518h,2,109.39496575679655
3435,117.04433497536947,-63.83259911894273,117.96504624596669,-63.417628049865435,117.9923911657727,-64.24153980696411,116.09627878496629,-64.24153980696411,116.12362370477233,-63.417628049865435,109.38953320109539,0.13071510685293394,S230518h,3435,109.38953320109539
25961,97.2972972972973,-12.290748898678414,97.71830196204921,-11.878426680871907,97.71962315165646,-12.702425669697472,96.87497144293819,-12.702425669697472,96.87629263254544,-11.878426680871907,109.17961906673366,0.1304642697965897,S230518h,25961,109.17961906673366
1295,119.05511811023622,-74.1409691629956,120.5252577543841,-73.72388440822797,120.60158214685913,-74.54762039818306,117.5086540736134,-74.54762039818306,117.58497846608842,-73.72388440822797,108.94329943734772,0.1301818794736523,S230518h,1295,108.94329943734772
33165,88.81057268722468,0.3964757709251138,89.2226030537107,0.8084655200133551,89.22256205059224,-0.01553447896653181,88.39858332385714,-0.01553447896653181,88.3985423207387,0.8084655200133551,108.80594052074724,0.1300177423305892,S230518h,33165,108.80594052074724
4514,115.32467532467531,-59.86784140969163,116.13531479610982,-59.45332067790705,116.15565031784436,-60.27725744202729,114.4937003315063,-60.27725744202729,114.51403585324086,-59.45332067790705,108.75461921534051,0.12995641589721152,S230518h,4514,108.75461921534051
35429,85.03311258278146,4.361233480176214,85.44653570469245,4.7731204473116815,85.44608250303484,3.949120571219757,84.62014266252811,3.949120571219757,84.6196894608705,4.7731204473116815,108.45411211389916,0.12959732470516153,S230518h,35429,108.45411211389916
35428,84.2384105960265,4.361233480176214,84.65183371793748,4.7731204473116815,84.65138051627987,3.949120571219757,83.82544067577314,3.949120571219757,83.82498747411553,4.7731204473116815,108.35963629325275,0.12948443075059907,S230518h,35428,108.35963629325275
57,99.3103448275862,-86.82819383259911,105.87253388689089,-86.39261080599432,107.80428506337836,-87.20964603970096,90.81640459179451,-87.20964603970097,92.74815576828189,-86.39261080599432,108.28228843341776,0.1293920038659849,S230518h,57,108.28228843341776
88,102.85714285714286,-86.0352422907489,108.2398984919133,-85.60392149454682,109.47613915391861,-86.42347525027023,96.23814656036745,-86.42347525027024,97.4743872223727,-85.60392149454684,108.25175075729196,0.12935551284640548,S230518h,88,108.25175075729196
3235,116.36363636363637,-64.62555066079294,117.3106284957105,-64.2104742942904,117.33978123448624,-65.03437958642247,115.38749149278654,-65.03437958642247,115.41664423156227,-64.2104742942904,108.20676526642174,0.12930175739948238,S230518h,3235,108.20676526642174
169,114.8936170212766,-84.44933920704845,118.85336200169668,-84.02316364812863,119.48368323083673,-84.84490493230915,110.3035508117167,-84.84490493230915,110.93387204085671,-84.02316364812863,108.16380279287638,0.12925041935866796,S230518h,169,108.16380279287638
2322,115.02958579881657,-68.59030837004406,116.13780065679309,-68.17459878462347,116.1791992056917,-68.99846020179434,113.87997239194151,-68.99846020179434,113.9213709408401,-68.17459878462347,107.8990853850951,0.1289340950885904,S230518h,2322,107.8990853850951
2000,119.23566878980891,-70.17621145374449,120.42663598315285,-69.76018311462354,120.4751030135775,-70.58401916889026,117.9962345660404,-70.58401916889026,118.04470159646502,-69.76018311462354,107.89499526318129,0.12892920759426293,S230518h,2000,107.89499526318129
58,111.72413793103449,-86.82819383259911,118.28632699033916,-86.39261080599432,120.21807816682664,-87.20964603970096,103.2301976952428,-87.20964603970097,105.16194887173017,-86.39261080599432,107.41650873453858,0.12835743974875763,S230518h,58,107.41650873453858
27297,95.625,-9.911894273127745,96.04271775712174,-9.499635754784482,96.04376883238834,-10.323635104294688,95.20623116761169,-10.323635104294688,95.20728224287829,-9.499635754784482,107.35440350932137,0.12828322706210626,S230518h,27297,107.35440350932137
1,0.0,-89.20704845814979,18.877697337607206,-88.7265620997138,47.24306542305718,-89.43888621124117,312.75693457694433,-89.43888621124118,341.12230266239374,-88.7265620997138,107.17417546806531,0.1280678634255564,S230518h,1,107.17417546806531
2494,117.25714285714285,-67.79735682819383,118.3284426414882,-67.38179061975697,118.3668603745442,-68.20566272627582,116.14742533974156,-68.20566272627582,116.18584307279758,-67.38179061975698,106.63033686164009,0.12741800306442896,S230518h,2494,106.63033686164009
15496,106.32124352331607,-32.114537444933916,106.80548480414537,-31.701611891991252,106.80987564789869,-32.52560349957452,105.83261139873348,-32.52560349957452,105.83700224248679,-31.701611891991252,106.4644018217474,0.12721971886085398,S230518h,15496,106.4644018217474
4746,114.40677966101696,-59.0748898678414,115.19891946382894,-58.66044668574083,115.21816479109428,-59.484387326551065,113.59539453093966,-59.484387326551065,113.614639858205,-58.66044668574083,106.37491995709792,0.12711279243785192,S230518h,4746,106.37491995709792
1053,112.69565217391305,-75.72687224669603,114.32040391808482,-75.3092106384869,114.4148746308985,-76.13288140227372,110.97642971692768,-76.13288140227372,111.07090042974136,-75.3092106384869,106.3614138363965,0.1270966532885294,S230518h,1053,106.3614138363965
1700,119.17241379310346,-71.76211453744493,120.46055303199141,-71.3457156953099,120.51800907702362,-72.16951947469762,117.82681850918338,-72.16951947469762,117.8842745542156,-71.3457156953099,106.0757439352077,0.1267552918203356,S230518h,1700,106.0757439352077
1845,114.43708609271523,-70.96916299559471,115.67461672011609,-70.55295666587745,115.72729779462139,-71.37677759201445,113.14687439080917,-71.37677759201445,113.19955546531445,-70.55295666587745,105.92795859694331,0.12657869561668406,S230518h,1845,105.92795859694331
273,108.0,-82.86343612334801,111.1331058920265,-82.44025599411538,111.514027504627,-83.26289593133454,104.4859724953732,-83.26289593133454,104.86689410797366,-82.44025599411538,105.84411367784446,0.12647850506610428,S230518h,273,105.84411367784446
738,111.34020618556701,-78.1057268722467,113.27248072840088,-77.68692818611869,113.40896915783578,-78.51044785863185,109.27144321329837,-78.51044785863185,109.40793164273326,-77.68692818611869,105.79405860566307,0.12641869171909334,S230518h,738,105.79405860566307
13610,106.34146341463413,-36.07929515418502,106.84857478409204,-35.666221432287486,106.85391685496208,-36.490210121359844,105.82900997430623,-36.49021012135984,105.83435204517627,-35.666221432287486,105.77911066152095,0.12640082966174115,S230518h,13610,105.77911066152095
2159,119.2638036809816,-69.38325991189427,120.41179577214126,-68.96739668573589,120.45652504749282,-69.79124615397052,118.07108231447043,-69.79124615397052,118.11581158982199,-68.96739668573589,105.59826325469679,0.12618472591382918,S230518h,2159,105.59826325469679
4747,115.9322033898305,-59.0748898678414,116.7243431926425,-58.66044668574083,116.74358851990785,-59.484387326551065,115.12081825975322,-59.484387326551065,115.14006358701855,-58.66044668574083,105.5163204877352,0.12608680834140917,S230518h,4747,105.5163204877352
14730,105.15789473684211,-33.70044052863436,105.65074951758763,-33.28745733567704,105.65549945044908,-34.111447860069845,104.66029002323516,-34.111447860069845,104.6650399560966,-33.28745733567704,105.50951322129077,0.12607867399313452,S230518h,14730,105.50951322129077
3041,116.25,-65.41850220264317,117.22500945105463,-65.00331432903268,117.25614714988907,-65.82721251795017,115.24385285011097,-65.82721251795017,115.27499054894541,-65.00331432903268,105.35036321958277,0.1258884975761581,S230518h,3041,105.35036321958277
14732,107.05263157894738,-33.70044052863436,107.54548635969292,-33.28745733567705,107.55023629255436,-34.111447860069845,106.55502686534045,-34.111447860069845,106.5597767982019,-33.28745733567705,105.3254469974291,0.12585872391732733,S230518h,14732,105.3254469974291
27745,95.4120267260579,-9.11894273127753,95.82881919973485,-8.706705239018996,95.82978245194704,-9.530704690151103,94.9942710001688,-9.530704690151103,94.99523425238097,-8.706705239018996,105.10304837106942,0.12559296850766571,S230518h,27745,105.10304837106942
15112,106.21409921671018,-32.90748898678414,106.70256250230007,-32.49453486789272,106.70712960367412,-33.31852594694663,105.72106882974627,-33.31852594694663,105.72563593112032,-32.49453486789272,104.90103480844765,0.1253515722456001,S230518h,15112,104.90103480844765
20758,102.12765957446808,-21.80616740088106,102.5701376603072,-21.39357644381029,102.5726910289989,-22.217573033637223,101.68262811993729,-22.21757303363722,101.68518148862901,-21.393576443810286,104.85576134811343,0.12529747268934446,S230518h,20758,104.85576134811343
11,0.0,-88.41409691629956,11.65412242737382,-87.96006722777081,19.34059663143631,-88.75592005290403,340.65940336856465,-88.75592005290405,348.34587757262676,-87.96006722777081,104.65306335883466,0.12505525857111854,S230518h,11,104.65306335883466
21181,101.64705882352942,-21.01321585903083,102.08719279652365,-20.60064842167404,102.08963099486341,-21.424645278266137,101.20448665219543,-21.42464527826614,101.2069248505352,-20.60064842167404,104.37079406896513,0.1247179606660368,S230518h,21181,104.37079406896513
3640,117.12918660287082,-63.039647577092516,118.025203151035,-62.62477613751,118.05089684174519,-63.44869379522385,116.20747636399649,-63.44869379522385,116.23317005470668,-62.62477613751,104.3120026898876,0.12464770786237941,S230518h,3640,104.3120026898876
5988,113.61216730038022,-55.110132158590304,114.32506974323917,-54.6960297144893,114.33992431250338,-55.51998590579551,112.8844102882571,-55.51998590579551,112.89926485752132,-54.6960297144893,104.14902734353133,0.12445296034687268,S230518h,5988,104.14902734353133
11472,109.2485549132948,-40.83700440528634,109.78974534253965,-40.423732040098,109.79651429636563,-41.24771612592215,108.70059553022398,-41.24771612592215,108.70736448404998,-40.423732040098,103.74823827277704,0.12397403713844446,S230518h,11472,103.74823827277704
18268,101.47058823529412,-26.563876651982373,101.92956143511972,-26.151138700674466,101.93287353816716,-26.97513337538425,101.00830293242112,-26.97513337538425,101.01161503546855,-26.151138700674466,103.74415380925487,0.12396915640561643,S230518h,18268,103.74415380925487
47,327.2727272727273,-87.62114537444934,335.67353667017335,-87.17891333780612,339.10572333043615,-87.99048668489942,315.43973121501904,-87.99048668489942,318.8719178752817,-87.17891333780612,103.63182886654543,0.12383493362891326,S230518h,47,103.63182886654543
17460,102.08955223880598,-28.149779735682813,102.5550289425257,-27.736990186852086,102.55862465199989,-28.560984087764982,101.6204798256121,-28.560984087764982,101.6240755350863,-27.736990186852083,103.33742333980095,0.1234831335182413,S230518h,17460,103.33742333980095
13981,107.1313672922252,-35.2863436123348,107.63353919818175,-34.873300645065186,107.63867616596306,-35.69728997603087,106.62405841848737,-35.69728997603087,106.6291953862687,-34.873300645065186,103.25181531414478,0.12338083614212449,S230518h,13981,103.25181531414478
14354,106.27659574468085,-34.49339207048458,106.77401782950949,-34.08037927022353,106.77895757312177,-34.9043692124224,105.77423391623995,-34.9043692124224,105.77917365985223,-34.08037927022353,103.12061606943324,0.12322405950372375,S230518h,14354,103.12061606943324
6253,114.17910447761194,-54.31718061674009,114.87840781135989,-53.903138379742344,114.89255334348711,-54.72709706878384,113.46565561173679,-54.72709706878384,113.479801143864,-53.903138379742344,103.05681926131295,0.123147825458781,S230518h,6253,103.05681926131295
127,122.9268292682927,-85.24229074889868,127.48950014679183,-84.8139342246618,128.34776652352878,-85.63485327447668,117.50589201305692,-85.63485327447668,118.36415838979384,-84.8139342246618,103.00147578032741,0.12308169272360113,S230518h,127,103.00147578032741
34976,85.03311258278146,3.568281938325999,85.44609802386032,3.98018952529457,85.44572781498438,3.15618960813521,84.62049735057857,3.1561896081352105,84.62012714170264,3.9801895252945707,102.93671300860403,0.12300430439970773,S230518h,34976,102.93671300860403
19090,103.72881355932203,-24.97797356828193,104.18180471364754,-24.565285830496276,104.1848497222521,-25.389281207531052,103.27277739639202,-25.38928120753105,103.27582240499657,-24.565285830496276,102.88719290161593,0.12294513030976607,S230518h,19090,102.88719290161593
32712,89.60352422907489,-0.3964757709251011,90.01551359244246,0.015534478966544533,90.01555459556091,-0.8084655200133425,89.19149386258891,-0.8084655200133426,89.19153486570735,0.015534478966544536,102.63768109119484,0.12264697597995185,S230518h,32712,102.63768109119484
25514,94.2663656884876,-13.083700440528629,94.68863999087054,-12.671356752470945,94.69005376021452,-13.495355601811843,93.84267761676071,-13.495355601811843,93.8440913861047,-12.671356752470947,102.59309582295315,0.12259369877936663,S230518h,25514,102.59309582295315
2493,115.19999999999999,-67.79735682819383,116.27129978434533,-67.38179061975698,116.30971751740132,-68.20566272627583,114.0902824825987,-68.20566272627583,114.1287002156547,-67.38179061975697,102.51998973245202,0.12250634060028118,S230518h,2493,102.51998973245202
405,119.99999999999999,-81.27753303964757,122.593444409103,-80.85631496766385,122.84811268417523,-81.67940943737075,117.15188731582488,-81.67940943737075,117.4065555908971,-80.85631496766386,102.4144565044163,0.12238023358825229,S230518h,405,102.4144565044163
15111,105.27415143603133,-32.90748898678414,105.7626147216212,-32.49453486789271,105.76718182299527,-33.31852594694663,104.78112104906742,-33.31852594694663,104.78568815044147,-32.49453486789272,102.35342102621692,0.12230729919662284,S230518h,15111,102.35342102621692
337,119.99999999999999,-82.0704845814978,122.83759617816564,-81.64837791299924,123.14595432351997,-82.47127912354311,116.85404567648017,-82.47127912354311,117.16240382183449,-81.64837791299924,102.18988998341499,0.12211188765122087,S230518h,337,102.18988998341499
30443,89.00662251655629,-4.361233480176201,89.41959243680967,-3.949120571219745,89.42004563846729,-4.773120447311669,88.59319939464532,-4.773120447311669,88.59365259630293,-3.949120571219744,102.136212749185,0.1220477459988834,S230518h,30443,102.136212749185
2853,116.12903225806453,-66.21145374449338,117.13396551895171,-65.79614754145068,117.16728935113612,-66.62003790248761,115.09077516499298,-66.62003790248761,115.12409899717736,-65.79614754145068,101.90527981716222,0.12177179251410414,S230518h,2853,101.90527981716222
16,112.5,-88.41409691629956,124.15412242737384,-87.96006722777081,131.8405966314363,-88.75592005290403,93.15940336856467,-88.75592005290405,100.84587757262679,-87.96006722777081,101.82802649722703,0.12167947860001595,S230518h,16,101.82802649722703
32255,87.22466960352423,-1.1894273127753288,87.63669687772422,-0.7773965622341366,87.63681992635712,-1.6013965530507743,86.81251928069139,-1.6013965530507746,86.81264232932429,-0.7773965622341366,101.77664959691673,0.12161808573346548,S230518h,32255,101.77664959691673
13611,107.3170731707317,-36.07929515418502,107.82418454018959,-35.666221432287486,107.82952661105963,-36.49021012135984,106.80461973040379,-36.49021012135984,106.80996180127383,-35.666221432287486,101.73707848065033,0.12157080019764055,S230518h,13611,101.73707848065033
12525,108.60335195530725,-38.45814977973568,109.12649773285207,-38.04497996500043,109.13250757394536,-38.86896652628231,108.07419633666917,-38.86896652628231,108.08020617776246,-38.04497996500043,101.6900039658683,0.12151454846998695,S230518h,12525,101.6900039658683
217,106.66666666666667,-83.65638766519824,110.16464730197731,-83.23188432017895,110.64701182099992,-84.05415885427023,102.68632151233362,-84.05415885427023,103.16868603135622,-83.23188432017895,101.58630168898867,0.12139062935445061,S230518h,217,101.58630168898867
35881,84.42477876106196,5.154185022026442,84.83871985675533,5.566051321614405,84.83818322518096,4.742051494942347,84.01137429694299,4.742051494942347,84.01083766536861,5.566051321614405,101.48406109885754,0.12126845688261886,S230518h,35881,101.48406109885754
12170,108.8135593220339,-39.2511013215859,109.34248384379022,-38.837898089585806,109.34873569235188,-39.66188386745226,108.27838295171594,-39.661883867452254,108.28463480027762,-38.8378980895858,101.40860559284692,0.12117829126766293,S230518h,12170,101.40860559284692
4513,113.76623376623377,-59.86784140969163,114.57687323766827,-59.45332067790705,114.59720875940282,-60.27725744202729,112.93525877306476,-60.27725744202729,112.95559429479931,-59.45332067790705,100.74195967709632,0.12038168221778045,S230518h,4513,100.74195967709632
32708,86.43171806167402,-0.3964757709251011,86.84370742504159,0.015534478966544536,86.84374842816004,-0.8084655200133425,86.01968769518804,-0.8084655200133425,86.01972869830648,0.015534478966544536,100.67406858270199,0.12030055570230476,S230518h,32708,100.67406858270199
18271,104.11764705882352,-26.563876651982373,104.57662025864911,-26.151138700674466,104.57993236169656,-26.975133375384253,103.65536175595052,-26.975133375384253,103.65867385899796,-26.151138700674466,100.63012301262562,0.12024804290953431,S230518h,18271,100.63012301262562
11819,109.02857142857142,-40.04405286343612,109.56350737819078,-39.6308154610494,109.57001202242127,-40.4548004146187,108.48713083472163,-40.4548004146187,108.49363547895211,-39.6308154610494,100.48167058574491,0.1200706495678275,S230518h,11819,100.48167058574491
12524,107.59776536312849,-38.45814977973568,108.1209111406733,-38.04497996500043,108.12692098176659,-38.86896652628231,107.06860974449042,-38.86896652628231,107.07461958558369,-38.04497996500042,100.2935009631915,0.11984579613259684,S230518h,12524,100.2935009631915
10791,110.02967359050446,-42.42290748898678,110.58414715007717,-42.009562651243314,110.5914824701967,-42.83354485987371,109.46786471081226,-42.83354485987371,109.47520003093177,-42.00956265124332,100.24895189899222,0.11979256219405994,S230518h,10791,100.24895189899222
4288,116.80000000000001,-60.66079295154186,117.63018661197069,-60.24619094539275,117.65170127315855,-61.07012351165852,115.9482987268415,-61.07012351165851,115.96981338802937,-60.24619094539275,100.09614731011538,0.11960996823302772,S230518h,4288,100.09614731011538
36332,83.6283185840708,5.947136563876657,84.04285844751637,6.358982140090028,84.0422378669866,5.53498237126681,83.21439930115503,5.53498237126681,83.21377872062526,6.358982140090027,99.94185698419781,0.11942559888937566,S230518h,36332,99.94185698419781
10457,110.27027027027026,-43.215859030837,110.83179693669318,-42.80247659158062,110.83943608610878,-43.62645778446824,109.7011044544318,-43.62645778446824,109.70874360384738,-42.80247659158062,99.79388633547846,0.11924878124885342,S230518h,10457,99.79388633547846
480,123.03797468354432,-80.48458149779735,125.42635148511671,-80.06411137054322,125.64018343695642,-80.88735279819687,120.43576593013236,-80.88735279819687,120.64959788197204,-80.06411137054322,99.77530680417225,0.11922657962362566,S230518h,480,99.77530680417225
33618,88.01762114537446,1.1894273127753414,88.42977146820735,1.6013965530507872,88.42964841957445,0.7773965622341495,87.6055938711745,0.7773965622341495,87.60547082254162,1.6013965530507872,99.43288116752049,0.11881739784567774,S230518h,33618,99.43288116752049
30899,91.3907284768212,-3.5682819383259865,91.8033437090241,-3.1561896081351972,91.80371391790004,-3.9801895252945587,90.97774303574236,-3.9801895252945587,90.9781132446183,-3.156189608135198,99.39715765755987,0.11877471000996791,S230518h,30899,99.39715765755987
31348,88.01762114537446,-2.775330396475771,88.42996120402971,-2.363258613664059,88.43024877638791,-3.187258563601827,87.60499351436106,-3.187258563601827,87.60528108671923,-2.3632586136640588,99.37200773531778,0.11874465709103667,S230518h,31348,99.37200773531778
3234,114.54545454545455,-64.62555066079294,115.4924466775287,-64.2104742942904,115.52159941630441,-65.03437958642247,113.56930967460472,-65.03437958642247,113.59846241338045,-64.2104742942904,98.88063007653798,0.1181574849796568,S230518h,3234,98.88063007653798
10,324.0,-89.20704845814979,342.8776973376072,-88.7265620997138,11.243065423057173,-89.43888621124117,276.75693457694433,-89.43888621124118,305.12230266239374,-88.7265620997138,98.62457019222614,0.11785150602390936,S230518h,10,98.62457019222614
2669,113.37016574585635,-67.00440528634361,114.40712239263836,-66.58897323601025,114.44286177703272,-67.41285494292622,112.29746971468006,-67.41285494292622,112.33320909907444,-66.58897323601025,98.5572679993603,0.11777108321676817,S230518h,2669,98.5572679993603
16665,103.63636363636364,-29.735682819383257,104.10889798504908,-29.32284014850106,104.11279582874725,-30.146833197483723,103.15993144398006,-30.146833197483723,103.16382928767821,-29.322840148501058,98.5414962903186,0.11775223680091548,S230518h,16665,98.5414962903186
1056,122.08695652173914,-75.72687224669603,123.71170826591091,-75.3092106384869,123.8061789787246,-76.13288140227372,120.36773406475379,-76.13288140227372,120.46220477756745,-75.3092106384869,98.48679674948924,0.11768687354252062,S230518h,1056,98.48679674948924
18676,100.97560975609755,-25.770925110132158,101.43152865008088,-25.35821243027273,101.43470525883991,-26.18220746469686,100.51651425335524,-26.18220746469686,100.51969086211427,-25.35821243027273,98.38458456767208,0.11756473501722552,S230518h,18676,98.38458456767208
168,107.23404255319149,-84.44933920704845,111.19378753361158,-84.02316364812863,111.82410876275164,-84.84490493230915,102.64397634363159,-84.84490493230915,103.27429757277162,-84.02316364812863,98.3057456282847,0.1174705263659531,S230518h,168,98.3057456282847
5729,113.46303501945525,-55.903083700440526,114.19021797236748,-55.48891864894875,114.20583095167659,-56.312872163536376,112.72023908723394,-56.312872163536376,112.73585206654305,-55.48891864894875,98.28924926142632,0.1174508140196849,S230518h,5729,98.28924926142632
26,337.5,-88.41409691629956,349.15412242737386,-87.96006722777081,356.84059663143637,-88.75592005290403,318.15940336856465,-88.75592005290405,325.8458775726268,-87.96006722777081,98.20757206791319,0.11735321379446144,S230518h,26,98.20757206791319
1847,119.20529801324504,-70.96916299559471,120.4428286406459,-70.55295666587745,120.49550971515117,-71.37677759201445,117.91508631133898,-71.37677759201445,117.96776738584425,-70.55295666587745,97.77479964628185,0.1168360720562976,S230518h,1847,97.77479964628185
28194,95.2,-8.325991189427315,95.61595076923503,-7.913774634311463,95.61682714958937,-8.737774178046253,94.78317285041068,-8.737774178046253,94.78404923076502,-7.913774634311463,97.65924606769592,0.11669799121867001,S230518h,28194,97.65924606769592
9480,111.375,-45.59471365638766,111.95949754980956,-45.18121233479309,111.96814308440531,-46.00519012804661,110.78185691559473,-46.00519012804661,110.79050245019047,-45.181212334793095,97.60673282137213,0.11663524047457653,S230518h,9480,97.60673282137213
3040,114.375,-65.41850220264317,115.35000945105465,-65.00331432903268,115.38114714988909,-65.82721251795017,113.36885285011097,-65.82721251795017,113.39999054894541,-65.00331432903268,97.56567235477797,0.11658617523843168,S230518h,3040,97.56567235477797
15883,106.15384615384615,-31.3215859030837,106.63402896598996,-30.908688431840126,106.63824974700348,-31.732680543125166,105.66944256068882,-31.732680543125166,105.67366334170237,-30.90868843184013,97.25822910897226,0.11621879569533747,S230518h,15883,97.25822910897226
35880,83.6283185840708,5.154185022026442,84.04225967976417,5.566051321614404,84.0417230481898,4.742051494942347,83.21491411995183,4.742051494942347,83.21437748837745,5.566051321614404,97.18995496853782,0.11613721145870147,S230518h,35880,97.18995496853782
3433,113.49753694581281,-63.83259911894273,114.41824821641002,-63.417628049865435,114.44559313621603,-64.2415398069641,112.54948075540962,-64.24153980696411,112.57682567521564,-63.417628049865435,96.76566976134008,0.11563021152395436,S230518h,3433,96.76566976134008
11818,107.99999999999999,-40.04405286343612,108.53493594961934,-39.63081546104941,108.54144059384984,-40.4548004146187,107.45855940615017,-40.4548004146187,107.46506405038066,-39.63081546104941,96.36147911799011,0.11514722360373607,S230518h,11818,96.36147911799011
16667,105.45454545454547,-29.735682819383257,105.92707980323092,-29.32284014850105,105.93097764692908,-30.146833197483716,104.9781132621619,-30.146833197483723,104.98201110586005,-29.322840148501058,96.01327533086224,0.11473113722043153,S230518h,16667,96.01327533086224
3638,113.68421052631578,-63.039647577092516,114.58022707447998,-62.62477613751,114.60592076519015,-63.44869379522385,112.76250028744147,-63.44869379522385,112.78819397815164,-62.62477613751,96.005647730928,0.11472202261402213,S230518h,3638,96.005647730928
14,67.5,-88.41409691629956,79.15412242737382,-87.96006722777081,86.8405966314363,-88.75592005290403,48.159403368564654,-88.75592005290405,55.84587757262678,-87.96006722777081,95.97752408468958,0.11468841624131376,S230518h,14,95.97752408468958
33615,85.6387665198238,1.1894273127753414,86.05091684265669,1.6013965530507872,86.05079379402379,0.7773965622341495,85.22673924562386,0.7773965622341497,85.22661619699096,1.6013965530507872,95.95461676228607,0.1146610431187849,S230518h,33615,95.95461676228607
36331,82.83185840707965,5.947136563876657,83.24639827052523,6.358982140090027,83.24577768999545,5.53498237126681,82.41793912416388,5.53498237126681,82.41731854363411,6.358982140090027,95.65429779518614,0.11430217673801094,S230518h,36331,95.65429779518614
24194,95.34246575342466,-15.462555066079286,95.769088990113,-15.05014612433696,95.7707895868993,-15.874144494227743,94.91414191995005,-15.874144494227744,94.91584251673636,-15.05014612433696,95.57983124165665,0.11421319287258314,S230518h,24194,95.57983124165665
87,92.57142857142857,-86.0352422907489,97.95418420619902,-85.60392149454684,99.19042486820433,-86.42347525027024,85.95243227465316,-86.42347525027024,87.18867293665842,-85.60392149454684,95.449554186089,0.11405751820480935,S230518h,87,95.449554186089
27293,92.41071428571429,-9.911894273127745,92.82843204283603,-9.499635754784482,92.82948311810263,-10.32363510429469,91.99194545332598,-10.32363510429469,91.99299652859258,-9.499635754784482,95.30936901903183,0.11389000383158876,S230518h,27293,95.30936901903183
12169,107.79661016949153,-39.2511013215859,108.32553469124785,-38.837898089585806,108.33178653980953,-39.661883867452254,107.26143379917357,-39.661883867452254,107.26768564773523,-38.837898089585806,95.30565553735401,0.11388556640380103,S230518h,12169,95.30565553735401
35879,82.83185840707965,5.154185022026442,83.24579950277302,5.566051321614404,83.24526287119865,4.742051494942347,82.4184539429607,4.742051494942347,82.4179173113863,5.566051321614404,95.28053164171573,0.11385554458538004,S230518h,35879,95.28053164171573
10127,110.51671732522797,-44.008810572687224,111.08558919441784,-43.59538955550737,111.09354724651077,-44.41936967656474,109.93988740394522,-44.41936967656474,109.94784545603815,-43.59538955550737,95.13599498055198,0.11368283039092916,S230518h,10127,95.13599498055198
11473,110.28901734104046,-40.83700440528634,110.83020777028531,-40.423732040098,110.8369767241113,-41.24771612592214,109.74105795796964,-41.247716125922146,109.74782691179566,-40.423732040098,95.12464806200437,0.1136692713818814,S230518h,11473,95.12464806200437
4065,114.54545454545455,-61.45374449339207,115.39632118046215,-61.039057179792515,115.41911396707694,-61.8629851909482,113.6717951238322,-61.8629851909482,113.69458791044697,-61.03905717979253,95.02452488457648,0.11354962911398835,S230518h,4065,95.02452488457648
9801,110.76923076923076,-44.801762114537446,111.34575442218939,-44.3883014891219,111.35404754020381,-45.2122804783793,110.18441399825774,-45.2122804783793,110.19270711627217,-44.38830148912191,94.74113445041255,0.11321099149666952,S230518h,9801,94.74113445041255
741,122.47422680412372,-78.1057268722467,124.40650134695758,-77.68692818611869,124.54298977639249,-78.51044785863185,120.40546383185506,-78.51044785863185,120.54195226128996,-77.68692818611869,94.6572896859121,0.11311080113082723,S230518h,741,94.6572896859121
4286,113.60000000000001,-60.66079295154186,114.4301866119707,-60.24619094539275,114.45170127315856,-61.07012351165851,112.74829872684151,-61.07012351165851,112.76981338802938,-60.24619094539275,94.52052776764188,0.11294737737137814,S230518h,4286,94.52052776764188
21177,98.25882352941177,-21.01321585903083,98.698957502406,-20.60064842167404,98.70139570074579,-21.424645278266137,97.81625135807778,-21.42464527826614,97.81868955641757,-20.60064842167404,94.39807417193505,0.11280105135298368,S230518h,21177,94.39807417193505
5730,114.86381322957197,-55.903083700440526,115.5909961824842,-55.48891864894875,115.60660916179333,-56.312872163536376,114.12101729735068,-56.312872163536376,114.13663027665979,-55.48891864894875,94.31066770781156,0.1126966049314368,S230518h,5730,94.31066770781156
34975,84.2384105960265,3.568281938325999,84.65139603710534,3.9801895252945707,84.65102582822941,3.156189608135211,83.8257953638236,3.156189608135211,83.82542515494767,3.9801895252945707,94.24617209507814,0.11261953584938397,S230518h,34975,94.24617209507814
26851,96.64429530201343,-10.704845814977972,97.06302283518646,-10.292566172931739,97.06416277719288,-11.116565411638506,96.22442782683402,-11.116565411638506,96.22556776884042,-10.292566172931739,94.19737589432926,0.11256122679175977,S230518h,26851,94.19737589432926
5989,114.98098859315587,-55.110132158590304,115.69389103601485,-54.69602971448929,115.70874560527905,-55.51998590579551,114.25323158103275,-55.519985905795515,114.26808615029695,-54.69602971448929,94.11238875147869,0.11245967134002917,S230518h,5989,94.11238875147869
34977,85.82781456953643,3.568281938325999,86.24080001061527,3.9801895252945707,86.24042980173935,3.1561896081352105,85.41519933733353,3.1561896081352105,85.41482912845761,3.9801895252945707,94.09413302366077,0.11243785664402886,S230518h,34977,94.09413302366077
46,310.90909090909093,-87.62114537444934,319.3099003065369,-87.17891333780612,322.7420869667998,-87.99048668489942,299.07609485138266,-87.99048668489942,302.50828151164535,-87.17891333780612,93.97755600802412,0.11229855284951018,S230518h,46,93.97755600802412
13245,107.50684931506848,-36.87224669603523,108.01909736305399,-36.45914160241839,108.02465291564044,-37.2831296171916,106.98904571449654,-37.2831296171916,106.99460126708301,-36.45914160241839,93.9496552602952,0.11226521282954723,S230518h,13245,93.9496552602952
477,109.36708860759495,-80.48458149779735,111.75546540916736,-80.06411137054322,111.96929736100705,-80.88735279819687,106.764879854183,-80.88735279819687,106.97871180602269,-80.06411137054322,93.79813403521233,0.11208415242506789,S230518h,477,93.79813403521233
9163,111.64556962025317,-46.38766519823788,112.2383798527515,-45.97412203082243,112.24739645031835,-46.79809855924331,111.04374279018803,-46.79809855924331,111.05275938775488,-45.97412203082243,93.65584104533396,0.11191411930734554,S230518h,9163,93.65584104533396
35427,83.44370860927152,4.361233480176214,83.85713173118252,4.7731204473116815,83.85667852952491,3.949120571219757,83.03073868901816,3.949120571219757,83.03028548736056,4.7731204473116815,93.62265012323408,0.11187445778944824,S230518h,35427,93.62265012323408
23327,100.13793103448275,-17.04845814977973,100.56791875705338,-16.636004903881325,100.56981927848572,-17.460002900567098,99.7060427904798,-17.460002900567098,99.70794331191215,-16.636004903881325,93.60392267140095,0.11185207940647306,S230518h,23327,93.60392267140095
90,123.42857142857143,-86.0352422907489,128.81132706334185,-85.60392149454682,130.04756772534716,-86.42347525027023,116.80957513179604,-86.42347525027024,118.04581579380127,-85.60392149454684,93.3915045901653,0.1115982502568855,S230518h,90,93.3915045901653
403,110.0,-81.27753303964757,112.59344440910303,-80.85631496766386,112.84811268417525,-81.67940943737075,107.15188731582491,-81.67940943737075,107.40655559089711,-80.85631496766386,93.0563159196041,0.11119771629713494,S230518h,403,93.0563159196041
13612,108.29268292682926,-36.07929515418502,108.79979429628716,-35.666221432287486,108.80513636715719,-36.49021012135984,107.78022948650136,-36.49021012135984,107.78557155737138,-35.666221432287486,93.03486582794153,0.11117208449360103,S230518h,13612,93.03486582794153
4066,116.18181818181817,-61.45374449339207,117.0326848168258,-61.03905717979253,117.05547760344055,-61.8629851909482,115.30815876019585,-61.8629851909482,115.3309515468106,-61.03905717979253,92.80180526241189,0.11089358859152593,S230518h,4066,92.80180526241189
10790,108.96142433234422,-42.42290748898678,109.51589789191694,-42.009562651243314,109.52323321203646,-42.83354485987371,108.39961545265203,-42.83354485987371,108.40695077277154,-42.009562651243314,92.77230005802784,0.11085833132484861,S230518h,10790,92.77230005802784
26405,96.8609865470852,-11.497797356828187,97.28080935147442,-11.085496484628662,97.28203929896513,-11.909495603172155,96.43993379520532,-11.909495603172155,96.44116374269603,-11.085496484628663,92.63354435731915,0.11069252509354084,S230518h,26405,92.63354435731915
1293,113.38582677165356,-74.1409691629956,114.85596641580145,-73.72388440822797,114.93229080827648,-74.54762039818306,111.83936273503075,-74.54762039818306,111.91568712750576,-73.72388440822797,92.55680199591468,0.11060082174974202,S230518h,1293,92.55680199591468
1698,114.20689655172414,-71.76211453744493,115.49503579061208,-71.3457156953099,115.5524918356443,-72.16951947469762,112.86130126780407,-72.16951947469762,112.91875731283628,-71.3457156953099,92.5144511547906,0.11055021457955995,S230518h,1698,92.5144511547906
5228,115.1417004048583,-57.48898678414097,115.89968286801569,-57.074688612831366,115.916980492444,-57.89863616625649,114.36642031727263,-57.89863616625649,114.38371794170094,-57.074688612831366,92.04356785950093,0.10998753222359908,S230518h,5228,92.04356785950093
34068,84.84581497797357,1.9823788546255565,85.25816432534377,2.394327570211,85.25795911327191,1.5703275957333778,84.43367084267527,1.5703275957333775,84.4334656306034,2.394327570211,91.9906950241969,0.10992435178837702,S230518h,34068,91.9906950241969
942,112.29357798165137,-76.51982378854626,114.00903305947023,-76.10182559649995,114.11506942745466,-76.92545477824902,110.47208653584818,-76.92545477824902,110.57812290383261,-76.10182559649995,91.93344160780693,0.1098559367744163,S230518h,942,91.93344160780693
11471,108.20809248554914,-40.83700440528634,108.74928291479401,-40.423732040098,108.75605186861999,-41.24771612592214,107.66013310247834,-41.24771612592214,107.66690205630432,-40.423732040098,91.58843061527334,0.10944366562346843,S230518h,11471,91.58843061527334
19920,103.34928229665071,-23.3920704845815,103.79678373266087,-22.979431705267228,103.7995763646242,-23.803427718976764,102.89898822867724,-23.803427718976767,102.90178086064059,-22.97943170526723,91.54715431508056,0.10939434247679887,S230518h,19920,91.54715431508056
2854,118.06451612903226,-66.21145374449338,119.06944938991947,-65.79614754145068,119.10277322210385,-66.62003790248761,117.02625903596072,-66.62003790248761,117.05958286814511,-65.7961475414507,91.50685406508943,0.10934618566206863,S230518h,2854,91.50685406508943
25,315.0,-88.41409691629956,326.6541224273738,-87.96006722777081,334.3405966314363,-88.75592005290403,295.65940336856465,-88.75592005290405,303.34587757262676,-87.96006722777081,91.42062542099735,0.1092431466774744,S230518h,25,91.42062542099735
9479,110.25,-45.59471365638766,110.83449754980956,-45.181212334793095,110.8431430844053,-46.00519012804661,109.65685691559473,-46.00519012804661,109.66550245019047,-45.1812123347931,91.39218834251557,0.1092091657686657,S230518h,9479,91.39218834251557
2852,114.19354838709678,-66.21145374449338,115.19848164798398,-65.79614754145068,115.23180548016839,-66.62003790248761,113.15529129402523,-66.62003790248761,113.18861512620963,-65.79614754145068,91.27656831421193,0.10907100552689682,S230518h,2852,91.27656831421193
8851,112.28295819935691,-47.1806167400881,112.88443781782337,-46.767030511068754,112.89384554096333,-47.59100570076907,111.67207085775054,-47.59100570076907,111.6814785808905,-46.767030511068754,91.12851981056441,0.10889409485356825,S230518h,8851,91.12851981056441
335,109.09090909090908,-82.0704845814978,111.92850526907473,-81.64837791299924,112.23686341442908,-82.47127912354311,105.94495476738926,-82.47127912354311,106.25331291274358,-81.64837791299924,91.09078449237501,0.10884900300606773,S230518h,335,91.09078449237501
149,316.0975609756098,-85.24229074889868,320.66023185410893,-84.8139342246618,321.51849823084586,-85.63485327447668,310.67662372037404,-85.63485327447668,311.5348900971109,-84.8139342246618,91.08186343294841,0.10883834277924287,S230518h,149,91.08186343294841
3850,116.07476635514017,-62.24669603524229,116.94754094276215,-61.83191903806384,116.97172233596991,-62.65584209553191,115.17781037431045,-62.65584209553192,115.20199176751825,-61.83191903806384,90.9858805137968,0.1087236479161622,S230518h,3850,90.9858805137968
4515,116.88311688311687,-59.86784140969163,117.69375635455137,-59.45332067790705,117.71409187628592,-60.27725744202728,116.05214188994788,-60.27725744202729,116.0724774116824,-59.45332067790705,90.8024677985111,0.10850447875093061,S230518h,4515,90.8024677985111
9162,110.50632911392405,-46.38766519823788,111.09913934642238,-45.97412203082242,111.10815594398923,-46.7980985592433,109.90450228385892,-46.79809855924331,109.91351888142576,-45.97412203082243,90.48201681875493,0.10812155560614535,S230518h,9162,90.48201681875493
1173,121.98347107438018,-74.93392070484582,123.52690795798972,-74.51656193148142,123.6115901464894,-75.34026788245248,120.35535200227106,-75.34026788245248,120.4400341907707,-74.51656193148142,90.44543763857997,0.10807784528665461,S230518h,1173,90.44543763857997
109,318.85714285714283,-86.0352422907489,324.23989849191327,-85.60392149454682,325.47613915391855,-86.42347525027023,312.23814656036745,-86.42347525027024,313.4743872223727,-85.60392149454684,90.36474343732935,0.10798141968879146,S230518h,109,90.36474343732935
29991,89.20353982300885,-5.154185022026429,89.61694428712785,-4.7420514949423325,89.61748091870223,-5.56605132161439,88.78959872731551,-5.56605132161439,88.79013535888988,-4.7420514949423325,90.2053073906064,0.10779090146210436,S230518h,29991,90.2053073906064
13982,108.09651474530831,-35.2863436123348,108.59868665126486,-34.873300645065186,108.60382361904617,-35.697289976030866,107.58920587157047,-35.69728997603087,107.59434283935181,-34.873300645065186,90.03381548784864,0.10758597708097384,S230518h,13982,90.03381548784864
3849,114.39252336448598,-62.24669603524229,115.26529795210796,-61.83191903806384,115.28947934531575,-62.65584209553192,113.49556738365627,-62.65584209553192,113.51974877686405,-61.83191903806384,89.81253136336841,0.10732155344619045,S230518h,3849,89.81253136336841
10456,109.18918918918918,-43.215859030837,109.75071585561209,-42.80247659158062,109.75835500502768,-43.62645778446824,108.6200233733507,-43.62645778446824,108.6276625227663,-42.80247659158062,89.67575063898556,0.10715810721436261,S230518h,10456,89.67575063898556
29540,90.0,-5.947136563876644,90.4139192829158,-5.534982371266796,90.41453986344557,-6.358982140090014,89.58546013655446,-6.358982140090014,89.58608071708423,-5.534982371266796,89.39821411767556,0.10682646473471205,S230518h,29540,89.39821411767556
23762,99.67963386727689,-16.255506607929515,100.10789172481391,-15.843075601114814,100.10969133407714,-16.66707378996048,99.24957640047666,-16.66707378996048,99.2513760097399,-15.843075601114814,89.26955353067063,0.10667272166729085,S230518h,23762,89.26955353067063
37232,81.41906873614191,7.533039647577099,81.83505092258528,7.944843576662147,81.83426055305688,7.120843949196929,81.00387691922697,7.120843949196929,81.00308654969858,7.944843576662147,88.97959716514406,0.106326238085239,S230518h,37232,88.97959716514406
12526,109.60893854748603,-38.45814977973568,110.13208432503086,-38.04497996500043,110.13809416612415,-38.86896652628231,109.07978292884796,-38.86896652628231,109.08579276994126,-38.04497996500042,88.79410213317638,0.10610458065408634,S230518h,12526,88.79410213317638
33161,85.6387665198238,0.3964757709251138,86.05079688630983,0.8084655200133551,86.05075588319137,-0.015534478966531807,85.22677715645627,-0.01553447896653181,85.22673615333782,0.8084655200133551,88.69379330855898,0.10598471654694136,S230518h,33161,88.69379330855898
11129,109.4736842105263,-41.629955947136565,110.02138323655147,-41.21664778497281,110.02842879890866,-42.04063095682296,108.91893962214398,-42.040630956822966,108.92598518450116,-41.216647784972814,88.60937255556723,0.10588383790320828,S230518h,11129,88.60937255556723
5476,114.28571428571429,-56.69603524229075,115.02790657433862,-56.28180501119689,115.0443321158315,-57.10575565291883,113.52709645559712,-57.10575565291883,113.54352199709,-56.28180501119689,88.22394476662826,0.10542327067030283,S230518h,5476,88.22394476662826
6252,112.83582089552239,-54.31718061674009,113.53512422927035,-53.903138379742344,113.54926976139755,-54.727097068783834,112.12237202964724,-54.727097068783834,112.13651756177444,-53.903138379742344,88.21031210887125,0.10540698031542836,S230518h,6252,88.21031210887125
29996,93.18584070796462,-5.154185022026429,93.59924517208361,-4.7420514949423325,93.59978180365799,-5.566051321614391,92.77189961227127,-5.56605132161439,92.77243624384565,-4.7420514949423325,88.07364544808765,0.10524367038398619,S230518h,29996,88.07364544808765
170,122.55319148936171,-84.44933920704845,126.51293646978179,-84.02316364812863,127.14325769892183,-84.84490493230915,117.96312527980183,-84.84490493230915,118.59344650894181,-84.02316364812863,88.06981403126414,0.1052390920295054,S230518h,170,88.06981403126414
9802,111.87692307692308,-44.801762114537446,112.45344672988172,-44.38830148912191,112.46173984789613,-45.212280478379306,111.29210630595007,-45.212280478379306,111.30039942396449,-44.3883014891219,88.02440071873563,0.10518482535676262,S230518h,9802,88.02440071873563
31801,87.22466960352423,-1.9823788546255436,87.63681373882257,-1.570327595733365,87.63701895089444,-2.3943275702109865,86.81232025615407,-2.3943275702109865,86.81252546822593,-1.570327595733365,87.55927725814477,0.1046290257197062,S230518h,31801,87.55927725814477
14355,107.23404255319149,-34.49339207048458,107.73146463802013,-34.08037927022354,107.73640438163241,-34.9043692124224,106.73168072475057,-34.904369212422395,106.73662046836287,-34.08037927022353,87.30535687071179,0.10432560335740007,S230518h,14355,87.30535687071179
8850,111.12540192926046,-47.1806167400881,111.72688154772692,-46.767030511068754,111.73628927086688,-47.59100570076906,110.51451458765408,-47.59100570076906,110.52392231079403,-46.76703051106875,87.08322151170371,0.10406016253926277,S230518h,8850,87.08322151170371
12883,107.70083102493076,-37.665198237885456,108.21842101930619,-37.25206112430853,108.22419896931537,-38.07604843049503,107.17746308054619,-38.07604843049503,107.18324103055535,-37.25206112430854,87.07703171581392,0.1040527660379024,S230518h,12883,87.07703171581392
561,122.82352941176471,-79.69162995594714,125.03726979051083,-79.27179828196577,125.21932085211546,-80.09515405775674,120.42773797141406,-80.09515405775674,120.6097890330187,-79.27179828196577,87.01447338786856,0.10397801191579745,S230518h,561,87.01447338786856
2156,112.63803680981596,-69.38325991189427,113.78602890097564,-68.96739668573589,113.8307581763272,-69.79124615397053,111.44531544330479,-69.79124615397053,111.49004471865635,-68.96739668573589,86.92730317086287,0.10387384779792572,S230518h,2156,86.92730317086287
20338,102.85714285714286,-22.599118942731273,103.30207582980086,-22.186504209500658,103.30474728458958,-23.010500518546078,102.40953842969616,-23.010500518546078,102.41220988448488,-22.186504209500654,86.79422246346131,0.10371482290423611,S230518h,20338,86.79422246346131
7360,112.89198606271778,-51.14537444933921,113.54289315481702,-50.7315519928474,113.55461735199509,-51.55551916629976,112.22935477344052,-51.55551916629976,112.24107897061859,-50.7315519928474,86.67186099663238,0.10356860697531518,S230518h,7360,86.67186099663238
14353,105.31914893617022,-34.49339207048458,105.81657102099885,-34.08037927022353,105.82151076461115,-34.9043692124224,104.81678710772931,-34.9043692124224,104.82172685134161,-34.08037927022353,86.49923157182451,0.10336232331133575,S230518h,14353,86.49923157182451
29094,94.19068736141907,-6.740088105726872,94.60520223597234,-6.327913192083609,94.60590736763048,-7.1519128945390875,93.77546735520768,-7.151912894539087,93.7761724868658,-6.327913192083609,86.49546036227855,0.10335781690158759,S230518h,29094,86.49546036227855
24199,99.45205479452055,-15.462555066079286,99.87867803120888,-15.05014612433696,99.88037862799519,-15.874144494227743,99.02373096104594,-15.874144494227743,99.02543155783223,-15.05014612433696,86.32203577789755,0.10315058306106453,S230518h,24199,86.32203577789755
2492,113.14285714285712,-67.79735682819383,114.21415692720247,-67.38179061975697,114.25257466025847,-68.20566272627582,112.03313962545583,-68.20566272627582,112.07155735851184,-67.38179061975697,86.08239162150156,0.10286422009201888,S230518h,2492,86.08239162150156
4745,112.88135593220338,-59.0748898678414,113.67349573501538,-58.66044668574083,113.69274106228072,-59.484387326551065,112.0699708021261,-59.484387326551065,112.08921612939143,-58.66044668574083,86.04120381161341,0.10281500268690691,S230518h,4745,86.04120381161341
28189,91.2,-8.325991189427315,91.61595076923501,-7.913774634311463,91.61682714958935,-8.737774178046251,90.78317285041066,-8.737774178046251,90.78404923076499,-7.913774634311461,86.01251920491318,0.10278072599406315,S230518h,28189,86.01251920491318
10458,111.35135135135134,-43.215859030837,111.91287801777425,-42.80247659158062,111.92051716718984,-43.62645778446824,110.78218553551287,-43.62645778446824,110.78982468492845,-42.80247659158062,85.98977209436683,0.10275354431681626,S230518h,10458,85.98977209436683
4984,114.54545454545455,-58.281938325991185,115.32006518913994,-57.86756924693668,115.33830046476376,-58.69151347490754,113.75260862614536,-58.69151347490754,113.7708439017692,-57.86756924693668,85.94367080325998,0.10269845554354201,S230518h,4984,85.94367080325998
25072,94.47963800904976,-13.876651982378856,94.90327101157216,-13.464286690031539,94.90477880264751,-14.288285389890964,94.05449721545205,-14.288285389890964,94.0560050065274,-13.464286690031539,85.87727959100798,0.10261912131338617,S230518h,25072,85.87727959100798
148,307.31707317073176,-85.24229074889868,311.8797440492309,-84.8139342246618,312.73801042596784,-85.63485327447668,301.896135915496,-85.63485327447668,302.75440229223295,-84.8139342246618,85.75223434481384,0.10246969840024814,S230518h,148,85.75223434481384
2495,119.31428571428569,-67.79735682819383,120.38558549863104,-67.38179061975698,120.42400323168704,-68.20566272627582,118.2045681968844,-68.20566272627582,118.24298592994042,-67.38179061975698,85.59393298423264,0.10228053606763905,S230518h,2495,85.59393298423264
837,111.84466019417475,-77.31277533039648,113.66190940784516,-76.89440067984016,113.78174650467454,-77.71798023642799,109.90757388367506,-77.71798023642799,110.02741098050446,-76.89440067984016,85.57939901143887,0.10226316868566804,S230518h,837,85.57939901143887
648,122.63736263736263,-78.89867841409692,124.70062267476088,-78.4793982941756,124.85745601041063,-79.30284478864927,120.41726926431474,-79.30284478864927,120.57410259996449,-78.4793982941756,85.52766495656729,0.1022013490369998,S230518h,648,85.52766495656729
13,45.0,-88.41409691629956,56.65412242737382,-87.96006722777081,64.3405966314363,-88.75592005290403,25.65940336856465,-88.75592005290405,33.34587757262678,-87.96006722777081,85.47809176997251,0.10214211151954129,S230518h,13,85.47809176997251
11820,110.05714285714285,-40.04405286343612,110.5920788067622,-39.6308154610494,110.5985834509927,-40.4548004146187,109.51570226329304,-40.4548004146187,109.52220690752354,-39.630815461049394,85.46937573589983,0.10213169628792083,S230518h,11820,85.46937573589983
5227,113.68421052631578,-57.48898678414097,114.44219298947318,-57.074688612831366,114.4594906139015,-57.89863616625649,112.90893043873012,-57.89863616625649,112.92622806315842,-57.074688612831366,85.45592217318494,0.10211561994280474,S230518h,5227,85.45592217318494
48,343.6363636363636,-87.62114537444934,352.03717303380967,-87.17891333780612,355.4693596940725,-87.99048668489942,331.8033675786554,-87.99048668489942,335.23555423891804,-87.17891333780612,85.25996333529368,0.1018814587787138,S230518h,48,85.25996333529368
8240,112.05298013245033,-48.76651982378854,112.67294723326633,-48.352843534885146,112.68320374722774,-49.176815802767905,111.42275651767297,-49.176815802767905,111.43301303163437,-48.352843534885146,85.1492039116371,0.10174910672020722,S230518h,8240,85.1492039116371
26846,92.61744966442953,-10.704845814977972,93.03617719760257,-10.292566172931743,93.03731713960897,-11.116565411638506,92.19758218925011,-11.116565411638506,92.19872213125652,-10.292566172931743,84.9917734756255,0.1015609850995826,S230518h,26846,84.9917734756255
2672,119.33701657458563,-67.00440528634361,120.37397322136762,-66.58897323601025,120.40971260576201,-67.41285494292622,118.26432054340935,-67.41285494292622,118.3000599278037,-66.58897323601025,84.90534283351008,0.10145770473729496,S230518h,2672,84.90534283351008
2324,119.28994082840237,-68.59030837004406,120.39815568637889,-68.17459878462347,120.4395542352775,-68.99846020179434,118.1403274215273,-68.99846020179434,118.18172597042589,-68.17459878462347,84.71863929687322,0.10123460320255816,S230518h,2324,84.71863929687322
8543,111.76470588235294,-47.97356828193832,112.37523086788491,-47.55993770453136,112.38505132968386,-48.38391147608005,111.14436043502205,-48.38391147608005,111.15418089682099,-47.55993770453135,84.67813252670113,0.10118619960637881,S230518h,8543,84.67813252670113
37233,82.21729490022173,7.533039647577099,82.63327708666509,7.944843576662147,82.6324867171367,7.120843949196929,81.80210308330678,7.120843949196929,81.80131271377839,7.944843576662147,84.63912919081,0.1011395925401501,S230518h,37233,84.63912919081
10792,111.0979228486647,-42.42290748898678,111.65239640823741,-42.00956265124332,111.65973172835693,-42.83354485987371,110.5361139689725,-42.83354485987371,110.54344928909201,-42.009562651243314,84.46868448759167,0.10093591951091484,S230518h,10792,84.46868448759167
1425,121.80451127819549,-73.34801762114537,123.20825501429555,-72.93118208543437,123.27738639543921,-73.75494392316726,120.33163616095185,-73.75494392316726,120.4007675420955,-72.93118208543437,84.35000578547837,0.10079410430452403,S230518h,1425,84.35000578547837
35430,85.82781456953643,4.361233480176214,86.24123769144742,4.7731204473116815,86.24078448978982,3.9491205712197575,85.41484464928307,3.9491205712197575,85.41439144762546,4.7731204473116815,84.214225602278,0.10063185367015191,S230518h,35430,84.214225602278
6522,113.4065934065934,-53.52422907488987,114.0929357032743,-53.11024480192552,114.10641730527959,-53.9342058250359,112.70676950790725,-53.9342058250359,112.72025110991254,-53.11024480192551,84.03105539162281,0.10041297428601512,S230518h,6522,84.03105539162281
13244,106.52054794520548,-36.87224669603523,107.03279599319099,-36.45914160241839,107.03835154577745,-37.2831296171916,106.00274434463356,-37.2831296171916,106.00829989722001,-36.4591416024184,83.96870619622916,0.10033847006701371,S230518h,13244,83.96870619622916
34521,84.05286343612336,2.775330396475771,84.4654910671368,3.1872585636018265,84.4652034947786,2.363258613664059,83.64052337746813,2.363258613664059,83.64023580510994,3.187258563601827,83.89467812838467,0.10025001017039252,S230518h,34521,83.89467812838467
37682,80.8,8.325991189427315,81.21682714958936,8.737774178046251,81.21595076923501,7.913774634311463,80.384049230765,7.913774634311463,80.38317285041066,8.737774178046251,83.85320261658232,0.10020044897565684,S230518h,37682,83.85320261658232
6796,112.66187050359713,-52.731277533039645,113.33585017174556,-52.31734912509883,113.34870913324788,-53.14131233231502,111.9750318739464,-53.14131233231502,111.98789083544872,-52.31734912509883,83.845597091713,0.10019136074786326,S230518h,6796,83.845597091713
12884,108.69806094182826,-37.665198237885456,109.2156509362037,-37.25206112430853,109.22142888621288,-38.07604843049503,108.17469299744369,-38.07604843049503,108.18047094745285,-37.25206112430853,83.78659496355719,0.10012085610943264,S230518h,12884,83.78659496355719
3436,118.81773399014777,-63.83259911894273,119.73844526074497,-63.417628049865435,119.76579018055101,-64.24153980696411,117.8696777997446,-64.24153980696411,117.8970227195506,-63.417628049865435,83.71413734031992,0.10003427281680301,S230518h,3436,83.71413734031992
10128,111.61094224924013,-44.008810572687224,112.17981411842997,-43.595389555507374,112.1877721705229,-44.41936967656474,111.03411232795736,-44.41936967656474,111.0420703800503,-43.595389555507374,83.46501258961048,0.099736581004289,S230518h,10128,83.46501258961048
840,122.33009708737865,-77.31277533039648,124.14734630104904,-76.89440067984016,124.26718339787843,-77.71798023642799,120.39301077687894,-77.71798023642799,120.51284787370834,-76.89440067984016,83.39440929507717,0.09965221354317072,S230518h,840,83.39440929507717
5477,115.71428571428571,-56.69603524229075,116.45647800291003,-56.28180501119689,116.47290354440291,-57.10575565291883,114.95566788416855,-57.10575565291884,114.97209342566143,-56.28180501119689,83.31514389495865,0.09955749529231955,S230518h,5477,83.31514389495865
124,96.58536585365854,-85.24229074889868,101.14803673215766,-84.8139342246618,102.00630310889461,-85.63485327447668,91.16442859842277,-85.63485327447668,92.02269497515968,-84.8139342246618,83.17004125782476,0.09938410478444774,S230518h,124,83.17004125782476
10126,109.4224924012158,-44.008810572687224,109.99136427040565,-43.595389555507374,109.9993223224986,-44.41936967656474,108.84566247993305,-44.41936967656474,108.85362053202599,-43.595389555507374,83.12824257650969,0.09933415741805422,S230518h,10126,83.12824257650969
7649,113.42465753424658,-50.352422907488986,114.06479050615579,-49.938650771171105,114.07599672580314,-50.762619747751295,112.77331834269008,-50.762619747751295,112.78452456233741,-49.938650771171105,83.01168766554004,0.09919488003752436,S230518h,7649,83.01168766554004
7076,113.21554770318022,-51.93832599118943,113.87772677601002,-51.52445148152203,113.8900009622426,-52.3484167351701,112.54109444411789,-52.3484167351701,112.55336863035048,-51.52445148152203,82.94593795900866,0.09911631237512289,S230518h,7076,82.94593795900866
12171,109.83050847457628,-39.2511013215859,110.3594329963326,-38.837898089585806,110.36568484489426,-39.661883867452254,109.2953321042583,-39.661883867452254,109.30158395281998,-38.837898089585806,82.93493945650177,0.09910316970609104,S230518h,12171,82.93493945650177
37683,81.6,8.325991189427315,82.01682714958936,8.737774178046251,82.01595076923502,7.913774634311463,81.184049230765,7.913774634311463,81.18317285041067,8.737774178046251,82.68578705209124,0.09880544484876565,S230518h,37683,82.68578705209124
23322,96.0,-17.04845814977973,96.42998772257064,-16.63600490388133,96.43188824400299,-17.460002900567098,95.56811175599705,-17.460002900567098,95.5700122774294,-16.63600490388133,82.58897875362972,0.09868976369804361,S230518h,23322,82.58897875362972
22894,100.60046189376443,-17.841409691629956,101.03227655127189,-17.428934021946972,101.03428001080135,-18.252931815023985,100.16664377672753,-18.252931815023988,100.16864723625699,-17.428934021946976,82.37746851627878,0.09843701937720452,S230518h,22894,82.37746851627878
12,22.5,-88.41409691629956,34.15412242737383,-87.96006722777081,41.84059663143631,-88.75592005290403,3.1594033685646634,-88.75592005290405,10.845877572626796,-87.96006722777081,82.32664689988894,0.09837629004760198,S230518h,12,82.32664689988894
36333,84.42477876106196,5.947136563876657,84.83931862450753,6.358982140090028,84.83869804397776,5.53498237126681,84.01085947814619,5.53498237126681,84.01023889761642,6.358982140090028,82.27235676042392,0.09831141600368239,S230518h,36333,82.27235676042392
6254,115.5223880597015,-54.31718061674009,116.22169139344946,-53.90313837974235,116.23583692557668,-54.72709706878384,114.80893919382635,-54.72709706878384,114.82308472595355,-53.90313837974235,82.13898321947772,0.09815204118832335,S230518h,6254,82.13898321947772
558,110.11764705882352,-79.69162995594714,112.33138743756966,-79.27179828196577,112.51343849917428,-80.09515405775674,107.72185561847289,-80.09515405775674,107.90390668007751,-79.27179828196577,82.11771454422535,0.09812662616846836,S230518h,558,82.11771454422535
19086,100.24213075060533,-24.97797356828193,100.69512190493083,-24.565285830496276,100.69816691353539,-25.389281207531052,99.78609458767531,-25.389281207531056,99.78913959627987,-24.565285830496276,82.11251539523779,0.09812041344138593,S230518h,19086,82.11251539523779
59,124.13793103448276,-86.82819383259911,130.70012009378743,-86.39261080599432,132.6318712702749,-87.20964603970096,115.64399079869105,-87.20964603970097,117.57574197517845,-86.39261080599432,82.01373961572847,0.09800238124767223,S230518h,59,82.01373961572847
4985,116.03305785123968,-58.281938325991185,116.80766849492507,-57.86756924693668,116.8259037705489,-58.69151347490755,115.24021193193049,-58.69151347490754,115.25844720755433,-57.86756924693668,82.00898679805172,0.09799670186453302,S230518h,4985,82.00898679805172
9800,109.66153846153846,-44.801762114537446,110.23806211449708,-44.3883014891219,110.2463552325115,-45.212280478379306,109.07672169056544,-45.2122804783793,109.08501480857986,-44.3883014891219,81.93992023153544,0.09791417071774089,S230518h,9800,81.93992023153544
108,308.57142857142856,-86.0352422907489,313.954184206199,-85.60392149454682,315.1904248682043,-86.42347525027023,301.9524322746532,-86.42347525027024,303.1886729366584,-85.60392149454684,81.8396384827507,0.09779433896488299,S230518h,108,81.8396384827507
645,110.76923076923076,-78.89867841409692,112.832490806629,-78.4793982941756,112.98932414227876,-79.30284478864927,108.54913739618289,-79.30284478864927,108.70597073183262,-78.4793982941756,81.8101857299814,0.09775914437530306,S230518h,645,81.8101857299814
6797,113.9568345323741,-52.731277533039645,114.63081420052255,-52.31734912509883,114.64367316202487,-53.14131233231502,113.26999590272338,-53.14131233231502,113.2828548642257,-52.31734912509883,81.59269092944045,0.09749924879607608,S230518h,6797,81.59269092944045
36782,82.21729490022173,6.740088105726872,82.63251490643314,7.1519128945390875,82.63180977477501,6.32791319208361,81.80278002566848,6.327913192083609,81.80207489401035,7.1519128945390875,81.51139003780605,0.0974020982330721,S230518h,36782,81.51139003780605
29089,90.19955654101996,-6.740088105726872,90.61407141557324,-6.327913192083608,90.61477654723137,-7.1519128945390875,89.78433653480857,-7.1519128945390875,89.78504166646671,-6.327913192083608,81.42180944335345,0.09729505383281585,S230518h,29089,81.42180944335345
945,122.20183486238533,-76.51982378854626,123.91728994020417,-76.10182559649995,124.02332630818862,-76.92545477824902,120.38034341658214,-76.92545477824902,120.48637978456655,-76.10182559649996,81.25154948651392,0.09709160156640805,S230518h,945,81.25154948651392
36330,82.03539823008849,5.947136563876657,82.44993809353406,6.358982140090027,82.44931751300429,5.53498237126681,81.62147894717272,5.53498237126681,81.62085836664295,6.358982140090027,81.24692692427733,0.09708607783210726,S230518h,36330,81.24692692427733
276,126.0,-82.86343612334801,129.1331058920265,-82.44025599411538,129.514027504627,-83.26289593133454,122.48597249537319,-83.26289593133454,122.86689410797365,-82.44025599411538,81.13692288348857,0.09695462841893969,S230518h,276,81.13692288348857
5,144.0,-89.20704845814979,162.8776973376072,-88.7265620997138,191.24306542305717,-89.43888621124117,96.75693457694435,-89.43888621124118,125.12230266239374,-88.7265620997138,80.98032273229352,0.09676749894779536,S230518h,5,80.98032273229352
31806,91.18942731277534,-1.9823788546255436,91.60157144807367,-1.570327595733365,91.60177666014553,-2.394327570210987,90.77707796540517,-2.394327570210987,90.77728317747703,-1.570327595733365,80.86300345649869,0.09662730818892963,S230518h,31806,80.86300345649869
74,310.3448275862069,-86.82819383259911,316.9070166455116,-86.39261080599432,318.8387678219991,-87.20964603970096,301.85088735041523,-87.20964603970097,303.7826385269026,-86.39261080599432,80.83976074962469,0.09659953429846974,S230518h,74,80.83976074962469
34072,88.01762114537446,1.9823788546255565,88.42997049274466,2.3943275702109994,88.4297652806728,1.5703275957333775,87.60547701007616,1.5703275957333775,87.6052717980043,2.3943275702109994,80.72570277426027,0.09646324063306226,S230518h,34072,80.72570277426027
26400,92.82511210762331,-11.497797356828187,93.24493491201252,-11.085496484628662,93.24616485950324,-11.909495603172154,92.40405935574343,-11.909495603172154,92.40528930323413,-11.085496484628662,80.36756975698394,0.09603528930855318,S230518h,26400,80.36756975698394
35882,85.2212389380531,5.154185022026442,85.63518003374648,5.566051321614404,85.6346434021721,4.742051494942347,84.80783447393414,4.742051494942347,84.80729784235976,5.566051321614404,80.34609710834117,0.0960096305505384,S230518h,35882,80.34609710834117
75,322.75862068965523,-86.82819383259911,329.3208097489599,-86.39261080599432,331.25256092544737,-87.20964603970096,314.26468045386355,-87.20964603970097,316.1964316303509,-86.39261080599432,80.3071068062325,0.09596303905903808,S230518h,75,80.3071068062325
17866,104.88888888888889,-27.356828193832598,105.35104670378786,-26.944064625256555,105.35449842566827,-27.768058922397096,104.42327935210953,-27.768058922397096,104.42673107398994,-26.94406462525655,80.27245378447296,0.09592163040402767,S230518h,17866,80.27245378447296
34525,87.22466960352423,2.775330396475771,87.63729723453768,3.1872585636018265,87.63700966217948,2.363258613664059,86.812329544869,2.3632586136640596,86.81204197251083,3.187258563601827,80.19247202953423,0.095826056144433,S230518h,34525,80.19247202953423
22889,96.44341801385681,-17.841409691629956,96.87523267136429,-17.428934021946972,96.87723613089375,-18.252931815023988,96.00959989681992,-18.252931815023988,96.01160335634938,-17.428934021946976,80.13659975457078,0.09575929152648241,S230518h,22889,80.13659975457078
17064,105.5639097744361,-28.942731277533042,106.03284383997429,-28.529915367522033,106.03658816495141,-29.353908852689084,105.09123138392079,-29.353908852689077,105.09497570889792,-28.529915367522033,80.11525738783122,0.09573378844892812,S230518h,17064,80.11525738783122
35,130.9090909090909,-87.62114537444934,139.30990030653692,-87.17891333780612,142.74208696679977,-87.99048668489942,119.07609485138263,-87.99048668489942,122.50828151164534,-87.17891333780612,80.1064153014993,0.09572322259106349,S230518h,35,80.1064153014993
5987,112.24334600760456,-55.110132158590304,112.95624845046352,-54.6960297144893,112.97110301972772,-55.51998590579551,111.51558899548144,-55.51998590579551,111.53044356474564,-54.6960297144893,79.6850899388232,0.09521975952480455,S230518h,5987,79.6850899388232
15880,103.38461538461537,-31.3215859030837,103.8647981967592,-30.908688431840126,103.86901897777273,-31.732680543125166,102.90021179145806,-31.732680543125166,102.90443257247159,-30.908688431840126,79.66066046043179,0.09519056750080693,S230518h,15880,79.66066046043179
7648,112.1917808219178,-50.352422907488986,112.83191379382701,-49.938650771171105,112.84312001347436,-50.76261974775129,111.54044163036129,-50.76261974775129,111.55164785000862,-49.938650771171105,79.39244544140136,0.09487006375747646,S230518h,7648,79.39244544140136
36783,83.01552106430155,6.740088105726872,83.43074107051297,7.1519128945390875,83.43003593885483,6.327913192083609,82.6010061897483,6.327913192083609,82.60030105809017,7.1519128945390875,79.1724568889181,0.09460718826744756,S230518h,36783,79.1724568889181
248,313.33333333333337,-83.65638766519824,316.83131396864405,-83.23188432017895,317.31367848766666,-84.05415885427023,309.35298817900036,-84.05415885427023,309.835352698023,-83.23188432017895,79.12069108438868,0.09454533067950126,S230518h,248,79.12069108438868
20754,98.72340425531914,-21.80616740088106,99.16588234115825,-21.393576443810286,99.16843570984997,-22.217573033637223,98.27837280078835,-22.217573033637223,98.28092616948005,-21.39357644381029,79.02295947735233,0.09442854622048742,S230518h,20754,79.02295947735233
15493,103.52331606217618,-32.114537444933916,104.0075573430055,-31.701611891991256,104.01194818675881,-32.52560349957452,103.03468393759358,-32.52560349957452,103.03907478134691,-31.701611891991256,78.98374159077656,0.09438168277675306,S230518h,15493,78.98374159077656
11130,110.52631578947367,-41.629955947136565,111.07401481549884,-41.21664778497281,111.08106037785603,-42.040630956822966,109.97157120109135,-42.040630956822966,109.97861676344853,-41.21664778497281,78.62105756327999,0.09394829321908017,S230518h,11130,78.62105756327999
1560,121.72661870503597,-72.55506607929516,123.06994968539016,-72.13845826697556,123.13284592839004,-72.96224250578142,120.32039148168197,-72.96224250578142,120.38328772468184,-72.13845826697556,78.55950596984543,0.09387474209515338,S230518h,1560,78.55950596984543
24632,94.90909090909089,-14.669603524229071,95.33417305987273,-14.257216483938352,95.33577642273768,-15.081215024070618,94.48240539544415,-15.081215024070614,94.48400875830909,-14.257216483938352,78.25325079565708,0.09350878223915235,S230518h,24632,78.25325079565708
8544,112.94117647058822,-47.97356828193832,113.55170145612021,-47.55993770453136,113.56152191791914,-48.38391147608005,112.32083102325734,-48.38391147608005,112.33065148505628,-47.55993770453136,78.12193777455832,0.09335186964357017,S230518h,8544,78.12193777455832
9164,112.78481012658229,-46.38766519823788,113.37762035908062,-45.97412203082243,113.38663695664746,-46.79809855924331,112.18298329651715,-46.79809855924331,112.19199989408399,-45.97412203082243,78.03776988771658,0.09325129316243758,S230518h,9164,78.03776988771658
13246,108.4931506849315,-36.87224669603523,109.005398732917,-36.45914160241839,109.01095428550346,-37.2831296171916,107.97534708435957,-37.28312961719159,107.98090263694603,-36.45914160241839,77.87247820515991,0.0930537777392062,S230518h,13246,77.87247820515991
1997,112.35668789808918,-70.17621145374449,113.54765509143313,-69.76018311462353,113.59612212185776,-70.58401916889025,111.11725367432065,-70.58401916889025,111.1657207047453,-69.76018311462353,77.79565371389566,0.09296197625426826,S230518h,1997,77.79565371389566
3236,118.18181818181817,-64.62555066079294,119.12881031389232,-64.2104742942904,119.15796305266805,-65.03437958642247,117.20567331096835,-65.03437958642247,117.23482604974409,-64.2104742942904,77.71027834360085,0.09285995688985449,S230518h,3236,77.71027834360085
5731,116.26459143968872,-55.903083700440526,116.99177439260095,-55.48891864894875,117.00738737191007,-56.312872163536376,115.52179550746742,-56.312872163536376,115.53740848677651,-55.48891864894875,77.56673743738327,0.09268843257354256,S230518h,5731,77.56673743738327
3042,118.12499999999999,-65.41850220264317,119.10000945105462,-65.00331432903268,119.13114714988906,-65.82721251795017,117.11885285011095,-65.82721251795017,117.1499905489454,-65.00331432903268,77.06879561082872,0.09209341660483039,S230518h,3042,77.06879561082872
16274,106.25954198473282,-30.528634361233472,106.73582425083275,-30.115764510139417,106.73988080928203,-30.93975710151346,105.77920316018364,-30.939757101513468,105.7832597186329,-30.115764510139417,76.9850895042181,0.09199339192834022,S230518h,16274,76.9850895042181
6523,114.72527472527472,-53.52422907488987,115.4116170219556,-53.11024480192551,115.42509862396092,-53.9342058250359,114.02545082658857,-53.93420582503591,114.03893242859385,-53.11024480192551,76.77848734289609,0.0917465125167277,S230518h,6523,76.77848734289609
11128,108.42105263157893,-41.629955947136565,108.9687516576041,-41.2166477849728,108.9757972199613,-42.04063095682296,107.86630804319661,-42.04063095682296,107.87335360555379,-41.2166477849728,76.76452978837133,0.09172983392621069,S230518h,11128,76.76452978837133
7942,112.72727272727272,-49.559471365638764,113.35710109197464,-49.14574791996211,113.36781883978522,-49.96971859197704,112.08672661476027,-49.96971859197704,112.09744436257083,-49.14574791996212,76.70442601940385,0.09165801288124467,S230518h,7942,76.70442601940385
17,135.0,-88.41409691629956,146.65412242737384,-87.96006722777081,154.3405966314363,-88.75592005290403,115.65940336856465,-88.75592005290405,123.34587757262678,-87.96006722777081,76.69938622310467,0.0916519905727798,S230518h,17,76.69938622310467
32259,90.39647577092511,-1.1894273127753288,90.8085030451251,-0.7773965622341367,90.808626093758,-1.6013965530507746,89.98432544809226,-1.6013965530507746,89.98444849672515,-0.7773965622341366,76.56844506066837,0.0914955223299924,S230518h,32259,76.56844506066837
307,312.0,-82.86343612334801,315.1331058920265,-82.44025599411538,315.51402750462694,-83.26289593133454,308.4859724953732,-83.26289593133454,308.8668941079736,-82.44025599411538,76.53514666044279,0.09145573238102611,S230518h,307,76.53514666044279
9,288.0,-89.20704845814979,306.8776973376072,-88.7265620997138,335.2430654230572,-89.43888621124117,240.75693457694436,-89.43888621124118,269.12230266239374,-88.7265620997138,76.49141082681663,0.0914034702129882,S230518h,9,76.49141082681663
21602,97.79859484777518,-20.220264317180614,98.23649283951978,-19.80772015608625,98.23881861662974,-20.631717265930423,97.35837107892065,-20.631717265930426,97.36069685603061,-19.80772015608625,76.43872294399765,0.09134051078688041,S230518h,21602,76.43872294399765
15497,107.2538860103627,-32.114537444933916,107.73812729119201,-31.701611891991256,107.74251813494533,-32.52560349957452,106.76525388578011,-32.52560349957452,106.76964472953344,-31.701611891991256,76.36439328499438,0.09125169050367203,S230518h,15497,76.36439328499438
220,126.66666666666666,-83.65638766519824,130.1646473019773,-83.23188432017895,130.64701182099992,-84.05415885427023,122.68632151233363,-84.05415885427023,123.16868603135622,-83.23188432017895,76.18638115247212,0.09103897476896833,S230518h,220,76.18638115247212
17862,101.33333333333333,-27.356828193832598,101.7954911482323,-26.94406462525655,101.79894287011271,-27.768058922397096,100.86772379655397,-27.7680589223971,100.87117551843438,-26.944064625256555,75.94595052989938,0.09075167201155973,S230518h,17862,75.94595052989938
22458,96.89095127610209,-18.63436123348017,97.3246918855428,-18.22186294430115,97.32680044084516,-19.045860521962176,96.45510211135904,-19.045860521962176,96.4572106666614,-18.22186294430115,75.7551316818573,0.09052365288229333,S230518h,22458,75.7551316818573
23757,95.56064073226545,-16.255506607929515,95.98889858980249,-15.843075601114814,95.9906981990657,-16.667073789960476,95.13058326546523,-16.66707378996048,95.13238287472846,-15.843075601114815,75.73380849396193,0.09049817272251363,S230518h,23757,75.73380849396193
37231,80.62084257206207,7.533039647577099,81.03682475850545,7.944843576662147,81.03603438897704,7.120843949196929,80.20565075514712,7.120843949196929,80.20486038561873,7.944843576662147,75.57608682849423,0.0903097030970264,S230518h,37231,75.57608682849423
195,314.04255319148933,-84.44933920704845,318.00229817190944,-84.02316364812863,318.63261940104945,-84.84490493230915,309.45248698192944,-84.84490493230915,310.08280821106945,-84.02316364812863,75.48438391634572,0.09020012263160673,S230518h,195,75.48438391634572
56,86.89655172413794,-86.82819383259911,93.45874078344261,-86.39261080599432,95.39049195993009,-87.20964603970096,78.40261148834625,-87.20964603970097,80.33436266483362,-86.39261080599432,75.35063614524151,0.09004030062963247,S230518h,56,75.35063614524151
406,124.99999999999999,-81.27753303964757,127.593444409103,-80.85631496766386,127.84811268417522,-81.67940943737075,122.15188731582487,-81.67940943737075,122.4065555908971,-80.85631496766386,75.19300798954636,0.0898519427437199,S230518h,406,75.19300798954636
8852,113.44051446945339,-47.1806167400881,114.04199408791985,-46.76703051106875,114.05140181105982,-47.59100570076906,112.829627127847,-47.59100570076907,112.83903485098698,-46.767030511068754,74.63117676085922,0.08918058208477872,S230518h,8852,74.63117676085922
4748,117.45762711864406,-59.0748898678414,118.24976692145604,-58.66044668574083,118.2690122487214,-59.484387326551065,116.64624198856677,-59.484387326551065,116.6654873158321,-58.66044668574083,74.58547070644583,0.08912596559989538,S230518h,4748,74.58547070644583
27,0.0,-87.62114537444934,8.40080939744603,-87.17891333780612,11.832996057708892,-87.99048668489942,348.16700394229173,-87.99048668489942,351.5991906025544,-87.17891333780612,74.42475139607691,0.08893391393632734,S230518h,27,74.42475139607691
12882,106.70360110803324,-37.665198237885456,107.22119110240868,-37.25206112430854,107.22696905241786,-38.07604843049503,106.18023316364868,-38.07604843049503,106.18601111365783,-37.25206112430853,74.21579018670144,0.08868421557842851,S230518h,12882,74.21579018670144
9481,112.5,-45.59471365638766,113.08449754980956,-45.1812123347931,113.0931430844053,-46.00519012804662,111.90685691559473,-46.005190128046614,111.91550245019046,-45.1812123347931,74.11148304702348,0.08855957368162597,S230518h,9481,74.11148304702348
7941,111.51515151515152,-49.559471365638764,112.14497987985344,-49.14574791996212,112.15569762766401,-49.96971859197704,110.87460540263905,-49.96971859197704,110.88532315044962,-49.14574791996212,74.08394058674567,0.08852666179752836,S230518h,7941,74.08394058674567
5728,112.06225680933852,-55.903083700440526,112.78943976225075,-55.48891864894874,112.80505274155986,-56.312872163536376,111.31946087711722,-56.312872163536376,111.33507385642633,-55.48891864894874,73.95181046469065,0.0883687728065299,S230518h,5728,73.95181046469065
8241,113.24503311258279,-48.76651982378854,113.86500021339879,-48.352843534885146,113.87525672736018,-49.17681580276791,112.61480949780544,-49.176815802767905,112.62506601176682,-48.352843534885146,73.92169619636041,0.08833278773842153,S230518h,8241,73.92169619636041
34978,86.6225165562914,3.568281938325999,87.03550199737025,3.9801895252945707,87.03513178849431,3.1561896081352105,86.2099013240885,3.1561896081352105,86.20953111521257,3.9801895252945707,73.70598309236078,0.08807502119884726,S230518h,34978,73.70598309236078
6521,112.08791208791209,-53.52422907488987,112.774254384593,-53.11024480192551,112.78773598659828,-53.9342058250359,111.38808818922593,-53.9342058250359,111.40156979123122,-53.11024480192552,73.63498231945206,0.0879901787706385,S230518h,6521,73.63498231945206
2321,112.89940828402368,-68.59030837004406,114.00762314200021,-68.17459878462347,114.0490216908988,-68.99846020179434,111.74979487714863,-68.99846020179434,111.79119342604723,-68.17459878462347,73.49590127989279,0.08782398377542094,S230518h,2321,73.49590127989279
35426,82.64900662251655,4.361233480176214,83.06242974442755,4.7731204473116815,83.06197654276994,3.949120571219757,82.2360367022632,3.9491205712197575,82.2355835006056,4.7731204473116815,73.49055160365197,0.08781759117568141,S230518h,35426,73.49055160365197
3641,118.8516746411483,-63.039647577092516,119.7476911893125,-62.62477613751,119.77338488002269,-63.44869379522385,117.929964402274,-63.44869379522385,117.95565809298418,-62.62477613751,73.39540485675731,0.08770389549728246,S230518h,3641,73.39540485675731
7361,114.14634146341464,-51.14537444933921,114.79724855551389,-50.7315519928474,114.80897275269197,-51.55551916629977,113.4837101741374,-51.55551916629977,113.49543437131545,-50.7315519928474,73.19884116123917,0.08746901155810495,S230518h,7361,73.19884116123917
30900,92.18543046357617,-3.5682819383259865,92.59804569577909,-3.1561896081351977,92.59841590465503,-3.9801895252945587,91.77244502249735,-3.9801895252945587,91.77281523137329,-3.156189608135198,73.19024578577731,0.0874587405075843,S230518h,30900,73.19024578577731
338,125.45454545454545,-82.0704845814978,128.2921416327111,-81.64837791299924,128.60049977806545,-82.47127912354311,122.30859113102562,-82.47127912354311,122.61694927637996,-81.64837791299924,73.14975241326965,0.08741035292095439,S230518h,338,73.14975241326965
30895,88.21192052980132,-3.5682819383259865,88.62453576200424,-3.1561896081351977,88.62490597088016,-3.9801895252945587,87.7989350887225,-3.980189525294558,87.79930529759842,-3.1561896081351972,73.1212157965603,0.0873762530688641,S230518h,30895,73.1212157965603
5990,116.34980988593155,-55.110132158590304,117.06271232879051,-54.6960297144893,117.07756689805471,-55.51998590579551,115.62205287380843,-55.519985905795515,115.63690744307263,-54.6960297144893,72.998242059842,0.08722930550756783,S230518h,5990,72.998242059842
4064,112.90909090909089,-61.45374449339207,113.75995754409851,-61.039057179792515,113.78275033071328,-61.8629851909482,112.03543148746856,-61.8629851909482,112.05822427408332,-61.039057179792515,72.9392722076601,0.08715883943733707,S230518h,4064,72.9392722076601
25077,98.55203619909503,-13.876651982378856,98.97566920161742,-13.46428669003154,98.97717699269278,-14.288285389890966,98.12689540549731,-14.288285389890966,98.12840319657265,-13.46428669003154,72.92134568963708,0.08713741813083443,S230518h,25077,72.92134568963708
14729,104.2105263157895,-33.70044052863436,104.70338109653503,-33.28745733567704,104.70813102939647,-34.111447860069845,103.71292160218256,-34.111447860069845,103.717671535044,-33.28745733567704,72.5937186778443,0.08674591998104644,S230518h,14729,72.5937186778443
4983,113.05785123966943,-58.281938325991185,113.83246188335484,-57.86756924693668,113.85069715897865,-58.69151347490755,112.26500532036025,-58.69151347490754,112.28324059598408,-57.86756924693668,72.20540768578641,0.08628190746235598,S230518h,4983,72.20540768578641
12168,106.77966101694916,-39.2511013215859,107.30858553870549,-38.837898089585806,107.31483738726716,-39.661883867452254,106.24448464663121,-39.661883867452254,106.25073649519288,-38.837898089585806,72.1771683652082,0.0862481628645063,S230518h,12168,72.1771683652082
36781,81.41906873614191,6.740088105726872,81.83428874235332,7.1519128945390875,81.8335836106952,6.327913192083609,81.00455386158866,6.327913192083609,81.00384872993052,7.1519128945390875,71.97780998208873,0.08600993941122961,S230518h,36781,71.97780998208873
5475,112.85714285714286,-56.69603524229075,113.59933514576718,-56.28180501119689,113.61576068726006,-57.10575565291883,112.09852502702569,-57.10575565291883,112.11495056851858,-56.28180501119689,71.95862223438239,0.08598701099734662,S230518h,5475,71.95862223438239
3851,117.75700934579439,-62.24669603524229,118.62978393341638,-61.83191903806384,118.65396532662415,-62.65584209553191,116.8600533649647,-62.65584209553191,116.88423475817247,-61.83191903806384,71.86552704329594,0.08587576682713896,S230518h,3851,71.86552704329594
150,324.8780487804878,-85.24229074889868,329.44071965898695,-84.8139342246618,330.2989860357239,-85.63485327447668,319.45711152525206,-85.63485327447668,320.31537790198894,-84.8139342246618,71.54082155752667,0.08548775975712032,S230518h,150,71.54082155752667
29545,93.98230088495576,-5.947136563876644,94.39622016787156,-5.534982371266797,94.39684074840133,-6.358982140090014,93.56776102151021,-6.358982140090014,93.56838160203999,-5.534982371266797,71.27157302559642,0.08516602101675512,S230518h,29545,71.27157302559642
1296,121.88976377952757,-74.1409691629956,123.35990342367543,-73.72388440822797,123.43622781615048,-74.54762039818306,120.34329974290476,-74.54762039818306,120.41962413537975,-73.72388440822797,71.16249608760904,0.0850356794457933,S230518h,1296,71.16249608760904
16664,102.72727272727273,-29.735682819383257,103.19980707595818,-29.322840148501058,103.20370491965633,-30.146833197483723,102.25084053488915,-30.146833197483723,102.2547383785873,-29.32284014850106,71.13411339230338,0.08500176352220275,S230518h,16664,71.13411339230338
37234,83.01552106430155,7.533039647577099,83.43150325074492,7.944843576662147,83.43071288121652,7.120843949196929,82.6003292473866,7.120843949196929,82.59953887785821,7.944843576662147,70.69168545249613,0.08447308391516656,S230518h,37234,70.69168545249613
35878,82.03539823008849,5.154185022026442,82.44933932578186,5.566051321614404,82.44880269420749,4.742051494942347,81.62199376596953,4.742051494942347,81.62145713439514,5.566051321614404,70.32137502340183,0.0840305811830374,S230518h,35878,70.32137502340183
12523,106.59217877094972,-38.45814977973568,107.11532454849454,-38.04497996500043,107.12133438958783,-38.86896652628231,106.06302315231164,-38.86896652628231,106.06903299340495,-38.04497996500043,70.26258362899284,0.08396032836105967,S230518h,12523,70.26258362899284
34974,83.44370860927152,3.568281938325999,83.85669405035037,3.9801895252945707,83.85632384147445,3.156189608135211,83.03109337706863,3.156189608135211,83.03072316819271,3.9801895252945707,70.17364207890307,0.08385404758735641,S230518h,34974,70.17364207890307
24,292.5,-88.41409691629956,304.15412242737386,-87.96006722777081,311.84059663143637,-88.75592005290403,273.15940336856465,-88.75592005290405,280.8458775726268,-87.96006722777081,70.12864892585516,0.0838002829845082,S230518h,24,70.12864892585516
13979,105.20107238605898,-35.2863436123348,105.70324429201551,-34.87330064506518,105.70838125979684,-35.697289976030866,104.69376351232115,-35.697289976030866,104.69890048010248,-34.873300645065186,70.03460859327323,0.08368790941674341,S230518h,13979,70.03460859327323
7359,111.63763066202091,-51.14537444933921,112.28853775412014,-50.73155199284739,112.30026195129822,-51.55551916629976,110.97499937274364,-51.55551916629977,110.98672356992171,-50.73155199284739,69.97380859139284,0.08361525640772248,S230518h,7359,69.97380859139284
17464,105.67164179104478,-28.149779735682813,106.13711849476448,-27.736990186852083,106.14071420423869,-28.56098408776498,105.20256937785089,-28.560984087764982,105.2061650873251,-27.736990186852086,69.96141497332161,0.08360044664427375,S230518h,17464,69.96141497332161
110,329.14285714285717,-86.0352422907489,334.5256127776276,-85.60392149454682,335.7618534396329,-86.42347525027023,322.5238608460818,-86.42347525027024,323.760101508087,-85.60392149454684,69.88206387466798,0.08350562598789213,S230518h,110,69.88206387466798
247,306.6666666666667,-83.65638766519824,310.16464730197737,-83.23188432017895,310.647011821,-84.05415885427023,302.6863215123337,-84.05415885427023,303.1686860313563,-83.23188432017895,69.87240552936132,0.08349408474073769,S230518h,247,69.87240552936132
22029,97.34265734265735,-19.427312775330385,97.77842499479186,-19.0147916595889,97.78064094124461,-19.83878900964271,96.90467374407011,-19.83878900964271,96.90688969052286,-19.0147916595889,69.57182555449889,0.08313490646853713,S230518h,22029,69.57182555449889
15110,104.33420365535248,-32.90748898678414,104.82266694094237,-32.49453486789271,104.82723404231642,-33.31852594694662,103.84117326838857,-33.31852594694662,103.84574036976262,-32.49453486789271,68.84946285547439,0.08227171860561813,S230518h,15110,68.84946285547439
45,294.5454545454545,-87.62114537444934,302.94626394290054,-87.17891333780612,306.3784506031634,-87.99048668489942,282.71245848774623,-87.99048668489942,286.144645148009,-87.17891333780612,68.84124938599957,0.08226190391395051,S230518h,45,68.84124938599957
5229,116.5991902834008,-57.48898678414097,117.3571727465582,-57.074688612831366,117.3744703709865,-57.89863616625649,115.82391019581513,-57.89863616625649,115.84120782024344,-57.074688612831366,68.83676770100412,0.0822565485210174,S230518h,5229,68.83676770100412
22463,101.06728538283063,-18.63436123348017,101.50102599227135,-18.22186294430115,101.50313454757371,-19.045860521962176,100.63143621808759,-19.045860521962176,100.63354477338994,-18.221862944301154,68.83087031670428,0.08224950143711139,S230518h,22463,68.83087031670428
24637,99.0,-14.669603524229071,99.42508215078182,-14.257216483938352,99.42668551364677,-15.081215024070618,98.57331448635325,-15.081215024070618,98.5749178492182,-14.257216483938352,68.75375897187801,0.08215735717628884,S230518h,24637,68.75375897187801
194,306.3829787234043,-84.44933920704845,310.3427237038244,-84.02316364812863,310.9730449329644,-84.84490493230915,301.7929125138444,-84.84490493230915,302.4232337429844,-84.02316364812863,68.63360335321696,0.08201377712733308,S230518h,194,68.63360335321696
3848,112.71028037383178,-62.24669603524229,113.58305496145378,-61.83191903806384,113.60723635466155,-62.65584209553192,111.81332439300208,-62.65584209553192,111.83750578620986,-61.83191903806384,68.56715049736113,0.08193436923610542,S230518h,3848,68.56715049736113
7077,114.48763250883393,-51.93832599118943,115.14981158166374,-51.52445148152203,115.16208576789631,-52.3484167351701,113.8131792497716,-52.3484167351701,113.82545343600418,-51.524451481522036,68.489957302881,0.08184212716897601,S230518h,7077,68.489957302881
38131,80.17817371937639,9.118942731277542,80.59592944526551,9.530704690151115,80.59496619305334,8.706705239019009,79.76138124569944,8.706705239019009,79.76041799348728,9.530704690151115,68.32199822787605,0.08164142434308654,S230518h,38131,68.32199822787605
306,306.0,-82.86343612334801,309.1331058920265,-82.44025599411538,309.51402750462694,-83.26289593133454,302.4859724953732,-83.26289593133454,302.8668941079736,-82.44025599411538,68.29445293422461,0.08160850907324692,S230518h,306,68.29445293422461
6798,115.25179856115108,-52.731277533039645,115.92577822929954,-52.31734912509882,115.93863719080186,-53.14131233231501,114.56495993150035,-53.14131233231501,114.57781889300269,-52.31734912509883,68.27156266105008,0.08158115632370734,S230518h,6798,68.27156266105008
7075,111.9434628975265,-51.93832599118943,112.60564197035629,-51.52445148152203,112.61791615658886,-52.3484167351701,111.26900963846417,-52.3484167351701,111.28128382469674,-51.52445148152203,68.18329836183396,0.08147568483145658,S230518h,7075,68.18329836183396
28644,94.98891352549889,-7.533039647577087,95.40410534241386,-7.120843949196916,95.40489571194226,-7.944843576662135,94.57293133905554,-7.944843576662135,94.57372170858393,-7.1208439491969155,68.13918869829912,0.08142297595508169,S230518h,28644,68.13918869829912
25956,93.24324324324326,-12.290748898678414,93.66424790799516,-11.878426680871907,93.66556909760241,-12.702425669697472,92.82091738888413,-12.702425669697472,92.8222385784914,-11.878426680871907,67.43606683258541,0.08058277994072954,S230518h,25956,67.43606683258541
1701,121.65517241379312,-71.76211453744493,122.94331165268106,-71.3457156953099,123.00076769771329,-72.16951947469762,120.30957712987305,-72.16951947469762,120.36703317490526,-71.3457156953099,67.05254267937575,0.08012448745880331,S230518h,1701,67.05254267937575
8239,110.86092715231788,-48.76651982378854,111.48089425313388,-48.352843534885146,111.49115076709528,-49.176815802767905,110.23070353754052,-49.176815802767905,110.24096005150193,-48.352843534885146,66.99199176520314,0.08005213209733042,S230518h,8239,66.99199176520314
17060,101.95488721804512,-28.942731277533042,102.42382128358332,-28.529915367522033,102.42756560856046,-29.353908852689084,101.48220882752982,-29.353908852689084,101.48595315250695,-28.529915367522033,66.68843255846394,0.07968939378970677,S230518h,17060,66.68843255846394
36784,83.81374722838137,6.740088105726872,84.22896723459279,7.1519128945390875,84.22826210293466,6.327913192083609,83.39923235382813,6.327913192083609,83.39852722216999,7.151912894539087,66.66717664411017,0.07966399401849739,S230518h,36784,66.66717664411017
15884,107.07692307692307,-31.3215859030837,107.55710588906688,-30.908688431840126,107.5613266700804,-31.732680543125166,106.59251948376574,-31.732680543125166,106.59674026477927,-30.908688431840126,66.6207309073931,0.07960849364967622,S230518h,15884,66.6207309073931
37681,80.0,8.325991189427315,80.41682714958935,8.737774178046251,80.41595076923501,7.913774634311463,79.58404923076499,7.913774634311463,79.58317285041066,8.737774178046251,66.56772237207487,0.07954515105961779,S230518h,37681,66.56772237207487
39472,78.29596412556053,11.4977973568282,78.71701687744046,11.909495603172168,78.71578692994974,11.085496484628674,77.87614132117135,11.085496484628674,77.87491137368065,11.909495603172168,66.32637407695978,0.07925675172869875,S230518h,39472,66.32637407695978
15113,107.15404699738903,-32.90748898678414,107.6425102829789,-32.49453486789272,107.64707738435297,-33.31852594694662,106.66101661042512,-33.31852594694663,106.66558371179917,-32.49453486789272,66.20124228395031,0.07910722539637714,S230518h,15113,66.20124228395031
76,335.17241379310343,-86.82819383259911,341.7346028524081,-86.39261080599432,343.66635402889557,-87.20964603970096,326.67847355731175,-87.20964603970097,328.6102247337991,-86.39261080599432,66.16855198767959,0.07906816210169954,S230518h,76,66.16855198767959
38132,80.97995545657015,9.118942731277542,81.39771118245929,9.530704690151115,81.39674793024712,8.706705239019007,80.56316298289322,8.706705239019009,80.56219973068104,9.530704690151115,66.10898156292097,0.07899697837680619,S230518h,38132,66.10898156292097
8542,110.58823529411764,-47.97356828193832,111.19876027964963,-47.55993770453136,111.20858074144857,-48.38391147608006,109.96788984678676,-48.38391147608006,109.9777103085857,-47.55993770453136,65.91815128737245,0.07876894559223216,S230518h,8542,65.91815128737245
14733,108.00000000000001,-33.70044052863436,108.49285478074553,-33.28745733567705,108.49760471360698,-34.111447860069845,107.50239528639307,-34.111447860069845,107.50714521925451,-33.28745733567704,65.70929784061828,0.07851937600536055,S230518h,14733,65.70929784061828
34067,84.05286343612336,1.9823788546255565,84.46521278349356,2.394327570211,84.4650075714217,1.5703275957333775,83.64071930082505,1.5703275957333775,83.64051408875318,2.394327570211,65.65652589775411,0.07845631613163712,S230518h,34067,65.65652589775411
2001,121.52866242038216,-70.17621145374449,122.7196296137261,-69.76018311462354,122.76809664415075,-70.58401916889025,120.28922819661365,-70.58401916889026,120.33769522703827,-69.76018311462354,65.59003251309997,0.07837685981049074,S230518h,2001,65.59003251309997
39027,79.73154362416108,10.704845814977984,80.15141109934052,11.11656541163852,80.1502711573341,10.292566172931753,79.31281609098806,10.292566172931753,79.31167614898166,11.11656541163852,65.48600544698621,0.07825255258780921,S230518h,39027,65.48600544698621
1844,112.05298013245033,-70.96916299559471,113.2905107598512,-70.55295666587745,113.34319183435647,-71.37677759201445,110.76276843054427,-71.37677759201445,110.81544950504954,-70.55295666587745,65.39971697790533,0.07814944211529856,S230518h,1844,65.39971697790533
39025,78.12080536912752,10.704845814977984,78.54067284430697,11.11656541163852,78.53953290230055,10.292566172931753,77.70207783595451,10.292566172931753,77.70093789394811,11.11656541163852,65.34831940642522,0.07808802454771782,S230518h,39025,65.34831940642522
3233,112.72727272727273,-64.62555066079294,113.67426485934689,-64.2104742942904,113.70341759812261,-65.03437958642247,111.75112785642293,-65.03437958642247,111.78028059519865,-64.2104742942904,65.12051049914415,0.07781580411870699,S230518h,3233,65.12051049914415
372,310.9090909090909,-82.0704845814978,313.74668708725653,-81.64837791299924,314.05504523261084,-82.47127912354311,307.76313658557103,-82.47127912354311,308.0714947309254,-81.64837791299924,65.0934043967751,0.07778341366082815,S230518h,372,65.0934043967751
33166,89.60352422907489,0.3964757709251138,90.01555459556091,0.8084655200133551,90.01551359244246,-0.01553447896653181,89.19153486570735,-0.015534478966531814,89.19149386258891,0.8084655200133553,64.94358222063583,0.07760438353619108,S230518h,33166,64.94358222063583
521,309.87341772151905,-80.48458149779735,312.26179452309145,-80.06411137054322,312.4756264749312,-80.88735279819687,307.27120896810715,-80.88735279819687,307.48504091994675,-80.06411137054322,64.87697245341604,0.07752478814360834,S230518h,521,64.87697245341604
22034,101.53846153846153,-19.427312775330385,101.97422919059605,-19.0147916595889,101.9764451370488,-19.83878900964271,101.1004779398743,-19.83878900964271,101.10269388632705,-19.0147916595889,64.83682455232453,0.07747681337831291,S230518h,22034,64.83682455232453
38579,79.55357142857143,9.911894273127757,79.97234026095977,10.323635104294702,79.97128918569315,9.499635754784492,79.13585367144972,9.499635754784494,79.13480259618312,10.323635104294702,64.53293729767951,0.07711368306959183,S230518h,38579,64.53293729767951
4289,118.40000000000002,-60.66079295154186,119.2301866119707,-60.24619094539275,119.25170127315855,-61.07012351165851,117.54829872684151,-61.07012351165852,117.56981338802936,-60.24619094539275,64.4966989991092,0.07707038008683682,S230518h,4289,64.4966989991092
18680,104.48780487804878,-25.770925110132158,104.94372377203209,-25.35821243027273,104.94690038079112,-26.18220746469686,104.02870937530645,-26.182207464696862,104.0318859840655,-25.35821243027273,64.47645359593419,0.07704618782673789,S230518h,18680,64.47645359593419
31,65.45454545454545,-87.62114537444934,73.85535485199148,-87.17891333780612,77.28754151225435,-87.99048668489942,53.62154939683719,-87.99048668489942,57.05373605709987,-87.17891333780612,64.4599223816407,0.07702643383950027,S230518h,31,64.4599223816407
1421,110.97744360902256,-73.34801762114537,112.38118734512261,-72.93118208543437,112.45031872626627,-73.75494392316726,109.50456849177891,-73.75494392316726,109.57369987292257,-72.93118208543437,64.27597791782759,0.07680662926095679,S230518h,1421,64.27597791782759
2160,121.47239263803682,-69.38325991189427,122.62038472919649,-68.96739668573589,122.66511400454803,-69.79124615397052,120.27967127152566,-69.79124615397052,120.32440054687721,-68.96739668573589,64.25569830722678,0.07678239612466807,S230518h,2160,64.25569830722678
27298,96.42857142857143,-9.911894273127745,96.84628918569315,-9.499635754784482,96.84734026095977,-10.32363510429469,96.00980259618312,-10.32363510429469,96.01085367144972,-9.499635754784482,64.16754644768801,0.07667705899229625,S230518h,27298,64.16754644768801
37684,82.4,8.325991189427315,82.81682714958936,8.737774178046251,82.81595076923502,7.913774634311463,81.984049230765,7.913774634311463,81.98317285041067,8.737774178046251,64.09563801108735,0.07659113195066053,S230518h,37684,64.09563801108735
7943,113.93939393939392,-49.559471365638764,114.56922230409585,-49.14574791996212,114.57994005190642,-49.96971859197705,113.29884782688147,-49.96971859197705,113.30956557469204,-49.14574791996211,63.8214650914873,0.07626350880946092,S230518h,7943,63.8214650914873
1848,121.58940397350995,-70.96916299559471,122.8269346009108,-70.55295666587745,122.8796156754161,-71.37677759201445,120.29919227160389,-71.37677759201445,120.35187334610916,-70.55295666587745,63.604106926217916,0.07600377650265681,S230518h,1848,63.604106926217916
4067,117.81818181818183,-61.45374449339207,118.66904845318945,-61.03905717979253,118.6918412398042,-61.8629851909482,116.94452239655949,-61.8629851909482,116.96731518317425,-61.03905717979253,63.53514392961057,0.07592136911680705,S230518h,4067,63.53514392961057
13609,105.36585365853658,-36.07929515418502,105.87296502799448,-35.666221432287486,105.87830709886451,-36.490210121359844,104.85340021820868,-36.490210121359844,104.8587422890787,-35.666221432287486,63.26113174679478,0.07559393804815145,S230518h,13609,63.26113174679478
3039,112.49999999999999,-65.41850220264317,113.47500945105463,-65.00331432903268,113.50614714988907,-65.82721251795017,111.49385285011095,-65.82721251795017,111.5249905489454,-65.00331432903268,63.16600138107694,0.07548026194445234,S230518h,3039,63.16600138107694
19504,103.84615384615384,-24.185022026431714,104.2963402931577,-23.77235891711498,104.29925737810282,-24.596354620359204,103.39305031420488,-24.596354620359204,103.39596739915002,-23.77235891711498,62.70220812895595,0.07492605184103032,S230518h,19504,62.70220812895595
19915,99.04306220095692,-23.3920704845815,99.49056363696708,-22.979431705267228,99.49335626893043,-23.803427718976764,98.59276813298347,-23.803427718976767,98.5955607649468,-22.979431705267228,62.0847537035606,0.07418822420039128,S230518h,19915,62.0847537035606
39471,77.48878923766816,11.4977973568282,77.90984198954807,11.909495603172164,77.90861204205736,11.085496484628674,77.06896643327896,11.085496484628674,77.06773648578826,11.909495603172166,62.076342523026206,0.07417817325374092,S230518h,39471,62.076342523026206
443,310.0,-81.27753303964757,312.59344440910303,-80.85631496766386,312.8481126841752,-81.67940943737075,307.15188731582487,-81.67940943737075,307.4065555908971,-80.85631496766386,61.85370699790966,0.07391213476172753,S230518h,443,61.85370699790966
2855,119.99999999999999,-66.21145374449338,121.00493326088719,-65.79614754145068,121.03825709307158,-66.62003790248761,118.96174290692845,-66.62003790248761,118.99506673911283,-65.79614754145068,61.78380993756743,0.07382861121569918,S230518h,2855,61.78380993756743
4512,112.20779220779221,-59.86784140969163,113.01843167922672,-59.45332067790705,113.03876720096126,-60.27725744202728,111.3768172146232,-60.27725744202728,111.39715273635775,-59.45332067790705,61.58676637600573,0.07359315386022376,S230518h,4512,61.58676637600573
19499,99.51923076923076,-24.185022026431714,99.96941721623463,-23.772358917114982,99.97233430117974,-24.596354620359204,99.0661272372818,-24.596354620359204,99.06904432222694,-23.772358917114982,61.35121578452271,0.07331168249972009,S230518h,19499,61.35121578452271
32254,86.43171806167402,-1.1894273127753288,86.843745335874,-0.7773965622341366,86.8438683845069,-1.601396553050774,86.01956773884118,-1.601396553050774,86.01969078747408,-0.7773965622341366,61.31682846739921,0.07327059134866891,S230518h,32254,61.31682846739921
2851,112.25806451612904,-66.21145374449338,113.26299777701625,-65.7961475414507,113.29632160920065,-66.62003790248761,111.21980742305752,-66.62003790248761,111.2531312552419,-65.79614754145068,61.2915438310205,0.07324037745297649,S230518h,2851,61.2915438310205
39916,77.02702702702703,12.290748898678414,77.44935288138619,12.702425669697472,77.44803169177894,11.878426680871906,76.60602236227517,11.878426680871906,76.6047011726679,12.70242566969747,61.2322624446288,0.07316953911470206,S230518h,39916,61.2322624446288
8,252.0,-89.20704845814979,270.8776973376072,-88.7265620997138,299.2430654230572,-89.43888621124117,204.75693457694436,-89.43888621124118,233.12230266239376,-88.7265620997138,61.17837642474857,0.07310514797379121,S230518h,8,61.17837642474857
7650,114.65753424657534,-50.352422907488986,115.29766721848455,-49.938650771171105,115.30887343813188,-50.76261974775129,114.00619505501882,-50.762619747751295,114.01740127466616,-49.938650771171105,60.98340773490765,0.07287216998787475,S230518h,7650,60.98340773490765
7647,110.95890410958904,-50.352422907488986,111.59903708149825,-49.938650771171105,111.6102433011456,-50.76261974775129,110.30756491803254,-50.76261974775129,110.31877113767987,-49.938650771171105,60.90385725683533,0.07277711108290338,S230518h,7647,60.90385725683533
38580,80.35714285714286,9.911894273127757,80.77591168953118,10.323635104294702,80.77486061426458,9.499635754784492,79.93942510002115,9.499635754784492,79.93837402475455,10.323635104294702,60.70867215861285,0.0725438744996249,S230518h,38580,60.70867215861285
38130,79.37639198218262,9.118942731277542,79.79414770807176,9.530704690151117,79.79318445585959,8.706705239019009,78.9595995085057,8.706705239019009,78.95863625629353,9.530704690151117,60.48861558411044,0.07228091772663188,S230518h,38130,60.48861558411044
5226,112.22672064777328,-57.48898678414097,112.98470311093068,-57.074688612831366,113.00200073535899,-57.89863616625649,111.45144056018762,-57.89863616625649,111.46873818461592,-57.074688612831366,60.40585449056997,0.0721820222942369,S230518h,5226,60.40585449056997
196,321.70212765957444,-84.44933920704845,325.66187263999456,-84.02316364812863,326.29219386913456,-84.84490493230915,317.11206145001455,-84.84490493230915,317.74238267915456,-84.02316364812863,60.312621498574664,0.07207061345872717,S230518h,196,60.312621498574664
31353,91.98237885462555,-2.775330396475771,92.3947189132808,-2.3632586136640588,92.395006485639,-3.187258563601827,91.56975122361214,-3.187258563601827,91.57003879597032,-2.3632586136640588,60.193017951496,0.07192769310813352,S230518h,31353,60.193017951496
12885,109.69529085872577,-37.665198237885456,110.2128808531012,-37.25206112430854,110.21865880311037,-38.07604843049503,109.1719229143412,-38.07604843049503,109.17770086435036,-37.25206112430854,60.13793715288232,0.07186187426545598,S230518h,12885,60.13793715288232
216,100.0,-83.65638766519824,103.49798063531064,-83.23188432017895,103.98034515433325,-84.05415885427023,96.01965484566696,-84.05415885427023,96.50201936468955,-83.23188432017895,60.023242676646454,0.07172482001284251,S230518h,216,60.023242676646454
31347,87.22466960352423,-2.775330396475771,87.63700966217948,-2.363258613664059,87.63729723453768,-3.1872585636018265,86.81204197251083,-3.187258563601827,86.812329544869,-2.3632586136640596,59.945592595759834,0.07163203198895018,S230518h,31347,59.945592595759834
1556,111.36690647482014,-72.55506607929516,112.71023745517434,-72.13845826697556,112.77313369817422,-72.96224250578142,109.96067925146615,-72.96224250578142,110.02357549446603,-72.13845826697556,59.80591664973288,0.0714651261097914,S230518h,1556,59.80591664973288
1697,111.72413793103449,-71.76211453744493,113.01227716992243,-71.3457156953099,113.06973321495464,-72.16951947469762,110.37854264711441,-72.16951947469762,110.43599869214663,-71.3457156953099,59.42788283430741,0.07101339431122415,S230518h,1697,59.42788283430741
128,131.70731707317074,-85.24229074889868,136.26998795166983,-84.8139342246618,137.1282543284068,-85.63485327447668,126.28637981793497,-85.63485327447668,127.14464619467186,-84.8139342246618,59.38601203622906,0.07096336076884888,S230518h,128,59.38601203622906
33619,88.81057268722468,1.1894273127753414,89.22272301005756,1.601396553050787,89.22259996142466,0.7773965622341495,88.39854541302472,0.7773965622341495,88.39842236439183,1.601396553050787,59.29775713621691,0.07085790050818412,S230518h,33619,59.29775713621691
6251,111.49253731343285,-54.31718061674009,112.19184064718083,-53.903138379742344,112.20598617930803,-54.727097068783834,110.77908844755771,-54.727097068783834,110.79323397968491,-53.90313837974235,59.194012078962864,0.07073393027220645,S230518h,6251,59.194012078962864
4516,118.44155844155843,-59.86784140969163,119.25219791299295,-59.45332067790705,119.27253343472748,-60.27725744202729,117.61058344838943,-60.27725744202729,117.63091897012396,-59.45332067790705,58.88009193924389,0.07035881115974787,S230518h,4516,58.88009193924389
39917,77.83783783783784,12.290748898678414,78.260163692197,12.702425669697472,78.25884250258973,11.878426680871907,77.41683317308596,11.878426680871907,77.41551198347871,12.702425669697472,58.83425579263105,0.07030403922109071,S230518h,39917,58.83425579263105
30448,92.98013245033113,-4.361233480176201,93.39310237058451,-3.949120571219744,93.39355557224212,-4.773120447311667,92.56670932842016,-4.773120447311668,92.56716253007778,-3.949120571219744,58.82108684870729,0.07028830298141804,S230518h,30448,58.82108684870729
8849,109.967845659164,-47.1806167400881,110.56932527763045,-46.76703051106875,110.57873300077041,-47.59100570076906,109.35695831755763,-47.59100570076906,109.36636604069757,-46.76703051106875,58.80575717456811,0.07026998477551219,S230518h,8849,58.80575717456811
10129,112.70516717325228,-44.008810572687224,113.27403904244213,-43.595389555507374,113.28199709453506,-44.41936967656474,112.12833725196953,-44.41936967656474,112.13629530406246,-43.595389555507374,58.72402996414731,0.07017232478254642,S230518h,10129,58.72402996414731
25519,98.32957110609482,-13.083700440528629,98.75184540847775,-12.671356752470947,98.75325917782173,-13.495355601811843,97.90588303436793,-13.495355601811843,97.9072968037119,-12.671356752470945,58.65912670133373,0.07009476857871672,S230518h,25519,58.65912670133373
33614,84.84581497797357,1.1894273127753414,85.25796530080645,1.6013965530507872,85.25784225217355,0.7773965622341497,84.43378770377362,0.7773965622341497,84.43366465514072,1.601396553050787,58.65850441602327,0.07009402497840625,S230518h,33614,58.65850441602327
11474,111.32947976878613,-40.83700440528634,111.87067019803098,-40.423732040097995,111.87743915185698,-41.24771612592214,110.78152038571531,-41.24771612592214,110.78828933954131,-40.423732040097995,58.38634850072623,0.06976881205805022,S230518h,11474,58.38634850072623
16668,106.36363636363636,-29.735682819383257,106.83617071232182,-29.32284014850106,106.84006855601999,-30.146833197483723,105.88720417125278,-30.146833197483723,105.89110201495095,-29.32284014850106,58.16648142573169,0.06950608172763992,S230518h,16668,58.16648142573169
167,99.57446808510639,-84.44933920704845,103.53421306552649,-84.02316364812863,104.16453429466654,-84.84490493230915,94.9844018755465,-84.84490493230915,95.61472310468652,-84.02316364812863,58.1304181693058,0.06946298791163003,S230518h,167,58.1304181693058
21607,102.01405152224825,-20.220264317180614,102.45194951399284,-19.80772015608626,102.4542752911028,-20.631717265930426,101.57382775339373,-20.631717265930426,101.57615353050367,-19.807720156086255,57.968979742505844,0.06927007693932949,S230518h,21607,57.968979742505844
11131,111.57894736842104,-41.629955947136565,112.12664639444623,-41.21664778497281,112.1336919568034,-42.040630956822966,111.02420278003872,-42.04063095682297,111.0312483423959,-41.21664778497281,57.92096734986033,0.06921270449380139,S230518h,11131,57.92096734986033
10459,112.43243243243242,-43.215859030837,112.99395909885534,-42.80247659158062,113.00159824827094,-43.62645778446824,111.86326661659396,-43.62645778446824,111.87090576600956,-42.80247659158062,57.908571742670425,0.06919789235345378,S230518h,10459,57.908571742670425
73,297.93103448275866,-86.82819383259911,304.4932235420633,-86.39261080599432,306.42497471855074,-87.20964603970096,289.4370942469669,-87.20964603970097,291.3688454234543,-86.39261080599432,57.86498960771909,0.06914581384776557,S230518h,73,57.86498960771909
9803,112.98461538461538,-44.801762114537446,113.56113903757401,-44.38830148912191,113.56943215558843,-45.2122804783793,112.39979861364236,-45.2122804783793,112.40809173165678,-44.38830148912191,57.63553025710564,0.06887162122022503,S230518h,9803,57.63553025710564
11817,106.97142857142856,-40.04405286343612,107.50636452104791,-39.6308154610494,107.5128691652784,-40.4548004146187,106.42998797757876,-40.4548004146187,106.43649262180925,-39.63081546104941,57.486963644108464,0.06869409143173051,S230518h,11817,57.486963644108464
91,133.71428571428572,-86.0352422907489,139.09704134905616,-85.60392149454684,140.33328201106147,-86.42347525027024,127.09528941751033,-86.42347525027024,128.33153007951557,-85.60392149454684,57.395567084068375,0.06858487704199846,S230518h,91,57.395567084068375
39026,78.9261744966443,10.704845814977984,79.34604197182375,11.11656541163852,79.34490202981733,10.292566172931755,78.50744696347128,10.292566172931753,78.50630702146488,11.11656541163852,57.24155477371892,0.06840083991326343,S230518h,39026,57.24155477371892
36329,81.23893805309734,5.947136563876657,81.65347791654291,6.358982140090027,81.65285733601314,5.53498237126681,80.82501877018157,5.53498237126681,80.8243981896518,6.358982140090027,57.00766110139258,0.06812134848958071,S230518h,36329,57.00766110139258
3637,111.96172248803828,-63.039647577092516,112.85773903620246,-62.62477613751,112.88343272691266,-63.44869379522387,111.04001224916396,-63.44869379522385,111.06570593987412,-62.62477613751,56.993707277828335,0.06810467435737781,S230518h,3637,56.993707277828335
13613,109.26829268292683,-36.07929515418502,109.77540405238473,-35.66622143228748,109.78074612325476,-36.49021012135984,108.75583924259892,-36.490210121359844,108.76118131346897,-35.666221432287486,56.593295250425335,0.06762620169719227,S230518h,13613,56.593295250425335
371,305.45454545454544,-82.0704845814978,308.2921416327111,-81.64837791299924,308.6004997780654,-82.47127912354311,302.3085911310256,-82.47127912354311,302.61694927637996,-81.64837791299924,56.524558618535686,0.06754406480603607,S230518h,371,56.524558618535686
28638,90.19955654101996,-7.533039647577087,90.61474835793493,-7.120843949196916,90.61553872746333,-7.944843576662135,89.78357435457661,-7.944843576662135,89.784364724105,-7.120843949196916,56.21981648832144,0.06717991296309588,S230518h,28638,56.21981648832144
308,317.99999999999994,-82.86343612334801,321.1331058920265,-82.44025599411538,321.51402750462694,-83.26289593133454,314.4859724953732,-83.26289593133454,314.8668941079736,-82.44025599411538,56.14744962568195,0.06709343812491239,S230518h,308,56.14744962568195
6795,111.36690647482014,-52.731277533039645,112.04088614296859,-52.31734912509883,112.05374510447092,-53.14131233231502,110.68006784516943,-53.14131233231502,110.69292680667175,-52.31734912509883,55.45052888488962,0.06626065214955562,S230518h,6795,55.45052888488962
4285,112.0,-60.66079295154186,112.83018661197069,-60.24619094539275,112.85170127315855,-61.07012351165851,111.1482987268415,-61.07012351165851,111.16981338802937,-60.24619094539275,55.1276072243259,0.06587477666283867,S230518h,4285,55.1276072243259
18272,105.0,-26.563876651982373,105.4589731998256,-26.151138700674466,105.46228530287304,-26.975133375384253,104.537714697127,-26.97513337538425,104.54102680017444,-26.151138700674466,55.08966663976861,0.06582943953213392,S230518h,18272,55.08966663976861
14356,108.19148936170212,-34.49339207048458,108.68891144653077,-34.08037927022353,108.69385119014305,-34.9043692124224,107.68912753326123,-34.9043692124224,107.69406727687353,-34.08037927022354,54.32485154094791,0.06491552314141946,S230518h,14356,54.32485154094791
522,314.4303797468355,-80.48458149779735,316.8187565484079,-80.06411137054322,317.03258850024764,-80.88735279819687,311.82817099342356,-80.88735279819687,312.0420029452633,-80.06411137054322,54.307126933764245,0.06489434310842965,S230518h,522,54.307126933764245
10793,112.16617210682493,-42.42290748898678,112.72064566639764,-42.009562651243314,112.72798098651717,-42.83354485987371,111.60436322713274,-42.83354485987371,111.61169854725225,-42.009562651243314,54.126391058242504,0.06467837263493333,S230518h,10793,54.126391058242504
8545,114.11764705882352,-47.97356828193832,114.72817204435552,-47.55993770453136,114.73799250615446,-48.38391147608005,113.49730161149263,-48.38391147608005,113.50712207329158,-47.55993770453136,54.03546270220028,0.06456971772592872,S230518h,8545,54.03546270220028
107,298.2857142857143,-86.0352422907489,303.6684699204847,-85.60392149454682,304.90471058249,-86.42347525027023,291.66671798893884,-86.42347525027024,292.90295865094413,-85.60392149454684,53.96792779713424,0.06448901683916489,S230518h,107,53.96792779713424
272,101.99999999999999,-82.86343612334801,105.1331058920265,-82.44025599411538,105.51402750462698,-83.26289593133454,98.48597249537319,-83.26289593133454,98.86689410797365,-82.44025599411538,53.88254937444088,0.06438699382728512,S230518h,272,53.88254937444088
12172,110.84745762711866,-39.2511013215859,111.37638214887498,-38.837898089585806,111.38263399743666,-39.661883867452254,110.31228125680072,-39.66188386745227,110.31853310536238,-38.837898089585806,53.83824950601455,0.06433405766542881,S230518h,12172,53.83824950601455
5478,117.14285714285715,-56.69603524229075,117.88504943148146,-56.28180501119688,117.90147497297437,-57.10575565291883,116.38423931273998,-57.10575565291883,116.40066485423286,-56.28180501119689,53.80029995637961,0.06428870982189763,S230518h,5478,53.80029995637961
1169,110.08264462809917,-74.93392070484582,111.62608151170873,-74.51656193148142,111.7107637002084,-75.34026788245248,108.45452555599005,-75.34026788245248,108.5392077444897,-74.51656193148142,53.7989841332164,0.06428713747799648,S230518h,1169,53.7989841332164
481,127.59493670886076,-80.48458149779735,129.98331351043316,-80.06411137054322,130.19714546227286,-80.88735279819687,124.99272795544879,-80.88735279819687,125.2065599072885,-80.06411137054322,53.71301164742483,0.0641844045899605,S230518h,481,53.71301164742483
32707,85.6387665198238,-0.3964757709251011,86.05075588319137,0.01553447896654453,86.05079688630983,-0.8084655200133425,85.22673615333782,-0.8084655200133425,85.22677715645627,0.015534478966544533,53.403967676444104,0.06381511225908695,S230518h,32707,53.403967676444104
38133,81.78173719376392,9.118942731277542,82.19949291965305,9.530704690151113,82.19852966744088,8.706705239019007,81.36494472008698,8.706705239019007,81.36398146787482,9.530704690151115,53.22478469985076,0.06360099742335977,S230518h,38133,53.22478469985076
6,180.0,-89.20704845814979,198.8776973376072,-88.7265620997138,227.24306542305717,-89.43888621124117,132.75693457694436,-89.43888621124118,161.12230266239374,-88.7265620997138,53.1520630372684,0.06351409861671159,S230518h,6,53.1520630372684
4986,117.52066115702479,-58.281938325991185,118.29527180071018,-57.86756924693668,118.31350707633402,-58.69151347490754,116.7278152377156,-58.69151347490754,116.74605051333943,-57.86756924693668,52.69617648027434,0.0629693366247142,S230518h,4986,52.69617648027434
18267,100.58823529411764,-26.563876651982373,101.04720849394323,-26.151138700674466,101.05052059699068,-26.975133375384253,100.12594999124464,-26.975133375384253,100.12926209429207,-26.151138700674466,52.61764458227002,0.06287549487277869,S230518h,18267,52.61764458227002
3043,119.99999999999999,-65.41850220264317,120.97500945105463,-65.00331432903268,121.00614714988907,-65.82721251795017,118.99385285011097,-65.82721251795017,119.02499054894541,-65.00331432903268,52.55145138666699,0.06279639726276987,S230518h,3043,52.55145138666699
11821,111.08571428571427,-40.04405286343612,111.62065023533363,-39.63081546104941,111.62715487956413,-40.4548004146187,110.54427369186446,-40.4548004146187,110.55077833609495,-39.6308154610494,52.51799233962385,0.06275641534876535,S230518h,11821,52.51799233962385
171,130.2127659574468,-84.44933920704845,134.1725109378669,-84.02316364812863,134.80283216700695,-84.84490493230915,125.62269974788691,-84.84490493230915,126.25302097702692,-84.02316364812863,52.41931063144951,0.06263849556566575,S230518h,171,52.41931063144951
20759,102.97872340425532,-21.80616740088106,103.42120149009443,-21.39357644381029,103.42375485878615,-22.217573033637223,102.53369194972453,-22.217573033637223,102.53624531841623,-21.393576443810286,52.324490871415605,0.0625251906204676,S230518h,20759,52.324490871415605
11470,107.16763005780346,-40.83700440528634,107.70882048704831,-40.423732040098,107.71558944087431,-41.24771612592214,106.61967067473266,-41.24771612592214,106.62643962855864,-40.423732040098,52.01885195473574,0.062159967161850405,S230518h,11470,52.01885195473574
1052,109.56521739130436,-75.72687224669603,111.18996913547615,-75.3092106384869,111.28443984828982,-76.13288140227372,107.845994934319,-76.13288140227372,107.94046564713267,-75.3092106384869,51.99378905422935,0.0621300182296092,S230518h,1052,51.99378905422935
605,309.1764705882353,-79.69162995594714,311.39021096698144,-79.27179828196577,311.57226202858607,-80.09515405775674,306.7806791478847,-80.09515405775674,306.9627302094893,-79.27179828196577,51.652491505387566,0.06172218446105764,S230518h,605,51.652491505387566
10789,107.89317507418399,-42.42290748898678,108.4476486337567,-42.009562651243314,108.45498395387622,-42.83354485987371,107.33136619449179,-42.83354485987371,107.3387015146113,-42.009562651243314,51.35247049413596,0.06136367412285385,S230518h,10789,51.35247049413596
21182,102.49411764705881,-21.01321585903083,102.93425162005305,-20.600648421674038,102.93668981839282,-21.424645278266134,102.05154547572482,-21.424645278266137,102.05398367406461,-20.600648421674038,51.26182140481244,0.06125535292382961,S230518h,21182,51.26182140481244
249,320.0,-83.65638766519824,323.4979806353106,-83.23188432017895,323.98034515433324,-84.05415885427023,316.01965484566693,-84.05415885427023,316.50201936468955,-83.23188432017895,51.2500789766064,0.06124132130021126,S230518h,249,51.2500789766064
27740,91.40311804008908,-9.11894273127753,91.81991051376605,-8.706705239018998,91.82087376597822,-9.530704690151103,90.98536231419999,-9.530704690151104,90.98632556641215,-8.706705239018998,51.19225089911851,0.06117221959452948,S230518h,27740,51.19225089911851
36334,85.2212389380531,5.947136563876657,85.63577880149867,6.358982140090028,85.6351582209689,5.53498237126681,84.80731965513733,5.53498237126681,84.80669907460756,6.358982140090028,51.12530214528263,0.06109221912962906,S230518h,36334,51.12530214528263
13247,109.4794520547945,-36.87224669603523,109.99170010278002,-36.4591416024184,109.99725565536647,-37.2831296171916,108.96164845422258,-37.2831296171916,108.96720400680904,-36.45914160241839,51.08260222311548,0.06104119482478601,S230518h,13247,51.08260222311548
8242,114.43708609271523,-48.76651982378854,115.05705319353125,-48.352843534885146,115.06730970749264,-49.17681580276791,113.80686247793788,-49.17681580276791,113.81711899189926,-48.352843534885146,50.888360809700195,0.06080908589839387,S230518h,8242,50.888360809700195
147,298.5365853658537,-85.24229074889868,303.0992562443528,-84.8139342246618,303.9575226210897,-85.63485327447668,293.1156481106179,-85.63485327447668,293.9739144873548,-84.8139342246618,50.856720960008914,0.060771277835664474,S230518h,147,50.856720960008914
1292,110.55118110236221,-74.1409691629956,112.0213207465101,-73.72388440822797,112.09764513898513,-74.54762039818306,109.0047170657394,-74.54762039818306,109.08104145821443,-73.72388440822797,50.43580023367368,0.06026829828991234,S230518h,1292,50.43580023367368
9478,109.125,-45.59471365638766,109.70949754980957,-45.18121233479309,109.71814308440531,-46.00519012804661,108.53185691559473,-46.00519012804661,108.54050245019047,-45.181212334793095,50.37679677733425,0.060197792064367685,S230518h,9478,50.37679677733425
520,305.3164556962025,-80.48458149779735,307.70483249777493,-80.06411137054322,307.91866444961465,-80.88735279819687,302.7142469427906,-80.88735279819687,302.92807889463023,-80.06411137054322,50.361088453275904,0.060179021390449616,S230518h,520,50.361088453275904
38581,81.16071428571428,9.911894273127757,81.57948311810262,10.323635104294702,81.57843204283601,9.499635754784492,80.74299652859257,9.499635754784492,80.74194545332597,10.323635104294702,50.35202069280161,0.060168185863094956,S230518h,38581,50.35202069280161
36780,80.62084257206207,6.740088105726872,81.03606257827349,7.1519128945390875,81.03535744661535,6.327913192083609,80.20632769750881,6.32791319208361,80.20562256585069,7.1519128945390875,50.30983172898945,0.06011777212833129,S230518h,36780,50.30983172898945
29539,89.20353982300885,-5.947136563876644,89.61745910592465,-5.534982371266795,89.61807968645442,-6.358982140090014,88.78899995956331,-6.358982140090014,88.78962054009308,-5.534982371266795,49.865403178461655,0.059586701889975495,S230518h,29539,49.865403178461655
373,316.3636363636364,-82.0704845814978,319.201232541802,-81.64837791299924,319.50959068715633,-82.47127912354311,313.21768204011653,-82.47127912354311,313.5260401854709,-81.64837791299924,49.76420970101524,0.05946578066625191,S230518h,373,49.76420970101524
40359,76.3882618510158,13.083700440528641,76.81194992274271,13.495355601811855,76.81053615339874,12.671356752470956,75.96598754863288,12.671356752470956,75.96457377928891,13.495355601811855,49.63889890437295,0.05931604043340156,S230518h,40359,49.63889890437295
16270,102.59541984732823,-30.528634361233472,103.07170211342817,-30.11576451013941,103.07575867187744,-30.93975710151346,102.11508102277905,-30.93975710151346,102.11913758122832,-30.115764510139417,49.30530753473959,0.05891741516962354,S230518h,16270,49.30530753473959
402,105.0,-81.27753303964757,107.59344440910303,-80.85631496766386,107.84811268417526,-81.67940943737075,102.15188731582492,-81.67940943737075,102.40655559089711,-80.85631496766386,49.24130149403379,0.05884093110204176,S230518h,402,49.24130149403379
39473,79.10313901345292,11.4977973568282,79.52419176533283,11.909495603172168,79.52296181784213,11.085496484628674,78.68331620906372,11.085496484628676,78.682086261573,11.909495603172168,49.21227220606879,0.058806242532055505,S230518h,39473,49.21227220606879
13983,109.06166219839142,-35.2863436123348,109.56383410434796,-34.873300645065186,109.56897107212927,-35.69728997603087,108.55435332465358,-35.69728997603087,108.55949029243492,-34.873300645065186,49.14147291532466,0.058721640865114326,S230518h,13983,49.14147291532466
20333,98.57142857142858,-22.599118942731273,99.01636154408658,-22.186504209500654,99.0190329988753,-23.010500518546078,98.12382414398188,-23.010500518546078,98.12649559877062,-22.186504209500658,48.794350573827245,0.05830684675609785,S230518h,20333,48.794350573827245
742,126.18556701030928,-78.1057268722467,128.11784155314314,-77.68692818611869,128.25432998257804,-78.51044785863185,124.11680403804063,-78.51044785863185,124.25329246747553,-77.68692818611869,48.75898866004901,0.05826459101002434,S230518h,742,48.75898866004901
444,315.0,-81.27753303964757,317.59344440910303,-80.85631496766386,317.8481126841752,-81.67940943737075,312.15188731582487,-81.67940943737075,312.4065555908971,-80.85631496766386,48.628103446358054,0.05810818962323324,S230518h,444,48.628103446358054
2325,121.42011834319527,-68.59030837004406,122.5283332011718,-68.17459878462347,122.5697317500704,-68.99846020179434,120.27050493632022,-68.99846020179434,120.31190348521882,-68.17459878462347,48.58837401946728,0.058060714914005926,S230518h,2325,48.58837401946728
38578,78.75,9.911894273127757,79.16876883238834,10.323635104294702,79.16771775712174,9.499635754784492,78.33228224287829,9.499635754784492,78.33123116761169,10.323635104294702,48.55597718327362,0.05802200228967316,S230518h,38578,48.55597718327362
26406,97.66816143497758,-11.497797356828187,98.08798423936679,-11.085496484628662,98.0892141868575,-11.909495603172155,97.2471086830977,-11.909495603172157,97.24833863058839,-11.085496484628662,48.33437859547648,0.05775720288670731,S230518h,26406,48.33437859547648
7078,115.75971731448763,-51.93832599118943,116.42189638731742,-51.524451481522036,116.43417057354999,-52.3484167351701,115.0852640554253,-52.3484167351701,115.09753824165786,-51.524451481522036,48.14195933432973,0.05752727134257025,S230518h,7078,48.14195933432973
40360,77.20090293453725,13.083700440528641,77.62459100626417,13.495355601811857,77.62317723692018,12.67135675247096,76.77862863215434,12.671356752470958,76.77721486281037,13.495355601811857,48.1352382962632,0.057519240032962105,S230518h,40360,48.1352382962632
37680,79.2,8.325991189427315,79.61682714958937,8.737774178046251,79.61595076923503,7.913774634311463,78.78404923076502,7.913774634311461,78.78317285041068,8.737774178046251,48.13442509284784,0.05751826829491531,S230518h,37680,48.13442509284784
30,49.090909090909086,-87.62114537444934,57.49171848835511,-87.17891333780612,60.92390514861797,-87.99048668489942,37.25791303320081,-87.99048668489942,40.690099693463495,-87.17891333780612,48.10441858752587,0.05748241199829657,S230518h,30,48.10441858752587
695,308.57142857142856,-78.89867841409692,310.6346886088268,-78.4793982941756,310.79152194447653,-79.30284478864927,306.35133519838064,-79.30284478864927,306.5081685340304,-78.4793982941756,47.862225846783396,0.05719300359642544,S230518h,695,47.862225846783396
6524,116.04395604395603,-53.52422907488987,116.73029834063692,-53.11024480192551,116.74377994264223,-53.9342058250359,115.34413214526988,-53.9342058250359,115.35761374727517,-53.11024480192551,47.49174144226416,0.05675029297222842,S230518h,6524,47.49174144226416
32713,90.39647577092511,-0.3964757709251011,90.80846513429267,0.015534478966544536,90.80850613741113,-0.8084655200133426,89.98444540443913,-0.8084655200133425,89.98448640755757,0.015534478966544533,47.35225047198047,0.05658360812997635,S230518h,32713,47.35225047198047
35431,86.6225165562914,4.361233480176214,87.03593967820238,4.7731204473116815,87.03548647654478,3.949120571219757,86.20954663603804,3.9491205712197575,86.20909343438043,4.7731204473116815,47.32643736918132,0.056552762742928274,S230518h,35431,47.32643736918132
791,308.0412371134021,-78.1057268722467,309.9735116562359,-77.68692818611869,310.11000008567083,-78.51044785863185,305.97247414113343,-78.51044785863185,306.10896257056834,-77.68692818611869,47.199957903784906,0.05640162600845112,S230518h,791,47.199957903784906
40801,75.74660633484163,13.876651982378856,76.17174712843938,14.288285389890966,76.17023933736402,13.464286690031537,75.32297333231926,13.464286690031537,75.32146554124391,14.288285389890966,47.08656113530625,0.05626612245272046,S230518h,40801,47.08656113530625
442,305.0,-81.27753303964757,307.59344440910303,-80.85631496766386,307.84811268417525,-81.67940943737075,302.1518873158249,-81.67940943737075,302.4065555908971,-80.85631496766386,46.56992050386322,0.055648762332721646,S230518h,442,46.56992050386322
60,136.55172413793105,-86.82819383259911,143.11391319723572,-86.39261080599432,145.04566437372318,-87.20964603970096,128.05778390213933,-87.20964603970097,129.98953507862672,-86.39261080599432,46.425567025022644,0.055476267032128754,S230518h,60,46.425567025022644
3432,111.72413793103448,-63.83259911894273,112.64484920163169,-63.417628049865435,112.6721941214377,-64.24153980696411,110.77608174063131,-64.24153980696411,110.80342666043732,-63.417628049865435,46.32222107873456,0.0553527737141069,S230518h,3432,46.32222107873456
39918,78.64864864864865,12.290748898678414,79.0709745030078,12.702425669697472,79.06965331340054,11.878426680871907,78.22764398389678,11.878426680871907,78.22632279428952,12.702425669697472,46.3099552000189,0.05533811659289938,S230518h,39918,46.3099552000189
39915,76.21621621621622,12.290748898678414,76.63854207057538,12.702425669697472,76.63722088096812,11.878426680871907,75.79521155146435,11.878426680871906,75.7938903618571,12.70242566969747,46.25429693364483,0.05527160770467732,S230518h,39915,46.25429693364483
9161,109.36708860759495,-46.38766519823788,109.95989884009327,-45.97412203082242,109.96891543766013,-46.79809855924331,108.76526177752982,-46.79809855924331,108.77427837509666,-45.97412203082242,46.234393473546355,0.05524782404972075,S230518h,9161,46.234393473546355
3237,120.00000000000001,-64.62555066079294,120.94699213207416,-64.2104742942904,120.9761448708499,-65.03437958642247,119.02385512915019,-65.03437958642247,119.05300786792593,-64.2104742942904,46.0923352050718,0.05507807141252046,S230518h,3237,46.0923352050718
334,103.63636363636364,-82.0704845814978,106.4739598145293,-81.64837791299924,106.78231795988363,-82.47127912354311,100.49040931284381,-82.47127912354311,100.79876745819814,-81.64837791299924,45.30609715510712,0.05413855564985564,S230518h,334,45.30609715510712
10455,108.1081081081081,-43.215859030837,108.66963477453102,-42.80247659158062,108.6772739239466,-43.62645778446824,107.53894229226964,-43.62645778446824,107.54658144168522,-42.80247659158062,45.22415951078149,0.05404064419873342,S230518h,10455,45.22415951078149
13243,105.53424657534245,-36.87224669603523,106.04649462332796,-36.4591416024184,106.05205017591442,-37.28312961719159,105.01644297477051,-37.2831296171916,105.02199852735697,-36.4591416024184,44.95944780047697,0.0537243267368601,S230518h,13243,44.95944780047697
27292,91.60714285714286,-9.911894273127745,92.0248606142646,-9.499635754784482,92.02591168953118,-10.32363510429469,91.18837402475455,-10.323635104294688,91.18942510002115,-9.499635754784482,44.91498883832627,0.05367120046583546,S230518h,27292,44.91498883832627
7944,115.15151515151514,-49.559471365638764,115.78134351621706,-49.14574791996211,115.79206126402765,-49.96971859197705,114.51096903900267,-49.96971859197705,114.52168678681323,-49.14574791996212,44.45639973767034,0.053123209067210214,S230518h,7944,44.45639973767034
7362,115.4006968641115,-51.14537444933921,116.05160395621073,-50.731551992847386,116.0633281533888,-51.55551916629976,114.73806557483421,-51.55551916629976,114.74978977201229,-50.731551992847386,44.23103437017911,0.052853908547951106,S230518h,7362,44.23103437017911
2496,121.37142857142857,-67.79735682819383,122.44272835577391,-67.38179061975697,122.4811460888299,-68.20566272627582,120.26171105402726,-68.20566272627582,120.30012878708328,-67.38179061975697,44.217742334210634,0.0528380252193449,S230518h,2496,44.217742334210634
14352,104.36170212765957,-34.49339207048458,104.85912421248821,-34.08037927022354,104.8640639561005,-34.9043692124224,103.85934029921867,-34.9043692124224,103.86428004283096,-34.08037927022353,44.033226680172945,0.05261753809660312,S230518h,14352,44.033226680172945
27746,96.21380846325167,-9.11894273127753,96.63060093692863,-8.706705239018994,96.6315641891408,-9.530704690151103,95.79605273736257,-9.530704690151103,95.79701598957473,-8.706705239018996,43.79743175361492,0.0523357747677136,S230518h,27746,43.79743175361492
12527,110.61452513966479,-38.45814977973568,111.13767091720962,-38.04497996500043,111.14368075830289,-38.86896652628231,110.08536952102672,-38.86896652628231,110.09137936212,-38.04497996500043,43.77111102122264,0.052304322788292675,S230518h,12527,43.77111102122264
6255,116.86567164179104,-54.31718061674009,117.564974975539,-53.90313837974235,117.57912050766622,-54.72709706878384,116.15222277591589,-54.72709706878384,116.16636830804312,-53.90313837974235,43.66738257111169,0.05218037239703343,S230518h,6255,43.66738257111169
3852,119.43925233644859,-62.24669603524229,120.31202692407057,-61.83191903806384,120.33620831727833,-62.65584209553192,118.54229635561886,-62.65584209553192,118.56647774882666,-61.83191903806384,43.46653297666273,0.05194036701963137,S230518h,3852,43.46653297666273
792,311.75257731958766,-78.1057268722467,313.6848518624215,-77.68692818611869,313.8213402918564,-78.51044785863185,309.683814347319,-78.51044785863185,309.82030277675386,-77.68692818611869,43.38337264061591,0.05184099451209628,S230518h,792,43.38337264061591
39028,80.53691275167786,10.704845814977984,80.9567802268573,11.11656541163852,80.95564028485089,10.292566172931755,80.11818521850485,10.292566172931755,80.11704527649844,11.11656541163852,43.34736239406179,0.05179796404027345,S230518h,39028,43.34736239406179
7,216.0,-89.20704845814979,234.8776973376072,-88.7265620997138,263.2430654230572,-89.43888621124117,168.7569345769444,-89.43888621124118,197.12230266239374,-88.7265620997138,42.866077240347714,0.05122285197558611,S230518h,7,42.866077240347714
649,126.59340659340658,-78.89867841409692,128.65666663080484,-78.4793982941756,128.8134999664546,-79.30284478864927,124.37331322035872,-79.30284478864927,124.53014655600845,-78.4793982941756,42.67138942802134,0.05099020962447175,S230518h,649,42.67138942802134
34526,88.01762114537446,2.775330396475771,88.43024877638791,3.187258563601827,88.42996120402971,2.363258613664059,87.60528108671923,2.3632586136640588,87.60499351436106,3.187258563601827,42.54171664352655,0.050835257030881334,S230518h,34526,42.54171664352655
737,107.62886597938144,-78.1057268722467,109.56114052221531,-77.68692818611869,109.69762895165022,-78.51044785863185,105.5601030071128,-78.51044785863185,105.69659143654769,-77.68692818611869,42.29690499979908,0.05054271916887355,S230518h,737,42.29690499979908
7940,110.3030303030303,-49.559471365638764,110.93285866773222,-49.14574791996211,110.94357641554281,-49.96971859197705,109.66248419051784,-49.96971859197704,109.6732019383284,-49.14574791996211,41.36037068304963,0.04942360676659009,S230518h,7940,41.36037068304963
19091,104.60048426150121,-24.97797356828193,105.05347541582671,-24.56528583049627,105.05652042443127,-25.38928120753105,104.14444809857117,-25.38928120753105,104.14749310717575,-24.565285830496265,41.211306852925496,0.0492454828281072,S230518h,19091,41.211306852925496
30442,88.21192052980132,-4.361233480176201,88.6248904500547,-3.949120571219745,88.62534365171231,-4.773120447311669,87.79849740789035,-4.773120447311668,87.79895060954797,-3.949120571219744,41.16231846522696,0.049186944116539656,S230518h,30442,41.16231846522696
7074,110.6713780918728,-51.93832599118943,111.33355716470258,-51.52445148152203,111.34583135093516,-52.3484167351701,109.99692483281046,-52.3484167351701,110.00919901904304,-51.52445148152202,41.01349372821154,0.04900910588255097,S230518h,7074,41.01349372821154
4982,111.5702479338843,-58.281938325991185,112.34485857756971,-57.86756924693668,112.36309385319352,-58.69151347490754,110.77740201457512,-58.69151347490754,110.79563729019895,-57.86756924693668,40.990349558169925,0.048981449738754734,S230518h,4982,40.990349558169925
25513,93.45372460496615,-13.083700440528629,93.87599890734909,-12.671356752470947,93.87741267669308,-13.495355601811843,93.03003653323927,-13.495355601811843,93.03145030258325,-12.671356752470947,40.83748261058311,0.04879878126213404,S230518h,25513,40.83748261058311
33160,84.84581497797357,0.3964757709251138,85.25784534445958,0.8084655200133553,85.25780434134113,-0.01553447896653181,84.43382561460602,-0.01553447896653181,84.43378461148758,0.8084655200133553,40.82794879068898,0.048787388816717105,S230518h,33160,40.82794879068898
25962,98.10810810810811,-12.290748898678414,98.52911277286,-11.878426680871907,98.53043396246727,-12.702425669697472,97.68578225374898,-12.702425669697472,97.68710344335625,-11.878426680871907,40.77622483616111,0.04872558123746236,S230518h,25962,40.77622483616111
37230,79.82261640798227,7.533039647577099,80.23859859442562,7.944843576662147,80.23780822489724,7.120843949196929,79.40742459106731,7.120843949196929,79.40663422153892,7.944843576662147,40.60541133503297,0.04852146751288102,S230518h,37230,40.60541133503297
5474,111.42857142857143,-56.69603524229075,112.17076371719577,-56.28180501119689,112.18718925868865,-57.10575565291882,110.66995359845427,-57.10575565291883,110.68637913994716,-56.28180501119689,40.459643115955785,0.04834728166735403,S230518h,5474,40.459643115955785
2673,121.32596685082872,-67.00440528634361,122.36292349761071,-66.58897323601025,122.39866288200508,-67.41285494292622,120.2532708196524,-67.41285494292622,120.28901020404679,-66.58897323601025,40.458873458948226,0.048346361965120745,S230518h,2673,40.458873458948226
34973,82.64900662251655,3.568281938325999,83.06199206359541,3.9801895252945707,83.06162185471948,3.1561896081352114,82.23639139031367,3.1561896081352114,82.23602118143774,3.9801895252945707,40.06468413946536,0.04787532513455155,S230518h,34973,40.06468413946536
37235,83.81374722838137,7.533039647577099,84.22972941482475,7.944843576662147,84.22893904529634,7.120843949196929,83.39855541146643,7.120843949196929,83.39776504193804,7.944843576662147,39.78347330348451,0.04753929202975838,S230518h,37235,39.78347330348451
696,312.5274725274725,-78.89867841409692,314.59073256487073,-78.4793982941756,314.7475659005205,-79.30284478864927,310.3073791544246,-79.30284478864927,310.4642124900744,-78.4793982941756,39.63205045362095,0.04735834917882304,S230518h,696,39.63205045362095
562,127.05882352941177,-79.69162995594714,129.2725639081579,-79.27179828196577,129.45461496976253,-80.09515405775674,124.66303208906113,-80.09515405775674,124.84508315066574,-79.27179828196577,39.55769248152217,0.04726949506285939,S230518h,562,39.55769248152217
39024,77.31543624161074,10.704845814977984,77.73530371679018,11.11656541163852,77.73416377478378,10.292566172931753,76.89670870843773,10.292566172931755,76.89556876643132,11.11656541163852,39.14611982104258,0.04677768599559302,S230518h,39024,39.14611982104258
39470,76.68161434977578,11.4977973568282,77.10266710165571,11.909495603172166,77.101437154165,11.085496484628674,76.26179154538659,11.085496484628674,76.26056159789589,11.909495603172168,39.12758164624015,0.04675553378935128,S230518h,39470,39.12758164624015
1057,125.21739130434783,-75.72687224669603,126.84214304851959,-75.3092106384869,126.93661376133328,-76.13288140227372,123.49816884736245,-76.13288140227372,123.59263956017614,-75.3092106384869,38.99436415554827,0.04659634544636368,S230518h,1057,38.99436415554827
18675,100.09756097560975,-25.770925110132158,100.55347986959308,-25.358212430272726,100.55665647835211,-26.18220746469686,99.63846547286742,-26.182207464696862,99.64164208162647,-25.35821243027273,38.97916646664231,0.046578184956313794,S230518h,18675,38.97916646664231
2668,111.38121546961327,-67.00440528634361,112.41817211639525,-66.58897323601025,112.45391150078963,-67.4128549429262,110.30851943843696,-67.41285494292622,110.34425882283132,-66.58897323601025,38.81347098972108,0.046380187018695854,S230518h,2668,38.81347098972108
36,147.27272727272725,-87.62114537444934,155.6735366701733,-87.17891333780612,159.10572333043615,-87.99048668489942,135.43973121501898,-87.99048668489942,138.8719178752817,-87.17891333780612,38.42688494044955,0.045918235721714946,S230518h,36,38.42688494044955
246,300.0,-83.65638766519824,303.4979806353107,-83.23188432017895,303.9803451543333,-84.05415885427023,296.01965484566693,-84.05415885427023,296.50201936468955,-83.23188432017895,38.219910571742375,0.04567091154060119,S230518h,246,38.219910571742375
34520,83.25991189427313,2.775330396475771,83.67253952528657,3.1872585636018274,83.67225195292838,2.363258613664059,82.84757183561791,2.363258613664059,82.84728426325971,3.1872585636018274,37.977471007142405,0.04538120819637167,S230518h,34520,37.977471007142405
32260,91.18942731277534,-1.1894273127753288,91.60145458697532,-0.7773965622341366,91.60157763560822,-1.6013965530507746,90.7772769899425,-1.6013965530507746,90.77740003857538,-0.7773965622341367,37.82422889015871,0.04519809141079155,S230518h,32260,37.82422889015871
946,125.5045871559633,-76.51982378854626,127.22004223378215,-76.10182559649995,127.3260786017666,-76.92545477824902,123.68309571016012,-76.92545477824902,123.78913207814453,-76.10182559649995,37.810447617463694,0.0451816234683826,S230518h,946,37.810447617463694
841,125.82524271844659,-77.31277533039648,127.642491932117,-76.89440067984016,127.7623290289464,-77.71798023642799,123.88815640794691,-77.71798023642799,124.0079935047763,-76.89440067984016,37.55951792626686,0.04488177484084462,S230518h,841,37.55951792626686
38577,77.94642857142857,9.911894273127757,78.3651974038169,10.323635104294702,78.3641463285503,9.49963575478449,77.52871081430686,9.499635754784492,77.52765973904026,10.323635104294702,37.53780904350516,0.04485583379468771,S230518h,38577,37.53780904350516
40802,76.56108597285068,13.876651982378856,76.98622676644841,14.288285389890966,76.98471897537307,13.46428669003154,76.13745297032828,13.464286690031539,76.13594517925296,14.288285389890964,37.51613826600247,0.044829938282439356,S230518h,40802,37.51613826600247
18,157.5,-88.41409691629956,169.15412242737384,-87.96006722777081,176.8405966314363,-88.75592005290403,138.15940336856465,-88.75592005290405,145.8458775726268,-87.96006722777081,37.51509124390582,0.04482868714257948,S230518h,18,37.51509124390582
15114,108.09399477806788,-32.90748898678414,108.58245806365775,-32.49453486789271,108.58702516503183,-33.31852594694663,107.60096439110397,-33.31852594694663,107.60553149247802,-32.49453486789271,37.309819154052335,0.04458339710089152,S230518h,15114,37.309819154052335
41242,75.27272727272727,14.669603524229084,75.69941278637404,15.08121502407063,75.69780942350909,14.257216483938366,74.84764512194546,14.257216483938366,74.8460417590805,15.08121502407063,37.18192520686692,0.04443057013031242,S230518h,41242,37.18192520686692
836,108.3495145631068,-77.31277533039648,110.1667637767772,-76.89440067984016,110.28660087360659,-77.71798023642799,106.41242825260711,-77.71798023642799,106.5322653494365,-76.89440067984016,37.17899445165378,0.04442706802211582,S230518h,836,37.17899445165378
10125,108.32826747720365,-44.008810572687224,108.8971393463935,-43.595389555507374,108.90509739848643,-44.41936967656474,107.75143755592089,-44.41936967656475,107.75939560801383,-43.595389555507374,37.15328217265751,0.04439634311454856,S230518h,10125,37.15328217265751
17867,105.77777777777777,-27.356828193832598,106.23993559267676,-26.944064625256555,106.24338731455715,-27.768058922397096,105.31216824099843,-27.768058922397096,105.31561996287883,-26.944064625256555,37.00916741516998,0.04422413307422015,S230518h,17867,37.00916741516998
941,108.9908256880734,-76.51982378854626,110.70628076589227,-76.10182559649996,110.8123171338767,-76.92545477824902,107.16933424227021,-76.92545477824902,107.27537061025465,-76.10182559649996,36.86965423439115,0.04405742169151982,S230518h,941,36.86965423439115
11127,107.36842105263158,-41.629955947136565,107.91612007865675,-41.21664778497281,107.92316564101394,-42.04063095682296,106.81367646424924,-42.04063095682296,106.82072202660643,-41.2166477849728,36.76781425644511,0.04393572793152685,S230518h,11127,36.76781425644511
23,270.0,-88.41409691629956,281.6541224273738,-87.96006722777081,289.3405966314363,-88.75592005290403,250.65940336856465,-88.75592005290405,258.34587757262676,-87.96006722777081,36.76690245629618,0.043934638375237436,S230518h,23,36.76690245629618
36785,84.6119733924612,6.740088105726872,85.02719339867261,7.1519128945390875,85.02648826701447,6.32791319208361,84.19745851790795,6.327913192083609,84.19675338624981,7.1519128945390875,36.60997491885677,0.04374711769364854,S230518h,36785,36.60997491885677
644,106.81318681318682,-78.89867841409692,108.87644685058507,-78.4793982941756,109.03328018623482,-79.30284478864927,104.59309344013893,-79.30284478864927,104.74992677578868,-78.4793982941756,36.587804415387566,0.043720625033472064,S230518h,644,36.587804415387566
606,313.4117647058823,-79.69162995594714,315.62550508462846,-79.27179828196577,315.8075561462331,-80.09515405775674,311.01597326553167,-80.09515405775674,311.1980243271363,-79.27179828196577,36.49063552387903,0.04360451299181109,S230518h,606,36.49063552387903
28,16.363636363636363,-87.62114537444934,24.764445761082392,-87.17891333780612,28.196632421345257,-87.99048668489942,4.530640305928094,-87.99048668489942,7.962826966190781,-87.17891333780612,36.26669734717269,0.04333691789527833,S230518h,28,36.26669734717269
17459,101.19402985074628,-28.149779735682813,101.65950655446599,-27.73699018685209,101.66310226394019,-28.560984087764982,100.72495743755238,-28.560984087764982,100.7285531470266,-27.73699018685209,36.11570980122167,0.04315649521108818,S230518h,17459,36.11570980122167
9165,113.9240506329114,-46.38766519823788,114.51686086540974,-45.97412203082243,114.52587746297658,-46.79809855924331,113.32222380284625,-46.79809855924331,113.33124040041311,-45.97412203082243,36.08902552697208,0.0431246088170452,S230518h,9165,36.08902552697208
17065,106.46616541353383,-28.942731277533042,106.93509947907202,-28.529915367522033,106.93884380404916,-29.353908852689084,105.99348702301852,-29.353908852689084,105.99723134799567,-28.52991536752203,35.92320305622902,0.04292645912806216,S230518h,17065,35.92320305622902
35883,86.01769911504425,5.154185022026442,86.43164021073763,5.566051321614404,86.43110357916325,4.742051494942347,85.60429465092528,4.742051494942346,85.6037580193509,5.566051321614404,35.90993787534315,0.04291060788995757,S230518h,35883,35.90993787534315
16275,107.17557251908396,-30.528634361233472,107.6518547851839,-30.115764510139417,107.65591134363316,-30.939757101513468,106.69523369453478,-30.939757101513468,106.69929025298406,-30.115764510139417,35.90489553344448,0.042904582539626646,S230518h,16275,35.90489553344448
476,104.8101265822785,-80.48458149779735,107.19850338385089,-80.06411137054322,107.4123353356906,-80.88735279819687,102.20791782886654,-80.88735279819687,102.42174978070624,-80.06411137054322,35.89128967217337,0.04288832420523363,S230518h,476,35.89128967217337
9799,108.55384615384615,-44.801762114537446,109.13036980680478,-44.3883014891219,109.1386629248192,-45.212280478379306,107.96902938287316,-45.212280478379306,107.97732250088757,-44.3883014891219,35.856593963539176,0.042846864541509495,S230518h,9799,35.856593963539176
29,32.72727272727273,-87.62114537444934,41.12808212471876,-87.17891333780612,44.56026878498161,-87.99048668489942,20.894276669564455,-87.99048668489942,24.326463329827142,-87.17891333780612,35.50062416677255,0.04242149815901267,S230518h,29,35.50062416677255
77,347.58620689655174,-86.82819383259911,354.1483959558564,-86.39261080599432,356.0801471323439,-87.20964603970096,339.09226666076006,-87.20964603970097,341.0240178372474,-86.39261080599432,35.42253843575479,0.042328189554660986,S230518h,77,35.42253843575479
5732,117.66536964980546,-55.903083700440526,118.39255260271769,-55.48891864894875,118.40816558202681,-56.312872163536376,116.92257371758416,-56.312872163536376,116.93818669689325,-55.48891864894874,35.35093017321927,0.04224262120625533,S230518h,5732,35.35093017321927
29997,93.98230088495576,-5.154185022026429,94.39570534907475,-4.7420514949423325,94.39624198064914,-5.56605132161439,93.56835978926242,-5.56605132161439,93.5688964208368,-4.7420514949423325,35.15971578094888,0.04201412942110899,S230518h,29997,35.15971578094888
4744,111.35593220338983,-59.0748898678414,112.14807200620183,-58.66044668574083,112.16731733346715,-59.484387326551065,110.54454707331254,-59.484387326551065,110.56379240057788,-58.66044668574083,34.94245194948757,0.04175450983856142,S230518h,4744,34.94245194948757
557,105.88235294117646,-79.69162995594714,108.0960933199226,-79.27179828196577,108.27814438152723,-80.09515405775674,103.48656150082583,-80.09515405775674,103.66861256243044,-79.27179828196577,34.852563712700444,0.041647097820860866,S230518h,557,34.852563712700444
4068,119.45454545454544,-61.45374449339207,120.30541208955307,-61.03905717979253,120.32820487616782,-61.8629851909482,118.58088603292309,-61.8629851909482,118.60367881953786,-61.03905717979253,34.68606450818207,0.0414481394683324,S230518h,4068,34.68606450818207
40800,74.93212669683258,13.876651982378856,75.35726749043033,14.288285389890964,75.35575969935499,13.464286690031537,74.5084936943102,13.464286690031539,74.50698590323486,14.288285389890966,34.65170474052187,0.04140708123753359,S230518h,40800,34.65170474052187
39474,79.91031390134529,11.4977973568282,80.3313666532252,11.909495603172166,80.33013670573449,11.085496484628674,79.4904910969561,11.085496484628674,79.48926114946539,11.909495603172166,34.62518104313992,0.04137538672494212,S230518h,39474,34.62518104313992
1174,124.9586776859504,-74.93392070484582,126.50211456955995,-74.51656193148142,126.58679675805963,-75.34026788245248,123.33055861384126,-75.34026788245248,123.41524080234092,-74.51656193148142,34.355131736032654,0.0410526910976631,S230518h,1174,34.355131736032654
34073,88.81057268722468,1.9823788546255565,89.22292203459487,2.3943275702109994,89.22271682252301,1.5703275957333775,88.39842855192637,1.5703275957333775,88.39822333985451,2.3943275702109994,34.31358294262639,0.04100304233501845,S230518h,34073,34.31358294262639
6799,116.54676258992806,-52.731277533039645,117.22074225807651,-52.31734912509883,117.23360121957883,-53.14131233231502,115.85992396027734,-53.14131233231502,115.87278292177966,-52.31734912509883,33.868384691522564,0.040471052342367184,S230518h,6799,33.868384691522564
604,304.94117647058823,-79.69162995594714,307.15491684933437,-79.27179828196577,307.336967910939,-80.09515405775674,302.5453850302376,-80.09515405775674,302.7274360918422,-79.27179828196577,33.72480915350366,0.04029948664275763,S230518h,604,33.72480915350366
1297,124.72440944881889,-74.1409691629956,126.19454909296675,-73.72388440822797,126.27087348544178,-74.54762039818306,123.17794541219605,-74.54762039818306,123.25426980467107,-73.72388440822797,33.66841567796984,0.040232099215784516,S230518h,1297,33.66841567796984
40361,78.0135440180587,13.083700440528641,78.43723208978561,13.495355601811857,78.43581832044163,12.671356752470958,77.59126971567578,12.671356752470958,77.58985594633181,13.495355601811857,33.464977733666274,0.039989000887732454,S230518h,40361,33.464977733666274
55,74.48275862068967,-86.82819383259911,81.04494767999434,-86.39261080599432,82.97669885648182,-87.20964603970096,65.98881838489795,-87.20964603970097,67.92056956138534,-86.39261080599432,32.995423735078575,0.03942790697588826,S230518h,55,32.995423735078575
277,131.99999999999997,-82.86343612334801,135.1331058920265,-82.44025599411538,135.51402750462697,-83.26289593133454,128.4859724953732,-83.26289593133454,128.86689410797362,-82.44025599411538,32.8882172787119,0.039299800538378074,S230518h,277,32.8882172787119
40358,75.57562076749436,13.083700440528641,75.99930883922127,13.495355601811857,75.99789506987729,12.67135675247096,75.15334646511145,12.67135675247096,75.15193269576747,13.495355601811857,32.81890003363898,0.039216969843051855,S230518h,40358,32.81890003363898
2491,111.08571428571427,-67.79735682819383,112.15701407005962,-67.38179061975697,112.19543180311564,-68.20566272627583,109.97599676831298,-68.20566272627582,110.01441450136899,-67.38179061975697,32.73480294082469,0.03911647795729682,S230518h,2491,32.73480294082469
9482,113.625,-45.59471365638766,114.20949754980957,-45.18121233479309,114.21814308440531,-46.00519012804661,113.03185691559474,-46.00519012804661,113.04050245019049,-45.181212334793095,32.671654864699654,0.03904101911515086,S230518h,9482,32.671654864699654
5230,118.05668016194332,-57.48898678414097,118.81466262510072,-57.074688612831366,118.83196024952902,-57.89863616625649,117.28140007435765,-57.89863616625649,117.29869769878594,-57.074688612831366,32.54630076387426,0.03889122713593359,S230518h,5230,32.54630076387426
12881,105.70637119113574,-37.665198237885456,106.22396118551119,-37.25206112430854,106.22973913552035,-38.07604843049503,105.18300324675117,-38.07604843049503,105.18878119676033,-37.25206112430854,32.40516780121635,0.03872258019363076,S230518h,12881,32.40516780121635
1426,124.51127819548873,-73.34801762114537,125.91502193158878,-72.93118208543437,125.98415331273245,-73.75494392316726,123.03840307824508,-73.75494392316726,123.10753445938876,-72.93118208543437,32.148720546366405,0.038416138349160786,S230518h,1426,32.148720546366405
4749,118.98305084745763,-59.0748898678414,119.77519065026961,-58.66044668574083,119.79443597753496,-59.484387326551065,118.17166571738034,-59.484387326551065,118.19091104464566,-58.66044668574083,31.50710788782069,0.03764944280923359,S230518h,4749,31.50710788782069
41241,74.45454545454545,14.669603524229084,74.88123096819223,15.08121502407063,74.87962760532727,14.257216483938368,74.02946330376365,14.257216483938368,74.0278599408987,15.08121502407063,31.50022111593072,0.037641213455865616,S230518h,41241,31.50022111593072
893,307.5728155339806,-77.31277533039648,309.39006474765097,-76.89440067984016,309.50990184448034,-77.71798023642799,305.6357292234809,-77.71798023642799,305.75556632031027,-76.89440067984016,31.483398038182838,0.03762111070616865,S230518h,893,31.483398038182838
86,82.28571428571429,-86.0352422907489,87.66846992048474,-85.60392149454682,88.90471058249005,-86.42347525027024,75.6667179889389,-86.42347525027024,76.90295865094414,-85.60392149454684,30.9518554293406,0.036985943456812435,S230518h,86,30.9518554293406
5986,110.8745247148289,-55.110132158590304,111.58742715768786,-54.6960297144893,111.60228172695206,-55.51998590579551,110.14676770270577,-55.51998590579551,110.16162227196999,-54.6960297144893,30.869638452451277,0.03688769821702833,S230518h,5986,30.869638452451277
30894,87.41721854304636,-3.5682819383259865,87.82983377524928,-3.156189608135198,87.83020398412522,-3.9801895252945587,87.00423310196754,-3.9801895252945587,87.00460331084348,-3.156189608135198,30.828814464861416,0.036838915561651586,S230518h,30894,30.828814464861416
193,298.72340425531917,-84.44933920704845,302.6831492357393,-84.02316364812863,303.3134704648793,-84.84490493230915,294.1333380457593,-84.84490493230915,294.7636592748993,-84.02316364812863,30.73283854237403,0.0367242290592402,S230518h,193,30.73283854237403
26845,91.81208053691275,-10.704845814977972,92.23080807008579,-10.292566172931743,92.23194801209219,-11.116565411638508,91.39221306173333,-11.116565411638506,91.39335300373973,-10.292566172931743,30.731825646392938,0.03672301869840837,S230518h,26845,30.731825646392938
7358,110.38327526132404,-51.14537444933921,111.03418235342328,-50.73155199284739,111.04590655060134,-51.55551916629977,109.72064397204677,-51.55551916629977,109.73236816922484,-50.73155199284739,30.487609395115168,0.03643119230106639,S230518h,7358,30.487609395115168
15109,103.39425587467363,-32.90748898678414,103.88271916026352,-32.49453486789271,103.88728626163757,-33.31852594694663,102.90122548770972,-33.31852594694663,102.90579258908377,-32.49453486789271,30.36633451004776,0.036286274783857306,S230518h,15109,30.36633451004776
123,87.8048780487805,-85.24229074889868,92.36754892727961,-84.8139342246618,93.22581530401656,-85.63485327447668,82.38394079354471,-85.63485327447668,83.24220717028162,-84.8139342246618,30.324115665632846,0.03623582534324439,S230518h,123,30.324115665632846
305,299.99999999999994,-82.86343612334801,303.1331058920265,-82.44025599411538,303.51402750462694,-83.26289593133454,296.4859724953732,-83.26289593133454,296.8668941079736,-82.44025599411538,30.19008949790583,0.036075670671011535,S230518h,305,30.19008949790583
38129,78.57461024498886,9.118942731277542,78.99236597087798,9.530704690151113,78.99140271866581,8.706705239019007,78.15781777131193,8.706705239019007,78.15685451909975,9.530704690151113,30.129134868213065,0.03600283288936726,S230518h,38129,30.129134868213065
8238,109.66887417218543,-48.76651982378854,110.28884127300144,-48.35284353488515,110.29909778696283,-49.17681580276791,109.03865055740808,-49.17681580276791,109.04890707136947,-48.35284353488515,30.045870900279542,0.03590333654682943,S230518h,8238,30.045870900279542
23763,100.50343249427918,-16.255506607929515,100.9316903518162,-15.843075601114814,100.93348996107943,-16.667073789960476,100.07337502747895,-16.667073789960476,100.07517463674219,-15.843075601114814,30.02556315468133,0.03587906979060392,S230518h,23763,30.02556315468133
24193,94.52054794520548,-15.462555066079286,94.94717118189382,-15.05014612433696,94.94887177868011,-15.874144494227743,94.09222411173087,-15.874144494227743,94.09392470851718,-15.050146124336957,29.265483301640714,0.034970811785477236,S230518h,24193,29.265483301640714
15879,102.46153846153845,-31.3215859030837,102.94172127368228,-30.908688431840126,102.9459420546958,-31.732680543125166,101.97713486838114,-31.732680543125166,101.98135564939467,-30.908688431840126,29.21496838584451,0.034910448947985014,S230518h,15879,29.21496838584451
34979,87.41721854304636,3.568281938325999,87.83020398412522,3.9801895252945707,87.82983377524928,3.156189608135211,87.00460331084348,3.156189608135211,87.00423310196754,3.9801895252945707,28.912593073920597,0.03454912533638167,S230518h,34979,28.912593073920597
35425,81.8543046357616,4.361233480176214,82.26772775767257,4.7731204473116815,82.26727455601497,3.9491205712197575,81.44133471550823,3.9491205712197575,81.44088151385063,4.7731204473116815,28.89093821395731,0.03452324884480928,S230518h,35425,28.89093821395731
2155,110.42944785276075,-69.38325991189427,111.57743994392042,-68.96739668573589,111.62216921927197,-69.79124615397053,109.23672648624958,-69.79124615397053,109.28145576160114,-68.96739668573589,28.81563940475884,0.03443327047482956,S230518h,2155,28.81563940475884
26852,97.44966442953022,-10.704845814977972,97.86839196270326,-10.292566172931743,97.86953190470966,-11.116565411638506,97.0297969543508,-11.116565411638506,97.0309368963572,-10.29256617293174,28.811347739145262,0.034428142145703,S230518h,26852,28.811347739145262
29088,89.40133037694014,-6.740088105726872,89.81584525149341,-6.327913192083608,89.81655038315155,-7.1519128945390875,88.98611037072875,-7.1519128945390875,88.98681550238688,-6.327913192083609,28.568152319005932,0.034137535591315236,S230518h,29088,28.568152319005932
339,130.9090909090909,-82.0704845814978,133.74668708725656,-81.64837791299924,134.0550452326109,-82.47127912354311,127.76313658557109,-82.47127912354311,128.07149473092542,-81.64837791299924,28.556494519645984,0.03412360509500162,S230518h,339,28.556494519645984
5991,117.71863117870721,-55.110132158590304,118.43153362156617,-54.6960297144893,118.44638819083036,-55.51998590579551,116.99087416658409,-55.51998590579551,117.0057287358483,-54.6960297144893,28.554616311977014,0.03412136072930266,S230518h,5991,28.554616311977014
31800,86.43171806167402,-1.9823788546255436,86.84386219697235,-1.570327595733365,86.84406740904423,-2.394327570210987,86.01936871430385,-2.3943275702109865,86.01957392637571,-1.570327595733365,28.521855896639394,0.034082213645792114,S230518h,31800,28.521855896639394
14357,109.14893617021276,-34.49339207048458,109.6463582550414,-34.08037927022354,109.65129799865369,-34.9043692124224,108.64657434177187,-34.9043692124224,108.65151408538416,-34.08037927022354,28.506466440855352,0.03406382400376373,S230518h,14357,28.506466440855352
3437,120.5911330049261,-63.83259911894273,121.51184427552332,-63.41762804986544,121.53918919532933,-64.24153980696411,119.64307681452291,-64.24153980696411,119.67042173432893,-63.41762804986544,28.041459495772457,0.03350816359700319,S230518h,3437,28.041459495772457
28188,90.4,-8.325991189427315,90.81595076923503,-7.913774634311463,90.81682714958937,-8.737774178046251,89.98317285041068,-8.737774178046251,89.98404923076501,-7.913774634311463,27.6803089643859,0.03307660649168669,S230518h,28188,27.6803089643859
28195,96.00000000000001,-8.325991189427315,96.41595076923504,-7.913774634311463,96.41682714958938,-8.737774178046251,95.58317285041069,-8.737774178046253,95.58404923076503,-7.913774634311463,27.6656573113003,0.03305909848756041,S230518h,28195,27.6656573113003
8541,109.41176470588235,-47.97356828193832,110.02228969141433,-47.55993770453136,110.03211015321327,-48.38391147608005,108.79141925855147,-48.38391147608005,108.8012397203504,-47.55993770453136,27.571957893521926,0.0329471322962024,S230518h,8541,27.571957893521926
44,278.1818181818182,-87.62114537444934,286.5826275792642,-87.17891333780612,290.014814239527,-87.99048668489942,266.34882212410986,-87.99048668489942,269.78100878437255,-87.17891333780612,27.48269308161354,0.0328404652405403,S230518h,44,27.48269308161354
13978,104.23592493297586,-35.2863436123348,104.7380968389324,-34.873300645065186,104.74323380671372,-35.69728997603087,103.72861605923804,-35.69728997603087,103.73375302701936,-34.873300645065186,27.418866664185565,0.03276419581393255,S230518h,13978,27.418866664185565
407,130.0,-81.27753303964757,132.59344440910303,-80.85631496766386,132.84811268417525,-81.67940943737075,127.15188731582492,-81.67940943737075,127.40655559089711,-80.85631496766386,27.286470813680417,0.03260598929051818,S230518h,407,27.286470813680417
29095,94.98891352549889,-6.740088105726872,95.40342840005216,-6.32791319208361,95.4041335317103,-7.1519128945390875,94.5736935192875,-7.1519128945390875,94.57439865094564,-6.32791319208361,27.26704802572588,0.032582780015109794,S230518h,29095,27.26704802572588
41681,74.79452054794521,15.462555066079299,75.22284438141985,15.874144494227755,75.22114378463354,15.050146124336973,74.3678973112569,15.050146124336973,74.3661967144706,15.874144494227755,27.166251128272602,0.032462332684954104,S230518h,41681,27.166251128272602
894,311.06796116504853,-77.31277533039648,312.88521037871897,-76.89440067984016,313.0050474755483,-77.71798023642799,309.13087485454884,-77.717980236428,309.25071195137826,-76.89440067984016,27.162086506702554,0.0324573561672051,S230518h,894,27.162086506702554
16663,101.81818181818183,-29.735682819383257,102.29071616686727,-29.32284014850106,102.29461401056544,-30.146833197483723,101.34174962579823,-30.146833197483716,101.3456474694964,-29.322840148501058,27.109711779460152,0.03239477094659447,S230518h,16663,27.109711779460152
151,333.6585365853659,-85.24229074889868,338.221207463865,-84.8139342246618,339.0794738406019,-85.63485327447668,328.23759933013014,-85.63485327447668,329.095865706867,-84.8139342246618,26.8864200462963,0.03212794831827012,S230518h,151,26.8864200462963
23328,100.9655172413793,-17.04845814977973,101.39550496394995,-16.63600490388133,101.39740548538228,-17.460002900567098,100.53362899737635,-17.460002900567098,100.53552951880869,-16.63600490388133,26.77781928892792,0.0319981757597053,S230518h,23328,26.77781928892792
4063,111.27272727272727,-61.45374449339207,112.12359390773489,-61.039057179792515,112.14638669434964,-61.8629851909482,110.39906785110492,-61.8629851909482,110.42186063771969,-61.03905717979253,26.759583892568465,0.031976385358796926,S230518h,4063,26.759583892568465
6520,110.76923076923076,-53.52422907488987,111.45557306591166,-53.11024480192551,111.46905466791694,-53.9342058250359,110.06940687054461,-53.9342058250359,110.0828884725499,-53.11024480192551,26.626652343700513,0.031817538702211816,S230518h,6520,26.626652343700513
24631,94.0909090909091,-14.669603524229071,94.51599124169093,-14.257216483938354,94.51759460455588,-15.081215024070618,93.66422357726235,-15.081215024070618,93.66582694012729,-14.257216483938354,26.525306775485078,0.03169643573750679,S230518h,24631,26.525306775485078
19085,99.37046004842615,-24.97797356828193,99.82345120275166,-24.565285830496276,99.82649621135621,-25.389281207531052,98.91442388549613,-25.389281207531052,98.9174688941007,-24.565285830496276,26.24920413973898,0.03136650668051391,S230518h,19085,26.24920413973898
166,91.91489361702128,-84.44933920704845,95.87463859744136,-84.02316364812863,96.50495982658143,-84.84490493230915,87.32482740746138,-84.84490493230915,87.9551486366014,-84.02316364812863,26.09654557066882,0.031184087205962007,S230518h,166,26.09654557066882
1561,124.31654676258992,-72.55506607929516,125.6598777429441,-72.13845826697556,125.722773985944,-72.96224250578142,122.91031953923593,-72.96224250578142,122.9732157822358,-72.13845826697556,26.04303583881288,0.031120145710715266,S230518h,1561,26.04303583881288
111,339.42857142857144,-86.0352422907489,344.8113270633418,-85.60392149454682,346.04756772534716,-86.42347525027023,332.809575131796,-86.42347525027024,334.04581579380124,-85.60392149454684,25.93478159498167,0.030990787218768263,S230518h,111,25.93478159498167
20339,103.71428571428572,-22.599118942731273,104.15921868694373,-22.186504209500654,104.16189014173246,-23.010500518546074,103.26668128683902,-23.010500518546074,103.26935274162774,-22.186504209500654,25.711951982627863,0.030724516802061393,S230518h,20339,25.711951982627863
3642,120.57416267942584,-63.039647577092516,121.47017922759004,-62.62477613751,121.4958729183002,-63.44869379522385,119.65245244055151,-63.44869379522385,119.67814613126168,-62.62477613751,25.61308977279581,0.030606381328367058,S230518h,3642,25.61308977279581
25071,93.66515837104072,-13.876651982378856,94.08879137356313,-13.464286690031539,94.09029916463847,-14.288285389890964,93.240017577443,-14.288285389890966,93.24152536851834,-13.464286690031539,25.342414535697003,0.030282937745563107,S230518h,25071,25.342414535697003
8853,114.59807073954985,-47.1806167400881,115.1995503580163,-46.76703051106875,115.20895808115627,-47.59100570076906,113.98718339794345,-47.59100570076906,113.99659112108343,-46.76703051106875,25.329703010481566,0.03026774809872784,S230518h,8853,25.329703010481566
21176,97.41176470588236,-21.01321585903083,97.85189867887661,-20.600648421674038,97.85433687721638,-21.424645278266137,96.96919253454838,-21.42464527826614,96.97163073288816,-20.60064842167404,25.318708122516203,0.030254609748895166,S230518h,21176,25.318708122516203
32253,85.6387665198238,-1.1894273127753288,86.05079379402379,-0.7773965622341366,86.05091684265669,-1.6013965530507746,85.22661619699096,-1.6013965530507746,85.22673924562386,-0.7773965622341367,25.186676206661954,0.030096838109471873,S230518h,32253,25.186676206661954
37685,83.2,8.325991189427315,83.61682714958935,8.737774178046251,83.61595076923501,7.913774634311463,82.784049230765,7.913774634311463,82.78317285041066,8.737774178046251,25.006644823347344,0.029881709469480426,S230518h,37685,25.006644823347344
35877,81.23893805309734,5.154185022026442,81.65287914879072,5.566051321614404,81.65234251721634,4.742051494942347,80.82553358897837,4.742051494942347,80.824996957404,5.566051321614404,24.91030227943028,0.029766584872509605,S230518h,35877,24.91030227943028
221,133.33333333333331,-83.65638766519824,136.83131396864397,-83.23188432017895,137.31367848766658,-84.05415885427023,129.35298817900028,-84.05415885427023,129.8353526980229,-83.23188432017895,24.372334570663487,0.029123739945055658,S230518h,221,24.372334570663487
17861,100.44444444444444,-27.356828193832598,100.90660225934342,-26.94406462525655,100.91005398122381,-27.7680589223971,99.9788349076651,-27.7680589223971,99.98228662954548,-26.944064625256555,24.341036393016154,0.029086340163598026,S230518h,17861,24.341036393016154
72,285.51724137931035,-86.82819383259911,292.079430438615,-86.39261080599432,294.01118161510254,-87.20964603970096,277.02330114351867,-87.20964603970097,278.955052320006,-86.39261080599432,24.004776685538808,0.02868452636746056,S230518h,72,24.004776685538808
29990,88.4070796460177,-5.154185022026429,88.8204841101367,-4.7420514949423325,88.82102074171108,-5.56605132161439,87.99313855032437,-5.56605132161439,87.99367518189875,-4.7420514949423325,23.600325159819338,0.028201226705654128,S230518h,29990,23.600325159819338
22028,96.5034965034965,-19.427312775330385,96.93926415563102,-19.0147916595889,96.94148010208377,-19.838789009642714,96.06551290490927,-19.838789009642714,96.06772885136202,-19.0147916595889,23.335951630855227,0.027885313353833693,S230518h,22028,23.335951630855227
197,329.36170212765956,-84.44933920704845,333.32144710807967,-84.02316364812863,333.9517683372197,-84.84490493230915,324.77163591809966,-84.84490493230915,325.40195714723967,-84.02316364812863,23.150835829523512,0.027664109084621222,S230518h,197,23.150835829523512
38134,82.58351893095768,9.118942731277542,83.0012746568468,9.530704690151115,83.00031140463463,8.706705239019007,82.16672645728073,8.706705239019007,82.16576320506857,9.530704690151115,22.979575004642808,0.027459460830177636,S230518h,38134,22.979575004642808
19921,104.21052631578948,-23.3920704845815,104.65802775179964,-22.979431705267228,104.66082038376297,-23.803427718976764,103.760232247816,-23.803427718976764,103.76302487977934,-22.979431705267228,22.865268205435395,0.02732286983252756,S230518h,19921,22.865268205435395
14734,108.94736842105264,-33.70044052863436,109.44022320179818,-33.28745733567704,109.44497313465962,-34.111447860069845,108.4497637074457,-34.111447860069845,108.45451364030716,-33.28745733567705,22.695816833553327,0.02712038378533672,S230518h,14734,22.695816833553327
12522,105.58659217877094,-38.45814977973568,106.10973795631577,-38.04497996500043,106.11574779740904,-38.86896652628231,105.05743656013287,-38.86896652628231,105.06344640122614,-38.04497996500043,22.68377111498881,0.02710598974467118,S230518h,12522,22.68377111498881
24638,99.81818181818181,-14.669603524229071,100.24326396896363,-14.257216483938354,100.24486733182859,-15.081215024070618,99.39149630453504,-15.081215024070618,99.39309966740001,-14.257216483938354,22.649290339158682,0.027064786915066617,S230518h,24638,22.649290339158682
1996,110.06369426751591,-70.17621145374449,111.25466146085986,-69.76018311462353,111.30312849128451,-70.58401916889025,108.82426004374742,-70.58401916889026,108.87272707417203,-69.76018311462354,22.496867833209812,0.026882649524323104,S230518h,1996,22.496867833209812
15498,108.18652849740934,-32.114537444933916,108.67076977823864,-31.701611891991252,108.67516062199196,-32.525603499574515,107.69789637282673,-32.52560349957452,107.70228721658006,-31.701611891991252,21.79023805858281,0.026038261731516354,S230518h,15498,21.79023805858281
694,304.6153846153846,-78.89867841409692,306.67864465278285,-78.4793982941756,306.83547798843256,-79.30284478864927,302.3952912423367,-79.30284478864927,302.55212457798643,-78.4793982941756,21.651827423886868,0.02587286783710598,S230518h,694,21.651827423886868
3847,111.02803738317756,-62.24669603524229,111.90081197079957,-61.83191903806385,111.92499336400734,-62.65584209553192,110.13108140234786,-62.65584209553192,110.15526279555564,-61.83191903806385,21.095951591679654,0.025208623583770032,S230518h,3847,21.095951591679654
40803,77.37556561085972,13.876651982378856,77.80070640445747,14.288285389890964,77.79919861338213,13.464286690031539,76.95193260833734,13.464286690031539,76.950424817262,14.288285389890966,21.069765794626893,0.02517733284543688,S230518h,40803,21.069765794626893
22895,101.43187066974595,-17.841409691629956,101.86368532725342,-17.428934021946972,101.86568878678288,-18.252931815023985,100.99805255270905,-18.252931815023985,101.00005601223852,-17.428934021946972,20.991234688941635,0.025083492040283643,S230518h,22895,20.991234688941635
2320,110.76923076923076,-68.59030837004406,111.8774456272073,-68.17459878462348,111.91884417610588,-68.99846020179434,109.6196173623557,-68.99846020179434,109.6610159112543,-68.17459878462347,20.822417164626007,0.02488176340972995,S230518h,2320,20.822417164626007
33613,84.05286343612336,1.1894273127753414,84.46501375895623,1.601396553050787,84.46489071032333,0.7773965622341494,83.6408361619234,0.7773965622341494,83.6407131132905,1.601396553050787,20.805831521076698,0.024861944382211225,S230518h,33613,20.805831521076698
1002,310.45871559633025,-76.51982378854626,312.1741706741491,-76.10182559649995,312.28020704213355,-76.92545477824902,308.63722415052706,-76.92545477824902,308.7432605185115,-76.10182559649995,20.5042354807852,0.02450155196184454,S230518h,1002,20.5042354807852
31807,91.98237885462555,-1.9823788546255436,92.39452298992389,-1.570327595733365,92.39472820199575,-2.3943275702109865,91.57002950725538,-2.3943275702109865,91.57023471932725,-1.570327595733365,20.301581373343115,0.024259390280253115,S230518h,31807,20.301581373343115
2002,123.82165605095543,-70.17621145374449,125.01262324429938,-69.76018311462354,125.06109027472401,-70.58401916889025,122.58222182718691,-70.58401916889026,122.63068885761156,-69.76018311462354,20.289404634685656,0.024244839677026717,S230518h,2002,20.289404634685656
36779,79.82261640798227,6.740088105726872,80.23783641419368,7.151912894539087,80.23713128253554,6.327913192083609,79.40810153342902,6.327913192083609,79.40739640177088,7.151912894539087,20.270225077333965,0.02422192105021432,S230518h,36779,20.270225077333965
38582,81.96428571428571,9.911894273127757,82.38305454667405,10.323635104294702,82.38200347140744,9.499635754784492,81.546567957164,9.499635754784492,81.5455168818974,10.323635104294702,20.24989761907729,0.024197630738332424,S230518h,38582,20.24989761907729
5727,110.66147859922178,-55.903083700440526,111.38866155213401,-55.48891864894874,111.40427453144312,-56.31287216353637,109.91868266700048,-56.312872163536376,109.9342956463096,-55.48891864894874,20.10811475880245,0.02402820720037226,S230518h,5727,20.10811475880245
22464,101.90255220417633,-18.63436123348017,102.33629281361705,-18.22186294430115,102.3384013689194,-19.045860521962172,101.46670303943328,-19.045860521962176,101.46881159473564,-18.22186294430115,20.002617025840244,0.02390214260320878,S230518h,22464,20.002617025840244
22457,96.05568445475639,-18.63436123348017,96.4894250641971,-18.22186294430115,96.49153361949946,-19.045860521962176,95.61983529001334,-19.045860521962176,95.6219438453157,-18.22186294430115,19.899295620193964,0.023778678610045734,S230518h,22457,19.899295620193964
12167,105.76271186440678,-39.2511013215859,106.2916363861631,-38.837898089585806,106.29788823472477,-39.661883867452254,105.22753549408881,-39.661883867452254,105.23378734265049,-38.837898089585806,19.598659329258577,0.023419433042910474,S230518h,12167,19.598659329258577
33167,90.39647577092511,0.3964757709251138,90.80850613741113,0.8084655200133553,90.80846513429267,-0.015534478966531814,89.98448640755757,-0.01553447896653181,89.98444540443913,0.8084655200133551,19.527576069628306,0.023334492047130336,S230518h,33167,19.527576069628306
1702,124.13793103448276,-71.76211453744493,125.42607027337067,-71.3457156953099,125.4835263184029,-72.16951947469762,122.79233575056269,-72.16951947469762,122.8497917955949,-71.3457156953099,19.28336788268807,0.023042675286274693,S230518h,1702,19.28336788268807
24200,100.27397260273973,-15.462555066079286,100.70059583942806,-15.050146124336957,100.70229643621437,-15.874144494227743,99.84564876926511,-15.874144494227743,99.84734936605142,-15.050146124336957,19.18048819976882,0.022919739130024135,S230518h,24200,19.18048819976882
21601,96.95550351288057,-20.220264317180614,97.39340150462516,-19.80772015608625,97.39572728173512,-20.631717265930423,96.51527974402603,-20.631717265930423,96.51760552113599,-19.807720156086255,19.14976778633039,0.02288302974835241,S230518h,21601,19.14976778633039
20753,97.87234042553192,-21.80616740088106,98.31481851137103,-21.39357644381029,98.31737188006274,-22.217573033637223,97.42730897100112,-22.217573033637223,97.42986233969285,-21.39357644381029,19.108890312221458,0.022834183179218558,S230518h,20753,19.108890312221458
18681,105.36585365853658,-25.770925110132158,105.82177255251989,-25.358212430272726,105.82494916127894,-26.18220746469686,104.90675815579426,-26.18220746469686,104.9099347645533,-25.358212430272726,18.702394603652053,0.02234844081954299,S230518h,18681,18.702394603652053
41243,76.0909090909091,14.669603524229084,76.51759460455588,15.08121502407063,76.51599124169093,14.257216483938365,75.66582694012729,14.257216483938366,75.66422357726235,15.08121502407063,18.686729084268492,0.02232972129510399,S230518h,41243,18.686729084268492
33620,89.60352422907489,1.1894273127753414,90.01567455190778,1.6013965530507872,90.01555150327488,0.7773965622341495,89.19149695487494,0.7773965622341497,89.19137390624205,1.6013965530507874,18.676294801725067,0.022317252841151543,S230518h,33620,18.676294801725067
3232,110.9090909090909,-64.62555066079294,111.85608304116506,-64.2104742942904,111.88523577994077,-65.03437958642247,109.9329460382411,-65.03437958642247,109.96209877701682,-64.2104742942904,18.639296797476092,0.022273042047511356,S230518h,3232,18.639296797476092
41680,73.97260273972603,15.462555066079299,74.40092657320066,15.874144494227755,74.39922597641436,15.050146124336973,73.54597950303771,15.050146124336973,73.5442789062514,15.874144494227757,18.627855691001535,0.022259370488527844,S230518h,41680,18.627855691001535
23321,95.17241379310344,-17.04845814977973,95.60240151567407,-16.63600490388133,95.60430203710642,-17.460002900567098,94.74052554910048,-17.460002900567098,94.74242607053283,-16.63600490388133,18.54906681560395,0.022165221661258557,S230518h,23321,18.54906681560395
12886,110.69252077562328,-37.665198237885456,111.21011076999872,-37.25206112430854,111.2158887200079,-38.07604843049503,110.16915283123872,-38.07604843049503,110.17493078124787,-37.25206112430854,18.245563113518376,0.02180254967896346,S230518h,12886,18.245563113518376
11132,112.63157894736841,-41.629955947136565,113.17927797339358,-41.216647784972814,113.18632353575077,-42.040630956822966,112.07683435898609,-42.040630956822966,112.08387992134327,-41.21664778497281,18.15807122229647,0.021698001176239597,S230518h,11132,18.15807122229647
39919,79.45945945945947,12.290748898678414,79.88178531381863,12.702425669697472,79.88046412421137,11.878426680871907,79.0384547947076,11.878426680871907,79.03713360510034,12.702425669697472,18.036203404758425,0.021552375133918576,S230518h,39919,18.036203404758425
36328,80.4424778761062,5.947136563876657,80.85701773955176,6.358982140090027,80.856397159022,5.534982371266809,80.02855859319043,5.534982371266809,80.02793801266066,6.358982140090027,17.606435415052857,0.02103882354399579,S230518h,36328,17.606435415052857
26399,92.01793721973094,-11.497797356828187,92.43776002412014,-11.085496484628663,92.43898997161085,-11.909495603172155,91.59688446785104,-11.909495603172155,91.59811441534175,-11.085496484628663,17.475401762013902,0.0208822447794916,S230518h,26399,17.475401762013902
1849,123.97350993377485,-70.96916299559471,125.21104056117571,-70.55295666587745,125.26372163568098,-71.37677759201445,122.68329823186879,-71.37677759201445,122.73597930637406,-70.55295666587745,17.3959244359629,0.020787273287584385,S230518h,1849,17.3959244359629
7651,115.89041095890411,-50.352422907488986,116.53054393081334,-49.938650771171105,116.54175015046067,-50.76261974775129,115.23907176734762,-50.76261974775129,115.25027798699496,-49.938650771171105,17.283328385536993,0.020652726550506862,S230518h,7651,17.283328385536993
8243,115.62913907284769,-48.76651982378854,116.2491061736637,-48.35284353488515,116.2593626876251,-49.17681580276791,114.99891545807034,-49.176815802767905,115.00917197203174,-48.352843534885146,17.26057993784437,0.02062554327543599,S230518h,8243,17.26057993784437
39029,81.34228187919464,10.704845814977984,81.76214935437409,11.11656541163852,81.76100941236768,10.292566172931753,80.92355434602163,10.292566172931755,80.92241440401521,11.11656541163852,17.222687283539194,0.020580263419022884,S230518h,39029,17.222687283539194
34066,83.25991189427313,1.9823788546255565,83.67226124164333,2.394327570211,83.67205602957146,1.5703275957333775,82.84776775897483,1.5703275957333778,82.84756254690296,2.394327570211,17.077605083864952,0.020406897332909197,S230518h,34066,17.077605083864952
30901,92.98013245033113,-3.5682819383259865,93.39274768253405,-3.156189608135198,93.39311789140997,-3.9801895252945587,92.56714700925231,-3.9801895252945587,92.56751721812823,-3.1561896081351986,17.042300961125616,0.020364710644282066,S230518h,30901,17.042300961125616
106,288.0,-86.0352422907489,293.38275563477043,-85.60392149454684,294.6189962967758,-86.42347525027024,281.38100370322456,-86.42347525027024,282.61724436522985,-85.60392149454684,17.015639771776094,0.02033285183555818,S230518h,106,17.015639771776094
25078,99.36651583710406,-13.876651982378856,99.79014883962647,-13.46428669003154,99.79165663070181,-14.288285389890968,98.94137504350634,-14.288285389890968,98.9428828345817,-13.46428669003154,16.900057198751426,0.02019473635100371,S230518h,25078,16.900057198751426
31354,92.77533039647577,-2.775330396475771,93.18767045513101,-2.363258613664059,93.18795802748922,-3.187258563601827,92.36270276546236,-3.1872585636018265,92.36299033782053,-2.3632586136640588,16.895239245334714,0.020188979133861917,S230518h,31354,16.895239245334714
370,299.99999999999994,-82.0704845814978,302.8375961781656,-81.64837791299924,303.1459543235199,-82.47127912354311,296.8540456764801,-82.47127912354311,297.16240382183446,-81.64837791299924,16.572447426750955,0.019803258801918803,S230518h,370,16.572447426750955
790,304.32989690721655,-78.1057268722467,306.2621714500504,-77.68692818611869,306.39865987948536,-78.51044785863185,302.2611339349479,-78.51044785863185,302.3976223643828,-77.68692818611869,16.50713889250971,0.01972521831868482,S230518h,790,16.50713889250971
13248,110.46575342465754,-36.87224669603523,110.97800147264303,-36.45914160241839,110.98355702522949,-37.28312961719159,109.9479498240856,-37.2831296171916,109.95350537667206,-36.45914160241839,16.17665664764135,0.019330308305936617,S230518h,13248,16.17665664764135
4290,120.00000000000001,-60.66079295154186,120.83018661197069,-60.24619094539275,120.85170127315855,-61.07012351165851,119.1482987268415,-61.07012351165851,119.16981338802937,-60.24619094539275,16.125290532480594,0.019268928327108886,S230518h,4290,16.125290532480594
2856,121.93548387096774,-66.21145374449338,122.94041713185497,-65.79614754145068,122.97374096403935,-66.62003790248761,120.89722677789621,-66.62003790248761,120.93055061008062,-65.7961475414507,16.077482732136446,0.019211800359308705,S230518h,2856,16.077482732136446
17059,101.05263157894737,-28.942731277533042,101.52156564448556,-28.52991536752203,101.52530996946271,-29.353908852689084,100.57995318843207,-29.353908852689084,100.58369751340919,-28.52991536752203,15.999922058710215,0.019119119172929955,S230518h,17059,15.999922058710215
10130,113.79939209726443,-44.008810572687224,114.36826396645428,-43.59538955550737,114.37622201854722,-44.41936967656474,113.22256217598168,-44.41936967656474,113.23052022807461,-43.59538955550737,15.914155312330417,0.019016632133362337,S230518h,10130,15.914155312330417
16669,107.27272727272727,-29.735682819383257,107.74526162141272,-29.322840148501058,107.74915946511088,-30.146833197483716,106.7962950803437,-30.146833197483716,106.80019292404185,-29.322840148501058,15.687908459994715,0.01874627828311019,S230518h,16669,15.687908459994715
31346,86.43171806167402,-2.775330396475771,86.84405812032927,-2.3632586136640596,86.84434569268747,-3.187258563601827,86.01909043066061,-3.187258563601827,86.01937800301879,-2.3632586136640596,15.506831842493186,0.018529900639722978,S230518h,31346,15.506831842493186
1001,307.1559633027523,-76.51982378854626,308.87141838057113,-76.10182559649995,308.9774547485556,-76.92545477824902,305.3344718569491,-76.92545477824902,305.4405082249335,-76.10182559649995,15.48122481972805,0.01849930150817008,S230518h,1001,15.48122481972805
37679,78.4,8.325991189427315,78.81682714958937,8.737774178046251,78.81595076923503,7.913774634311461,77.98404923076501,7.913774634311461,77.98317285041068,8.737774178046251,15.318993516178587,0.018305443087187748,S230518h,37679,15.318993516178587
92,144.0,-86.0352422907489,149.38275563477043,-85.60392149454682,150.61899629677575,-86.42347525027024,137.38100370322462,-86.42347525027024,138.61724436522985,-85.60392149454684,15.054516723913519,0.017989406340806393,S230518h,92,15.054516723913519
13608,104.39024390243902,-36.07929515418502,104.89735527189691,-35.666221432287486,104.90269734276696,-36.490210121359844,103.87779046211111,-36.490210121359844,103.88313253298115,-35.666221432287486,15.047024943806967,0.01798045403240458,S230518h,13608,15.047024943806967
15492,102.59067357512954,-32.114537444933916,103.07491485595884,-31.701611891991252,103.07930569971217,-32.52560349957452,102.10204145054695,-32.52560349957452,102.10643229430028,-31.701611891991252,14.772026052615235,0.017651843895816068,S230518h,15492,14.772026052615235
21183,103.34117647058824,-21.01321585903083,103.78131044358248,-20.60064842167404,103.78374864192226,-21.42464527826614,102.89860429925426,-21.42464527826614,102.90104249759403,-20.60064842167404,14.736355613442171,0.017609219477084645,S230518h,21183,14.736355613442171
6794,110.07194244604317,-52.731277533039645,110.74592211419161,-52.31734912509883,110.75878107569395,-53.14131233231502,109.38510381639244,-53.14131233231502,109.39796277789476,-52.31734912509883,14.67102387664243,0.017531151267935544,S230518h,6794,14.67102387664243
250,326.6666666666667,-83.65638766519824,330.1646473019773,-83.23188432017895,330.6470118209999,-84.05415885427023,322.6863215123336,-84.05415885427023,323.16868603135623,-83.23188432017895,14.565770062535208,0.017405378141795477,S230518h,250,14.565770062535208
309,324.0,-82.86343612334801,327.1331058920265,-82.44025599411538,327.51402750462694,-83.26289593133454,320.4859724953732,-83.26289593133454,320.8668941079736,-82.44025599411538,14.560466618730322,0.017399040787540843,S230518h,309,14.560466618730322
5479,118.57142857142858,-56.69603524229075,119.3136208600529,-56.28180501119689,119.33004640154577,-57.10575565291883,117.81281074131141,-57.10575565291883,117.82923628280429,-56.28180501119689,14.09972222003623,0.01684847391386681,S230518h,5479,14.09972222003623
10460,113.5135135135135,-43.215859030837,114.07504017993642,-42.80247659158062,114.082679329352,-43.62645778446824,112.94434769767504,-43.62645778446824,112.95198684709061,-42.80247659158062,14.072049113926271,0.01681540591443156,S230518h,10460,14.072049113926271
19505,104.71153846153845,-24.185022026431714,105.16172490854231,-23.77235891711498,105.16464199348744,-24.596354620359204,104.2584349295895,-24.596354620359204,104.26135201453464,-23.77235891711498,13.708329569361892,0.01638077896484186,S230518h,19505,13.708329569361892
17465,106.56716417910448,-28.149779735682813,107.03264088282418,-27.736990186852083,107.0362365922984,-28.560984087764982,106.0980917659106,-28.560984087764982,106.1016874753848,-27.736990186852083,13.695920652951946,0.016365950920631513,S230518h,17465,13.695920652951946
49,0.0,-86.82819383259911,6.56218905930467,-86.39261080599432,8.493940235792152,-87.20964603970096,351.5060597642083,-87.20964603970097,353.4378109406957,-86.39261080599432,13.44446609283499,0.016065475100573656,S230518h,49,13.44446609283499
7646,109.72602739726027,-50.352422907488986,110.36616036916949,-49.938650771171105,110.37736658881683,-50.762619747751295,109.07468820570375,-50.76261974775129,109.0858944253511,-49.938650771171105,13.426329483004249,0.016043802744703767,S230518h,7646,13.426329483004249
8546,115.29411764705881,-47.97356828193832,115.90464263259081,-47.55993770453136,115.91446309438973,-48.38391147608005,114.67377219972792,-48.38391147608005,114.68359266152687,-47.55993770453136,13.378990485212668,0.01598723497287443,S230518h,8546,13.378990485212668
374,321.8181818181818,-82.0704845814978,324.65577799634747,-81.64837791299924,324.96413614170183,-82.47127912354311,318.67222749466197,-82.47127912354311,318.98058564001633,-81.64837791299924,13.256809209654378,0.01584123436365097,S230518h,374,13.256809209654378
22888,95.61200923787528,-17.841409691629956,96.04382389538276,-17.428934021946976,96.0458273549122,-18.252931815023985,95.17819112083839,-18.252931815023985,95.18019458036785,-17.428934021946972,13.177579774604894,0.01574655908928672,S230518h,22888,13.177579774604894
13614,110.2439024390244,-36.07929515418502,110.7510138084823,-35.666221432287486,110.75635587935234,-36.490210121359844,109.7314489986965,-36.490210121359844,109.73679106956655,-35.666221432287486,13.160514411257276,0.015726166820225956,S230518h,13614,13.160514411257276
129,140.4878048780488,-85.24229074889868,145.0504757565479,-84.8139342246618,145.90874213328485,-85.63485327447668,135.06686762281302,-85.63485327447668,135.92513399954993,-84.8139342246618,13.1447890809118,0.015707375824632,S230518h,129,13.1447890809118
10794,113.23442136498517,-42.42290748898678,113.78889492455788,-42.00956265124332,113.7962302446774,-42.83354485987371,112.67261248529296,-42.83354485987371,112.67994780541248,-42.009562651243314,13.135353513637423,0.015696100786258625,S230518h,10794,13.135353513637423
11475,112.3699421965318,-40.83700440528634,112.91113262577664,-40.423732040098,112.91790157960264,-41.24771612592214,111.82198281346099,-41.24771612592214,111.82875176728699,-40.423732040097995,12.979203073615036,0.01550950869782603,S230518h,11475,12.979203073615036
4987,119.00826446280992,-58.281938325991185,119.78287510649533,-57.86756924693668,119.80111038211913,-58.69151347490755,118.21541854350075,-58.69151347490755,118.23365381912457,-57.86756924693668,12.845367011897311,0.01534958119291523,S230518h,4987,12.845367011897311
4511,110.64935064935064,-59.86784140969163,111.45999012078515,-59.45332067790705,111.48032564251969,-60.27725744202729,109.81837565618163,-60.27725744202729,109.83871117791618,-59.45332067790705,12.807170512554848,0.015303938256641066,S230518h,4511,12.807170512554848
27739,90.60133630289532,-9.11894273127753,91.01812877657227,-8.706705239018996,91.01909202878446,-9.530704690151103,90.18358057700621,-9.530704690151103,90.18454382921838,-8.706705239018996,12.806515177639612,0.015303155163679952,S230518h,27739,12.806515177639612
215,93.33333333333333,-83.65638766519824,96.83131396864398,-83.23188432017895,97.31367848766659,-84.05415885427023,89.35298817900029,-84.05415885427023,89.83535269802287,-83.23188432017895,12.789049534782565,0.015282284580311457,S230518h,215,12.789049534782565
6250,110.1492537313433,-54.31718061674009,110.84855706509127,-53.90313837974235,110.86270259721849,-54.72709706878384,109.43580486546816,-54.72709706878384,109.44995039759537,-53.90313837974235,12.74660894352059,0.015231570163133057,S230518h,6250,12.74660894352059
40357,74.76297968397292,13.083700440528641,75.18666775569983,13.495355601811855,75.18525398635586,12.671356752470958,74.34070538159001,12.671356752470958,74.33929161224603,13.495355601811857,12.706417666036513,0.015183543565183973,S230518h,40357,12.706417666036513
519,300.75949367088606,-80.48458149779735,303.14787047245846,-80.06411137054322,303.3617024242982,-80.88735279819687,298.1572849174741,-80.88735279819687,298.37111686931377,-80.06411137054322,12.67553546381355,0.015146640853879706,S230518h,519,12.67553546381355
2161,123.68098159509204,-69.38325991189427,124.8289736862517,-68.96739668573589,124.87370296160326,-69.79124615397053,122.48826022858087,-69.79124615397053,122.53298950393243,-68.96739668573589,12.515715189296506,0.014955663493894487,S230518h,2161,12.515715189296506
9804,114.09230769230768,-44.801762114537446,114.66883134526631,-44.3883014891219,114.67712446328073,-45.2122804783793,113.50749092133466,-45.2122804783793,113.5157840393491,-44.3883014891219,12.505856307227443,0.01494388261518154,S230518h,9804,12.505856307227443
11816,105.94285714285714,-40.04405286343612,106.47779309247647,-39.63081546104941,106.48429773670698,-40.4548004146187,105.40141654900732,-40.4548004146187,105.40792119323783,-39.63081546104941,12.44941699019142,0.014876440409870104,S230518h,11816,12.44941699019142
15885,108.0,-31.3215859030837,108.48018281214381,-30.908688431840126,108.48440359315734,-31.732680543125166,107.51559640684268,-31.73268054312516,107.5198171878562,-30.908688431840126,12.384548259407651,0.014798925470115982,S230518h,15885,12.384548259407651
445,320.0,-81.27753303964757,322.59344440910303,-80.85631496766386,322.8481126841752,-81.67940943737075,317.15188731582487,-81.67940943737075,317.4065555908971,-80.85631496766386,12.35480007025308,0.014763377848600196,S230518h,445,12.35480007025308
607,317.64705882352945,-79.69162995594714,319.86079920227564,-79.27179828196577,320.04285026388027,-80.09515405775674,315.2512673831788,-80.09515405775674,315.4333184447834,-79.27179828196577,12.339421465462065,0.014745001172974283,S230518h,607,12.339421465462065
42116,72.49427917620137,16.255506607929526,72.92433664300162,16.66707378996049,72.9225370337384,15.843075601114826,72.06602131866438,15.843075601114826,72.06422170940114,16.66707378996049,12.324046154006954,0.014726628432722641,S230518h,42116,12.324046154006954
22035,102.37762237762237,-19.427312775330385,102.81339002975689,-19.0147916595889,102.81560597620964,-19.83878900964271,101.93963877903514,-19.83878900964271,101.94185472548789,-19.0147916595889,12.247743424787945,0.014635450427742057,S230518h,22035,12.247743424787945
4517,119.99999999999999,-59.86784140969163,120.81063947143448,-59.45332067790705,120.83097499316904,-60.27725744202728,119.16902500683096,-60.27725744202729,119.18936052856552,-59.45332067790705,12.242821008040172,0.01462956838206245,S230518h,4517,12.242821008040172
1116,309.9130434782609,-75.72687224669603,311.53779522243264,-75.3092106384869,311.6322659352463,-76.13288140227372,308.1938210212755,-76.13288140227372,308.28829173408917,-75.3092106384869,12.206075242283374,0.014585659001002537,S230518h,1116,12.206075242283374
3044,121.875,-65.41850220264317,122.85000945105463,-65.00331432903268,122.88114714988907,-65.82721251795017,120.86885285011097,-65.82721251795017,120.89999054894541,-65.00331432903268,12.201348675118737,0.014580010985932968,S230518h,3044,12.201348675118737
14728,103.26315789473685,-33.70044052863436,103.75601267548238,-33.28745733567705,103.76076260834384,-34.11144786006985,102.76555318112992,-34.11144786006985,102.77030311399136,-33.28745733567704,12.142825097236505,0.014510078191519915,S230518h,14728,12.142825097236505
37229,79.02439024390245,7.533039647577099,79.44037243034582,7.944843576662147,79.43958206081741,7.120843949196929,78.6091984269875,7.120843949196929,78.60840805745912,7.944843576662147,12.11096180267744,0.01447200312317386,S230518h,37229,12.11096180267744
61,148.96551724137933,-86.82819383259911,155.527706300684,-86.39261080599432,157.45945747717147,-87.20964603970096,140.47157700558762,-87.20964603970097,142.403328182075,-86.39261080599432,12.014809819146585,0.014357106236483138,S230518h,61,12.014809819146585
19,180.0,-88.41409691629956,191.6541224273738,-87.96006722777081,199.34059663143628,-88.75592005290403,160.65940336856465,-88.75592005290405,168.3458775726268,-87.96006722777081,11.978740601926116,0.014314005297617187,S230518h,19,11.978740601926116
39469,75.8744394618834,11.4977973568282,76.29549221376332,11.909495603172164,76.29426226627261,11.085496484628674,75.45461665749421,11.085496484628674,75.45338671000351,11.909495603172166,11.914967596341722,0.014237799695533009,S230518h,39469,11.914967596341722
25955,92.43243243243244,-12.290748898678414,92.85343709718433,-11.87842668087191,92.8547582867916,-12.702425669697472,92.0101065780733,-12.702425669697472,92.01142776768057,-11.87842668087191,11.879771829093544,0.0141957424863834,S230518h,25955,11.879771829093544
5225,110.76923076923076,-57.48898678414097,111.52721323238816,-57.07468861283136,111.54451085681646,-57.89863616625647,109.99395068164509,-57.89863616625647,110.0112483060734,-57.07468861283136,11.864325689216004,0.014177285109653888,S230518h,5225,11.864325689216004
23756,94.73684210526316,-16.255506607929515,95.1650999628002,-15.843075601114814,95.16689957206341,-16.667073789960476,94.30678463846294,-16.667073789960476,94.30858424772617,-15.843075601114814,11.815377320595074,0.014118794218913917,S230518h,23756,11.815377320595074
7079,117.03180212014134,-51.93832599118943,117.69398119297112,-51.524451481522036,117.7062553792037,-52.348416735170105,116.35734886107899,-52.3484167351701,116.36962304731156,-51.524451481522036,11.763863440935584,0.01405723766878475,S230518h,7079,11.763863440935584
3636,110.23923444976076,-63.039647577092516,111.13525099792496,-62.62477613751,111.16094468863513,-63.44869379522385,109.31752421088643,-63.44869379522385,109.3432179015966,-62.62477613751,11.728308565987401,0.014014751343612755,S230518h,3636,11.728308565987401
42118,74.14187643020595,16.255506607929526,74.5719338970062,16.66707378996049,74.57013428774297,15.843075601114826,73.71361857266896,15.843075601114826,73.71181896340573,16.66707378996049,11.698020050361649,0.013978558058564553,S230518h,42118,11.698020050361649
18273,105.88235294117646,-26.563876651982373,106.34132614100206,-26.151138700674462,106.34463824404949,-26.975133375384246,105.42006763830345,-26.97513337538425,105.4233797413509,-26.151138700674466,11.507614714363235,0.013751033055832829,S230518h,18273,11.507614714363235
1696,109.24137931034483,-71.76211453744493,110.52951854923276,-71.3457156953099,110.58697459426497,-72.16951947469762,107.89578402642476,-72.16951947469762,107.95324007145696,-71.3457156953099,11.461898042567194,0.01369640388369993,S230518h,1696,11.461898042567194
34519,82.46696035242292,2.775330396475771,82.87958798343635,3.1872585636018274,82.87930041107816,2.363258613664059,82.05462029376768,2.363258613664059,82.0543327214095,3.1872585636018274,11.372447858515557,0.01358951531745265,S230518h,34519,11.372447858515557
2850,110.32258064516128,-66.21145374449338,111.3275139060485,-65.79614754145068,111.36083773823289,-66.62003790248761,109.28432355208975,-66.62003790248761,109.31764738427414,-65.79614754145068,11.35292879298615,0.013566190995082104,S230518h,2850,11.35292879298615
42986,71.50115473441109,17.841409691629956,71.93497285144802,18.25293181502398,71.93296939191856,17.428934021946972,71.06934007690366,17.428934021946972,71.0673366173742,18.252931815023985,11.348795383539505,0.013561251774283968,S230518h,42986,11.348795383539505
1291,107.71653543307087,-74.1409691629956,109.18667507721875,-73.72388440822797,109.26299946969378,-74.54762039818306,106.17007139644805,-74.54762039818306,106.24639578892307,-73.72388440822797,11.3408376835705,0.013551742714584081,S230518h,1291,11.3408376835705
12173,111.86440677966101,-39.2511013215859,112.39333130141733,-38.8378980895858,112.39958314997901,-39.661883867452254,111.32923040934305,-39.661883867452254,111.33548225790473,-38.8378980895858,11.326374912903292,0.01353446041564897,S230518h,12173,11.326374912903292
271,96.0,-82.86343612334801,99.13310589202652,-82.44025599411538,99.514027504627,-83.26289593133454,92.4859724953732,-83.26289593133454,92.86689410797366,-82.44025599411538,11.275703690089713,0.013473910798966088,S230518h,271,11.275703690089713
3038,110.62499999999999,-65.41850220264317,111.60000945105463,-65.00331432903268,111.63114714988907,-65.82721251795017,109.61885285011095,-65.82721251795017,109.6499905489454,-65.00331432903268,11.21945428113835,0.013406695524466515,S230518h,3038,11.21945428113835
19498,98.65384615384615,-24.185022026431714,99.10403260085002,-23.77235891711498,99.10694968579513,-24.596354620359204,98.20074262189719,-24.596354620359204,98.20365970684233,-23.77235891711498,11.20195620437181,0.013385786184172918,S230518h,19498,11.20195620437181
28645,95.78713968957871,-7.533039647577087,96.20233150649368,-7.1208439491969155,96.20312187602208,-7.944843576662135,95.37115750313536,-7.944843576662135,95.37194787266375,-7.1208439491969155,11.1758385133592,0.013354576829204842,S230518h,28645,11.1758385133592
32706,84.84581497797357,-0.3964757709251011,85.25780434134113,0.015534478966544533,85.25784534445958,-0.8084655200133426,84.43378461148758,-0.8084655200133426,84.43382561460602,0.015534478966544533,11.11232410504221,0.01327868023812429,S230518h,32706,11.11232410504221
27299,97.23214285714285,-9.911894273127745,97.64986061426458,-9.499635754784482,97.65091168953118,-10.32363510429469,96.81337402475454,-10.32363510429469,96.81442510002114,-9.499635754784482,11.108117747713958,0.013273653848198909,S230518h,27299,11.108117747713958
38576,77.14285714285714,9.911894273127757,77.56162597524548,10.323635104294702,77.56057489997887,9.499635754784492,76.72513938573543,9.499635754784492,76.72408831046883,10.323635104294702,11.054636189732735,0.013209746019345435,S230518h,38576,11.054636189732735
25520,99.14221218961626,-13.083700440528629,99.56448649199919,-12.671356752470947,99.56590026134317,-13.495355601811843,98.71852411788936,-13.495355601811843,98.71993788723334,-12.671356752470947,11.05280650884217,0.013207559640757666,S230518h,25520,11.05280650884217
43,261.8181818181818,-87.62114537444934,270.21899121562785,-87.17891333780612,273.6511778758907,-87.99048668489942,249.9851857604735,-87.99048668489942,253.4173724207362,-87.17891333780612,11.03893109442898,0.013190979203630151,S230518h,43,11.03893109442898
42985,70.66974595842956,17.841409691629956,71.10356407546648,18.252931815023985,71.10156061593702,17.428934021946976,70.23793130092211,17.428934021946972,70.23592784139267,18.25293181502398,11.03624836604441,0.013187773475283163,S230518h,42985,11.03624836604441
1843,109.66887417218543,-70.96916299559471,110.90640479958628,-70.55295666587745,110.95908587409157,-71.37677759201445,108.37866247027938,-71.37677759201445,108.43134354478464,-70.55295666587745,11.009397472267787,0.01315568797910817,S230518h,1843,11.009397472267787
29546,94.77876106194691,-5.947136563876644,95.19268034486271,-5.534982371266796,95.19330092539248,-6.358982140090014,94.36422119850137,-6.358982140090014,94.36484177903114,-5.534982371266795,10.986049794165988,0.013127788653198861,S230518h,29546,10.986049794165988
30441,87.41721854304636,-4.361233480176201,87.83018846329975,-3.949120571219745,87.83064166495735,-4.773120447311669,87.00379542113541,-4.773120447311669,87.00424862279301,-3.949120571219745,10.977867862754067,0.013118011647963758,S230518h,30441,10.977867862754067
42115,71.67048054919908,16.255506607929526,72.10053801599933,16.667073789960494,72.0987384067361,15.843075601114828,71.24222269166208,15.843075601114826,71.24042308239885,16.66707378996049,10.87240296272793,0.012991986284542494,S230518h,42115,10.87240296272793
12528,111.62011173184356,-38.45814977973568,112.14325750938839,-38.04497996500042,112.14926735048168,-38.86896652628231,111.0909561132055,-38.86896652628231,111.09696595429878,-38.04497996500043,10.859503239397634,0.012976571750225091,S230518h,12528,10.859503239397634
35432,87.41721854304636,4.361233480176214,87.83064166495735,4.7731204473116815,87.83018846329975,3.9491205712197575,87.00424862279301,3.9491205712197575,87.00379542113541,4.7731204473116815,10.587723180926664,0.01265180796027253,S230518h,35432,10.587723180926664
42117,73.31807780320366,16.255506607929526,73.74813527000391,16.667073789960494,73.74633566074068,15.843075601114826,72.88981994566666,15.843075601114828,72.88802033640343,16.667073789960494,10.523593134616242,0.012575175712098107,S230518h,42117,10.523593134616242
172,137.87234042553192,-84.44933920704845,141.832085405952,-84.02316364812863,142.46240663509207,-84.84490493230915,133.28227421597205,-84.84490493230915,133.91259544511203,-84.02316364812863,10.5046177663295,0.012552501081165957,S230518h,172,10.5046177663295
42987,72.3325635103926,17.841409691629956,72.76638162742952,18.252931815023985,72.76437816790006,17.428934021946972,71.90074885288516,17.428934021946972,71.89874539335571,18.252931815023985,10.44226895855597,0.012477997325351514,S230518h,42987,10.44226895855597
39914,75.4054054054054,12.290748898678414,75.82773125976456,12.702425669697472,75.82641007015731,11.878426680871906,74.98440074065354,11.878426680871906,74.98307955104627,12.702425669697472,10.28973266228163,0.012295723960771039,S230518h,39914,10.28973266228163
41240,73.63636363636363,14.669603524229084,74.06304915001043,15.081215024070627,74.06144578714546,14.257216483938363,73.21128148558182,14.257216483938365,73.20967812271688,15.08121502407063,10.274794894497937,0.012277874063666167,S230518h,41240,10.274794894497937
13984,110.02680965147454,-35.2863436123348,110.52898155743107,-34.87330064506518,110.53411852521239,-35.697289976030866,109.5195007777367,-35.697289976030866,109.52463774551802,-34.873300645065186,10.091228861019147,0.012058521690741798,S230518h,13984,10.091228861019147
793,315.46391752577324,-78.1057268722467,317.3961920686071,-77.68692818611869,317.532680498042,-78.51044785863185,313.3951545535046,-78.51044785863185,313.53164298293945,-77.68692818611869,10.08694096000892,0.01205339786013091,S230518h,793,10.08694096000892
146,289.75609756097566,-85.24229074889868,294.31876843947475,-84.8139342246618,295.17703481621174,-85.63485327447668,284.33516030573986,-85.63485327447668,285.1934266824768,-84.8139342246618,9.957521381259115,0.011898747834940262,S230518h,146,9.957521381259115
441,300.0,-81.27753303964757,302.59344440910303,-80.85631496766386,302.84811268417525,-81.67940943737075,297.1518873158249,-81.67940943737075,297.4065555908971,-80.85631496766386,9.939024873927092,0.011876645419274344,S230518h,441,9.939024873927092
42984,69.83833718244804,17.841409691629956,70.27215529948498,18.252931815023985,70.27015183995552,17.428934021946976,69.40652252494061,17.428934021946972,69.40451906541115,18.252931815023985,9.899761573359529,0.011829727708055546,S230518h,42984,9.899761573359529
10788,106.82492581602375,-42.42290748898678,107.37939937559646,-42.009562651243314,107.38673469571599,-42.83354485987371,106.26311693633156,-42.83354485987371,106.27045225645107,-42.009562651243314,9.882869502135344,0.011809542514550997,S230518h,10788,9.882869502135344
2326,123.55029585798816,-68.59030837004406,124.65851071596468,-68.17459878462347,124.6999092648633,-68.99846020179434,122.4006824511131,-68.99846020179434,122.44208100001168,-68.17459878462347,9.88081423791656,0.011807086574991629,S230518h,2326,9.88081423791656
9160,108.22784810126583,-46.38766519823788,108.82065833376417,-45.97412203082243,108.82967493133101,-46.79809855924331,107.6260212712007,-46.79809855924331,107.63503786876754,-45.97412203082243,9.820564795105145,0.011735091456953726,S230518h,9160,9.820564795105145
36786,85.41019955654102,6.740088105726872,85.82541956275243,7.1519128945390875,85.82471443109429,6.327913192083609,84.99568468198777,6.327913192083609,84.99497955032963,7.1519128945390875,9.766911421270054,0.011670978316613493,S230518h,36786,9.766911421270054
42119,74.96567505720824,16.255506607929526,75.3957325240085,16.667073789960494,75.39393291474526,15.843075601114826,74.53741719967125,15.843075601114826,74.53561759040801,16.667073789960494,9.75613117206448,0.011658096449531957,S230518h,42119,9.75613117206448
523,318.9873417721519,-80.48458149779735,321.3757185737243,-80.06411137054322,321.589550525564,-80.88735279819687,316.38513301873996,-80.88735279819687,316.59896497057963,-80.06411137054322,9.653380059533571,0.011535313928565855,S230518h,523,9.653380059533571
39023,76.51006711409396,10.704845814977984,76.9299345892734,11.11656541163852,76.92879464726698,10.292566172931755,76.09133958092094,10.292566172931753,76.09019963891454,11.11656541163852,9.651350724381096,0.011532888972964221,S230518h,39023,9.651350724381096
1237,312.39669421487605,-74.93392070484582,313.9401310984856,-74.51656193148142,314.02481328698525,-75.34026788245248,310.7685751427669,-75.34026788245248,310.85325733126655,-74.51656193148142,9.639090982006838,0.011518239184382578,S230518h,1237,9.639090982006838
1420,108.27067669172934,-73.34801762114537,109.67442042782938,-72.93118208543437,109.74355180897305,-73.75494392316726,106.79780157448569,-73.75494392316726,106.86693295562934,-72.93118208543437,9.637226513223661,0.01151601123597577,S230518h,1420,9.637226513223661
9477,108.0,-45.59471365638766,108.58449754980956,-45.181212334793095,108.5931430844053,-46.005190128046614,107.40685691559472,-46.00519012804661,107.41550245019046,-45.18121233479309,9.5140697841743,0.011368845007852731,S230518h,9477,9.5140697841743
38128,77.7728285077951,9.118942731277542,78.19058423368422,9.530704690151115,78.18962098147205,8.706705239019007,77.35603603411816,8.706705239019007,77.35507278190599,9.530704690151117,9.490222527189758,0.011340348709773157,S230518h,38128,9.490222527189758
1236,309.42148760330576,-74.93392070484582,310.9649244869153,-74.51656193148142,311.04960667541496,-75.34026788245248,307.7933685311966,-75.34026788245248,307.87805071969626,-74.51656193148142,9.489219493477192,0.011339150133866684,S230518h,1236,9.489219493477192
19914,98.18181818181817,-23.3920704845815,98.62931961782833,-22.979431705267228,98.63211224979167,-23.803427718976764,97.73152411384471,-23.803427718976764,97.73431674580804,-22.979431705267228,9.418829941300308,0.011255038084341645,S230518h,19914,9.418829941300308
1115,306.7826086956522,-75.72687224669603,308.40736043982395,-75.3092106384869,308.5018311526376,-76.13288140227372,305.0633862386668,-76.13288140227372,305.1578569514805,-75.3092106384869,9.371820675762686,0.011198864326322841,S230518h,1115,9.371820675762686
27747,97.01559020044543,-9.11894273127753,97.43238267412238,-8.706705239018998,97.43334592633455,-9.530704690151103,96.59783447455632,-9.530704690151103,96.5987977267685,-8.706705239018996,9.355182015432625,0.011178981946361174,S230518h,27747,9.355182015432625
1494,308.57142857142856,-73.34801762114537,309.97517230752857,-72.93118208543437,310.04430368867224,-73.75494392316726,307.0985534541849,-73.75494392316726,307.1676848353286,-72.93118208543437,9.287504281690289,0.011098110386360723,S230518h,1494,9.287504281690289
33159,84.05286343612336,0.3964757709251138,84.46489380260937,0.8084655200133551,84.46485279949091,-0.015534478966531807,83.6408740727558,-0.015534478966531807,83.64083306963737,0.8084655200133551,9.268549693376787,0.011075460586473579,S230518h,33159,9.268549693376787
28637,89.40133037694014,-7.533039647577087,89.81652219385509,-7.1208439491969155,89.8173125633835,-7.944843576662135,88.9853481904968,-7.944843576662135,88.98613856002518,-7.1208439491969155,9.251894570331144,0.011055558534377261,S230518h,28637,9.251894570331144
245,293.3333333333333,-83.65638766519824,296.831313968644,-83.23188432017895,297.3136784876666,-84.05415885427023,289.35298817900025,-84.05415885427023,289.83535269802286,-83.23188432017895,9.212379546977854,0.011008340026822008,S230518h,245,9.212379546977854
3238,121.81818181818183,-64.62555066079294,122.76517395025597,-64.2104742942904,122.7943266890317,-65.03437958642247,120.842036947332,-65.03437958642247,120.87118968610774,-64.2104742942904,9.184080495520185,0.01097452405351197,S230518h,3238,9.184080495520185
32714,91.18942731277534,-0.3964757709251011,91.6014166761429,0.015534478966544536,91.60145767926136,-0.8084655200133425,90.77739694628936,-0.8084655200133425,90.7774379494078,0.015534478966544536,9.18039035887511,0.010970114521889085,S230518h,32714,9.18039035887511
30449,93.7748344370861,-4.361233480176201,94.18780435733947,-3.949120571219744,94.1882575589971,-4.773120447311668,93.36141131517513,-4.773120447311668,93.36186451683274,-3.949120571219744,9.123996070742752,0.010902726123900724,S230518h,30449,9.123996070742752
8848,108.81028938906753,-47.1806167400881,109.41176900753398,-46.767030511068754,109.42117673067395,-47.59100570076906,108.19940204746115,-47.59100570076906,108.20880977060112,-46.767030511068754,9.098822209724805,0.010872644599310866,S230518h,8848,9.098822209724805
21608,102.85714285714286,-20.220264317180614,103.29504084888744,-19.807720156086255,103.29736662599741,-20.631717265930423,102.41691908828832,-20.631717265930423,102.41924486539828,-19.80772015608625,9.08025097754316,0.010850452891128405,S230518h,21608,9.08025097754316
603,300.7058823529412,-79.69162995594714,302.91962273168735,-79.27179828196577,303.101673793292,-80.09515405775674,298.3100909125906,-80.09515405775674,298.4921419741952,-79.27179828196577,9.042574017860188,0.010805430779170037,S230518h,603,9.042574017860188
6525,117.36263736263736,-53.52422907488987,118.04897965931823,-53.11024480192551,118.06246126132353,-53.9342058250359,116.6628134639512,-53.9342058250359,116.67629506595648,-53.11024480192551,9.002665291666139,0.01075774181610234,S230518h,6525,9.002665291666139
697,316.4835164835165,-78.89867841409692,318.5467765209147,-78.4793982941756,318.70360985656447,-79.30284478864927,314.2634231104686,-79.30284478864927,314.42025644611834,-78.4793982941756,8.99246390502745,0.010745551661290426,S230518h,697,8.99246390502745
192,291.06382978723406,-84.44933920704845,295.02357476765417,-84.02316364812863,295.6538959967942,-84.84490493230915,286.47376357767416,-84.84490493230915,287.10408480681417,-84.02316364812863,8.927786912415428,0.010668265839212139,S230518h,192,8.927786912415428
22,247.49999999999997,-88.41409691629956,259.1541224273738,-87.96006722777081,266.8405966314363,-88.75592005290403,228.15940336856463,-88.75592005290405,235.84587757262676,-87.96006722777081,8.921285209052165,0.010660496623776392,S230518h,22,8.921285209052165
42551,71.17241379310344,17.04845814977974,71.60430203710642,17.4600029005671,71.60240151567409,16.636004903881336,70.74242607053284,16.636004903881336,70.7405255491005,17.460002900567105,8.906277902288041,0.010642563631013355,S230518h,42551,8.906277902288041
40362,78.82618510158014,13.083700440528641,79.24987317330705,13.495355601811857,79.24845940396307,12.671356752470958,78.40391079919722,12.671356752470956,78.40249702985324,13.495355601811855,8.813018466253949,0.010531123196179151,S230518h,40362,8.813018466253949
41682,75.6164383561644,15.462555066079299,76.04476218963903,15.874144494227755,76.04306159285272,15.050146124336973,75.18981511947608,15.050146124336973,75.18811452268979,15.874144494227755,8.778453044393242,0.01048981921873523,S230518h,41682,8.778453044393242
11822,112.11428571428571,-40.04405286343612,112.64922166390507,-39.63081546104941,112.65572630813557,-40.4548004146187,111.57284512043591,-40.4548004146187,111.5793497646664,-39.63081546104941,8.771531753610272,0.010481548616989514,S230518h,11822,8.771531753610272
1362,308.9763779527559,-74.1409691629956,310.44651759690385,-73.72388440822797,310.52284198937883,-74.54762039818306,307.4299139161331,-74.54762039818306,307.5062383086081,-73.72388440822797,8.763764581571584,0.010472267228786532,S230518h,1362,8.763764581571584
13242,104.54794520547945,-36.87224669603523,105.06019325346496,-36.4591416024184,105.06574880605142,-37.2831296171916,104.03014160490754,-37.2831296171916,104.03569715749398,-36.4591416024184,8.752011042288512,0.010458222327978129,S230518h,13242,8.752011042288512
42988,73.16397228637413,17.841409691629956,73.59779040341105,18.252931815023985,73.59578694388159,17.428934021946976,72.7321576288667,17.428934021946976,72.73015416933724,18.252931815023985,8.741309274770526,0.010445434242649551,S230518h,42988,8.741309274770526
36335,86.01769911504425,5.947136563876657,86.43223897848982,6.358982140090028,86.43161839796005,5.53498237126681,85.60377983212848,5.53498237126681,85.60315925159871,6.358982140090027,8.68385849429613,0.010376783388324306,S230518h,36335,8.68385849429613
37,163.63636363636365,-87.62114537444934,172.0371730338097,-87.17891333780612,175.46935969407252,-87.99048668489942,151.80336757865538,-87.99048668489942,155.23555423891807,-87.17891333780612,8.6667724700246,0.01035636643047662,S230518h,37,8.6667724700246
39475,80.71748878923766,11.4977973568282,81.13854154111759,11.909495603172168,81.13731159362688,11.085496484628674,80.29766598484849,11.085496484628674,80.29643603735778,11.909495603172168,8.583544294010396,0.010256912857520313,S230518h,39475,8.583544294010396
41679,73.15068493150685,15.462555066079299,73.5790087649815,15.874144494227755,73.57730816819519,15.050146124336973,72.72406169481854,15.050146124336973,72.72236109803224,15.874144494227755,8.560426491985124,0.010229288222205495,S230518h,41679,8.560426491985124
20760,103.82978723404256,-21.80616740088106,104.27226531988165,-21.393576443810286,104.27481868857338,-22.21757303363722,103.38475577951176,-22.21757303363722,103.38730914820347,-21.393576443810286,8.415304646108194,0.010055874760831404,S230518h,20760,8.415304646108194
40799,74.11764705882352,13.876651982378856,74.54278785242127,14.288285389890966,74.54128006134592,13.464286690031539,73.69401405630116,13.464286690031539,73.69250626522582,14.288285389890964,8.406879140783303,0.010045806696761615,S230518h,40799,8.406879140783303
1235,306.44628099173553,-74.93392070484582,307.9897178753451,-74.51656193148142,308.07440006384473,-75.34026788245248,304.8181619196264,-75.34026788245248,304.90284410812603,-74.51656193148142,8.386938690304127,0.010021978840121168,S230518h,1235,8.386938690304127
43846,68.81118881118881,19.4273127753304,69.24917240977608,19.838789009642724,69.24695646332333,19.014791659588916,68.37542115905433,19.014791659588916,68.37320521260158,19.83878900964272,8.378842986262512,0.010012304872348547,S230518h,43846,8.378842986262512
11469,106.1271676300578,-40.83700440528634,106.66835805930265,-40.42373204009799,106.67512701312864,-41.24771612592214,105.579208246987,-41.24771612592214,105.58597720081298,-40.423732040097995,8.36504423351549,0.009995816042137997,S230518h,11469,8.36504423351549
37236,84.6119733924612,7.533039647577099,85.02795557890455,7.944843576662147,85.02716520937616,7.120843949196929,84.19678157554624,7.120843949196928,84.19599120601785,7.944843576662145,8.364664912108308,0.00999536277173067,S230518h,37236,8.364664912108308
45544,65.14285714285715,22.599118942731284,65.59046157030389,23.01050051854609,65.58779011551516,22.186504209500665,64.69792417019917,22.18650420950067,64.69525271541045,23.01050051854609,8.352987239902419,0.009981408528344511,S230518h,45544,8.352987239902419
43847,69.65034965034965,19.4273127753304,70.08833324893692,19.838789009642724,70.08611730248417,19.014791659588916,69.21458199821517,19.014791659588916,69.21236605176242,19.838789009642724,8.349723936701482,0.009977509041674064,S230518h,43847,8.349723936701482
4284,110.4,-60.66079295154186,111.2301866119707,-60.24619094539275,111.25170127315855,-61.07012351165851,109.5482987268415,-61.07012351165851,109.56981338802936,-60.24619094539275,8.306431047685674,0.009925776170639042,S230518h,4284,8.306431047685674
401,100.0,-81.27753303964757,102.59344440910303,-80.85631496766386,102.84811268417525,-81.67940943737075,97.15188731582491,-81.67940943737075,97.40655559089713,-80.85631496766386,8.290525249479218,0.009906769524835775,S230518h,401,8.290525249479218
1361,306.1417322834646,-74.1409691629956,307.6118719276124,-73.72388440822797,307.6881963200875,-74.54762039818306,304.5952682468417,-74.54762039818306,304.67159263931677,-73.72388440822797,8.275773556018073,0.009889141977385777,S230518h,1361,8.275773556018073
54,62.06896551724138,-86.82819383259911,68.63115457654604,-86.39261080599432,70.56290575303353,-87.20964603970096,53.57502528144968,-87.20964603970097,55.50677645793706,-86.39261080599432,8.259008434221201,0.009869108482197056,S230518h,54,8.259008434221201
7363,116.65505226480838,-51.14537444933921,117.30595935690761,-50.7315519928474,117.31768355408568,-51.55551916629977,115.99242097553109,-51.55551916629976,116.00414517270917,-50.73155199284739,8.238970911823962,0.009845164629393442,S230518h,7363,8.238970911823962
563,131.29411764705884,-79.69162995594714,133.50785802580495,-79.27179828196577,133.68990908740957,-80.09515405775674,128.8983262067082,-80.09515405775674,129.08037726831282,-79.27179828196577,8.201693508287882,0.009800619967360183,S230518h,563,8.201693508287882
7945,116.36363636363635,-49.559471365638764,116.99346472833828,-49.14574791996212,117.00418247614886,-49.96971859197705,115.72309025112388,-49.96971859197705,115.73380799893445,-49.14574791996212,8.18594248526021,0.009781798270275872,S230518h,7945,8.18594248526021
482,132.15189873417722,-80.48458149779735,134.54027553574963,-80.06411137054322,134.75410748758932,-80.88735279819687,129.5496899807653,-80.88735279819687,129.76352193260496,-80.06411137054322,8.185255868272527,0.009780977796778221,S230518h,482,8.185255868272527
26407,98.47533632286995,-11.497797356828187,98.89515912725916,-11.085496484628662,98.89638907474986,-11.909495603172155,98.05428357099005,-11.909495603172157,98.05551351848075,-11.085496484628662,8.165347309898264,0.009757188049633075,S230518h,26407,8.165347309898264
43416,69.32714617169373,18.634361233480185,69.7629953364368,19.04586052196219,69.76088678113443,18.221862944301165,68.89340556225304,18.221862944301165,68.89129700695068,19.04586052196219,8.1601223129805,0.009750944435546558,S230518h,43416,8.1601223129805
16269,101.6793893129771,-30.528634361233472,102.15567157907704,-30.115764510139417,102.1597281375263,-30.93975710151346,101.19905048842793,-30.93975710151346,101.2031070468772,-30.115764510139417,8.13750961918843,0.00972392337970359,S230518h,16269,8.13750961918843
42552,72.0,17.04845814977974,72.43188824400298,17.460002900567105,72.42998772257063,16.636004903881336,71.57001227742938,16.636004903881336,71.56811175599705,17.460002900567105,8.133034813388928,0.00971857620707097,S230518h,42552,8.133034813388928
743,129.89690721649487,-78.1057268722467,131.82918175932875,-77.68692818611869,131.96567018876365,-78.51044785863185,127.82814424422622,-78.51044785863185,127.96463267366113,-77.68692818611869,8.130380275706186,0.009715404165224819,S230518h,743,8.130380275706186
18266,99.70588235294117,-26.563876651982373,100.16485555276677,-26.151138700674462,100.16816765581422,-26.97513337538425,99.24359705006816,-26.97513337538425,99.24690915311561,-26.151138700674466,8.12334501397504,0.0097069973738069,S230518h,18266,8.12334501397504
44274,68.2903981264637,20.22026431718063,68.73062189531825,20.631717265930437,68.72829611820829,19.80772015608627,67.85250013471914,19.80772015608627,67.85017435760916,20.63171726593044,8.079396060758947,0.009654480538351032,S230518h,44274,8.079396060758947
1051,106.43478260869566,-75.72687224669603,108.05953435286744,-75.3092106384869,108.15400506568112,-76.13288140227372,104.71556015171029,-76.13288140227372,104.81003086452397,-75.3092106384869,8.003028199644145,0.009563224703961462,S230518h,1051,8.003028199644145
45543,64.28571428571429,22.599118942731284,64.73331871316103,23.010500518546085,64.7306472583723,22.186504209500665,63.84078131305633,22.186504209500665,63.83810985826759,23.010500518546085,7.983449186804382,0.00953982874750629,S230518h,45543,7.983449186804382
39913,74.5945945945946,12.290748898678414,75.01692044895374,12.702425669697472,75.01559925934649,11.878426680871907,74.17358992984273,11.878426680871906,74.17226874023547,12.702425669697472,7.9635114090773955,0.009516004084673128,S230518h,39913,7.9635114090773955
42554,73.6551724137931,17.04845814977974,74.08706065779607,17.460002900567105,74.08516013636373,16.636004903881336,73.22518469122248,16.636004903881336,73.22328416979015,17.460002900567105,7.962157622774447,0.009514386376688938,S230518h,42554,7.962157622774447
42553,72.82758620689656,17.04845814977974,73.25947445089953,17.46000290056711,73.25757392946717,16.63600490388134,72.39759848432594,16.63600490388134,72.39569796289359,17.460002900567105,7.945957354928735,0.009495027854163705,S230518h,42553,7.945957354928735
71,273.1034482758621,-86.82819383259911,279.6656373351667,-86.39261080599432,281.5973885116542,-87.20964603970096,264.60950804007035,-87.20964603970097,266.54125921655776,-86.39261080599432,7.924270060080391,0.009469112604500458,S230518h,71,7.924270060080391
1117,313.04347826086956,-75.72687224669603,314.6682300050413,-75.3092106384869,314.762700717855,-76.13288140227372,311.3242558038842,-76.13288140227372,311.41872651669786,-75.3092106384869,7.86054468596491,0.009392963919676698,S230518h,1117,7.86054468596491
693,300.65934065934067,-78.89867841409692,302.72260069673894,-78.4793982941756,302.87943403238864,-79.30284478864927,298.4392472862928,-79.30284478864927,298.5960806219425,-78.4793982941756,7.7916532039615465,0.009310641990257985,S230518h,693,7.7916532039615465
45545,66.0,22.599118942731284,66.44760442744673,23.01050051854609,66.44493297265801,22.186504209500672,65.55506702734202,22.186504209500672,65.5523955725533,23.01050051854609,7.659138420615462,0.009152293347953849,S230518h,45545,7.659138420615462
44273,67.44730679156909,20.22026431718063,67.88753056042366,20.631717265930444,67.88520478331368,19.807720156086273,67.00940879982453,19.807720156086273,67.00708302271457,20.631717265930444,7.650833444956666,0.009142369310901281,S230518h,44273,7.650833444956666
1168,107.10743801652892,-74.93392070484582,108.65087490013848,-74.51656193148142,108.73555708863815,-75.34026788245248,105.47931894441979,-75.34026788245248,105.56400113291946,-74.51656193148142,7.608184402631665,0.009091405804964757,S230518h,1168,7.608184402631665
10454,107.02702702702702,-43.215859030837,107.58855369344992,-42.80247659158062,107.5961928428655,-43.62645778446824,106.45786121118854,-43.62645778446824,106.46550036060414,-42.80247659158062,7.538452074984307,0.009008079106396881,S230518h,10454,7.538452074984307
16276,108.09160305343511,-30.528634361233472,108.56788531953505,-30.115764510139417,108.57194187798432,-30.939757101513468,107.61126422888593,-30.939757101513468,107.6153207873352,-30.115764510139417,7.529786435578071,0.008997724093921852,S230518h,16276,7.529786435578071
1363,311.81102362204723,-74.1409691629956,313.28116326619505,-73.72388440822797,313.3574876586701,-74.54762039818306,310.26455958542437,-74.54762039818306,310.34088397789947,-73.72388440822797,7.513433377386432,0.008978182994455207,S230518h,1363,7.513433377386432
1175,127.93388429752066,-74.93392070484582,129.4773211811302,-74.51656193148142,129.56200336962988,-75.34026788245248,126.3057652254115,-75.34026788245248,126.39044741391119,-74.51656193148142,7.512517866169998,0.008977089003622818,S230518h,1175,7.512517866169998
17066,107.36842105263158,-28.942731277533042,107.83735511816978,-28.529915367522033,107.84109944314692,-29.353908852689084,106.89574266211628,-29.353908852689084,106.89948698709341,-28.52991536752203,7.496760260416609,0.008958259440505349,S230518h,17066,7.496760260416609
34527,88.81057268722468,2.775330396475771,89.22320031823813,3.187258563601827,89.22291274587992,2.363258613664059,88.39823262856945,2.363258613664059,88.39794505621127,3.187258563601827,7.486212116590639,0.00894565492792573,S230518h,34527,7.486212116590639
43848,70.4895104895105,19.4273127753304,70.92749408809776,19.838789009642724,70.92527814164501,19.014791659588916,70.053742837376,19.014791659588916,70.05152689092326,19.83878900964272,7.452992364820111,0.008905958959991304,S230518h,43848,7.452992364820111
650,130.54945054945054,-78.89867841409692,132.6127105868488,-78.4793982941756,132.76954392249854,-79.30284478864927,128.32935717640265,-79.30284478864927,128.48619051205242,-78.4793982941756,7.451994919860375,0.008904767062369326,S230518h,650,7.451994919860375
35424,81.05960264900662,4.361233480176214,81.47302577091762,4.7731204473116815,81.47257256926001,3.949120571219757,80.64663272875326,3.949120571219757,80.64617952709565,4.7731204473116815,7.447303868583739,0.008899161487037444,S230518h,35424,7.447303868583739
42550,70.34482758620689,17.04845814977974,70.77671583020987,17.460002900567105,70.77481530877753,16.636004903881336,69.91483986363627,16.63600490388134,69.91293934220393,17.460002900567105,7.415608684416639,0.008861287302333596,S230518h,42550,7.415608684416639
10124,107.2340425531915,-44.008810572687224,107.80291442238135,-43.595389555507374,107.8108724744743,-44.41936967656474,106.65721263190873,-44.41936967656474,106.66517068400168,-43.59538955550737,7.3924261002766825,0.008833585255580999,S230518h,10124,7.3924261002766825
9798,107.44615384615383,-44.801762114537446,108.02267749911246,-44.38830148912191,108.03097061712688,-45.2122804783793,106.86133707518081,-45.212280478379306,106.86963019319525,-44.38830148912191,7.369033241272916,0.008805631940718126,S230518h,9798,7.369033241272916
6519,109.45054945054945,-53.52422907488987,110.13689174723034,-53.11024480192551,110.15037334923562,-53.9342058250359,108.7507255518633,-53.9342058250359,108.76420715386858,-53.11024480192551,7.349375841936336,0.008782142316258278,S230518h,6519,7.349375841936336
44700,67.76470588235294,21.013215859030844,68.20727805368695,21.42464527826615,68.20483985534717,20.60064842167405,67.32457190935872,20.60064842167405,67.32213371101895,21.42464527826615,7.343671185482455,0.008775325532640071,S230518h,44700,7.343671185482455
35876,80.4424778761062,5.154185022026442,80.85641897179957,5.566051321614404,80.8558823402252,4.742051494942347,80.02907341198723,4.742051494942347,80.02853678041285,5.566051321614404,7.33942541405441,0.008770252044805821,S230518h,35876,7.33942541405441
41678,72.32876712328768,15.462555066079299,72.75709095676231,15.874144494227755,72.75539035997602,15.05014612433697,71.90214388659936,15.050146124336973,71.90044328981307,15.874144494227755,7.334393519825023,0.008764239178925338,S230518h,41678,7.334393519825023
43417,70.16241299303944,18.634361233480185,70.59826215778251,19.04586052196219,70.59615360248014,18.221862944301165,69.72867238359875,18.221862944301165,69.72656382829638,19.045860521962187,7.2867081450281574,0.008707257503627065,S230518h,43417,7.2867081450281574
45123,66.38297872340425,21.80616740088106,66.82801017793507,22.21757303363722,66.82545680924336,21.393576443810286,65.94050063756518,21.393576443810286,65.93794726887346,22.21757303363722,7.272231636460859,0.008689958788577671,S230518h,45123,7.272231636460859
46792,61.016949152542374,24.977973568281943,61.472985315472414,25.389281207531063,61.469940306867855,24.565285830496286,60.56395799821691,24.565285830496286,60.56091298961234,25.389281207531063,7.2264674539603,0.008635272843491859,S230518h,46792,7.2264674539603
1495,311.27819548872185,-73.34801762114537,312.6819392248219,-72.93118208543437,312.75107060596554,-73.75494392316726,309.80532037147816,-73.75494392316726,309.87445175262184,-72.93118208543437,7.206186306411411,0.008611037870625858,S230518h,1495,7.206186306411411
34074,89.60352422907489,1.9823788546255565,90.01587357644509,2.394327570211,90.01566836437323,1.5703275957333773,89.19138009377659,1.5703275957333775,89.19117488170473,2.394327570211,7.150458276186987,0.008544445618037142,S230518h,34074,7.150458276186987
34972,81.8543046357616,3.568281938325999,82.26729007684044,3.9801895252945707,82.2669198679645,3.1561896081352105,81.4416894035587,3.156189608135211,81.44131919468276,3.9801895252945707,7.07293385526852,0.008451807751620433,S230518h,34972,7.07293385526852
1632,308.2014388489209,-72.55506607929516,309.5447698292751,-72.13845826697556,309.6076660722749,-72.96224250578142,306.7952116255669,-72.96224250578142,306.8581078685668,-72.13845826697556,7.072766068675147,0.008451607254901601,S230518h,1632,7.072766068675147
42114,70.84668192219681,16.255506607929526,71.27673938899706,16.667073789960494,71.27493977973383,15.843075601114828,70.4184240646598,15.843075601114828,70.41662445539659,16.667073789960494,7.046189471500675,0.008419849529662368,S230518h,42114,7.046189471500675
43418,70.99767981438515,18.634361233480185,71.43352897912823,19.045860521962187,71.43142042382587,18.221862944301165,70.56393920494446,18.221862944301165,70.5618306496421,19.04586052196219,7.024075788112192,0.008393424766685057,S230518h,43418,7.024075788112192
29538,88.4070796460177,-5.947136563876644,88.8209989289335,-5.534982371266796,88.82161950946329,-6.358982140090014,87.99253978257217,-6.358982140090014,87.99316036310195,-5.534982371266796,7.010170200289336,0.00837680827381845,S230518h,29538,7.010170200289336
42983,69.00692840646651,17.841409691629956,69.44074652350344,18.252931815023988,69.43874306397397,17.42893402194698,68.57511374895907,17.428934021946976,68.57311028942962,18.252931815023988,7.001326192520279,0.008366240119931046,S230518h,42983,7.001326192520279
2497,123.42857142857143,-67.79735682819383,124.49987121291677,-67.38179061975697,124.53828894597278,-68.20566272627583,122.31885391117014,-68.20566272627583,122.35727164422613,-67.38179061975697,6.98738653224746,0.008349582912164144,S230518h,2497,6.98738653224746
3853,121.1214953271028,-62.24669603524229,121.99426991472478,-61.83191903806384,122.01845130793255,-62.65584209553192,120.22453934627308,-62.65584209553192,120.24872073948087,-61.83191903806384,6.980248889718863,0.008341053780733548,S230518h,3853,6.980248889718863
43415,68.49187935034803,18.634361233480185,68.9277285150911,19.04586052196219,68.92561995978875,18.221862944301165,68.05813874090734,18.221862944301165,68.05603018560498,19.045860521962187,6.952110576116001,0.008307429881246768,S230518h,43415,6.952110576116001
15115,109.03394255874673,-32.90748898678414,109.52240584433662,-32.49453486789272,109.52697294571068,-33.31852594694662,108.54091217178282,-33.31852594694662,108.54547927315687,-32.49453486789272,6.907246063923038,0.008253818997887142,S230518h,15115,6.907246063923038
45124,67.23404255319149,21.80616740088106,67.67907400772232,22.21757303363722,67.67652063903058,21.393576443810286,66.7915644673524,21.393576443810286,66.7890110986607,22.21757303363722,6.8865474850045425,0.008229085215084895,S230518h,45124,6.8865474850045425
1555,108.77697841726619,-72.55506607929516,110.12030939762039,-72.13845826697556,110.18320564062027,-72.96224250578142,107.37075119391218,-72.96224250578142,107.43364743691207,-72.13845826697556,6.859586659601205,0.008196868356027988,S230518h,1555,6.859586659601205
40804,78.19004524886878,13.876651982378856,78.61518604246653,14.288285389890964,78.61367825139118,13.464286690031539,77.7664122463464,13.464286690031539,77.76490445527106,14.288285389890966,6.811309494262349,0.008139179520166294,S230518h,40804,6.811309494262349
39022,75.70469798657719,10.704845814977984,76.12456546175663,11.11656541163852,76.12342551975021,10.292566172931755,75.28597045340418,10.292566172931755,75.28483051139777,11.11656541163852,6.76891294722843,0.008088517733672093,S230518h,39022,6.76891294722843
6256,118.20895522388061,-54.31718061674009,118.90825855762857,-53.903138379742344,118.92240408975579,-54.727097068783834,117.49550635800546,-54.727097068783834,117.50965189013266,-53.903138379742344,6.764899318024231,0.008083721644366817,S230518h,6256,6.764899318024231
895,314.5631067961165,-77.31277533039648,316.3803560097869,-76.89440067984016,316.5001931066162,-77.71798023642799,312.6260204856168,-77.71798023642799,312.7458575824462,-76.89440067984016,6.754760667197672,0.008071606455761871,S230518h,895,6.754760667197672
1633,310.7913669064748,-72.55506607929516,312.13469788682903,-72.13845826697556,312.1975941298289,-72.96224250578142,309.3851396831208,-72.96224250578142,309.4480359261207,-72.13845826697556,6.742249659807953,0.008056656417856705,S230518h,1633,6.742249659807953
789,300.61855670103097,-78.1057268722467,302.5508312438648,-77.68692818611869,302.6873196732997,-78.51044785863185,298.5497937287623,-78.51044785863185,298.6862821581972,-77.68692818611869,6.696410660296169,0.00800188107012577,S230518h,789,6.696410660296169
7939,109.09090909090908,-49.559471365638764,109.720737455611,-49.14574791996212,109.73145520342158,-49.96971859197704,108.45036297839663,-49.96971859197704,108.4610807262072,-49.14574791996212,6.682398635491197,0.007985137390305501,S230518h,7939,6.682398635491197
8237,108.476821192053,-48.76651982378854,109.09678829286901,-48.35284353488515,109.10704480683039,-49.176815802767905,107.84659757727563,-49.176815802767905,107.85685409123704,-48.35284353488515,6.663155067525211,0.007962142273960308,S230518h,8237,6.663155067525211
45546,66.85714285714286,22.599118942731284,67.30474728458957,23.01050051854609,67.30207582980086,22.18650420950067,66.41220988448488,22.18650420950067,66.40953842969616,23.01050051854609,6.651949839980707,0.007948752578685728,S230518h,45546,6.651949839980707
8854,115.7556270096463,-47.1806167400881,116.35710662811275,-46.767030511068754,116.36651435125272,-47.59100570076907,115.14473966803992,-47.59100570076907,115.15414739117988,-46.767030511068754,6.6312585072227135,0.007924027454688547,S230518h,8854,6.6312585072227135
41683,76.43835616438356,15.462555066079299,76.8666799978582,15.874144494227757,76.86497940107189,15.050146124336973,76.01173292769525,15.050146124336973,76.01003233090894,15.874144494227757,6.622341285797233,0.007913371814086077,S230518h,41683,6.622341285797233
892,304.0776699029126,-77.31277533039648,305.89491911658297,-76.89440067984016,306.0147562134124,-77.717980236428,302.1405835924129,-77.717980236428,302.26042068924227,-76.89440067984016,6.594539915304575,0.007880150545028048,S230518h,892,6.594539915304575
2674,123.31491712707182,-67.00440528634361,124.35187377385381,-66.58897323601025,124.38761315824819,-67.41285494292622,122.24222109589552,-67.41285494292622,122.27796048028989,-66.58897323601025,6.590568377437526,0.00787540475279848,S230518h,2674,6.590568377437526
9483,114.74999999999999,-45.59471365638766,115.33449754980956,-45.181212334793095,115.3431430844053,-46.00519012804661,114.15685691559472,-46.00519012804661,114.16550245019046,-45.181212334793095,6.584914182371313,0.00786864826805429,S230518h,9483,6.584914182371313
6800,117.84172661870504,-52.731277533039645,118.51570628685346,-52.31734912509883,118.5285652483558,-53.14131233231501,117.15488798905432,-53.14131233231501,117.16774695055663,-52.31734912509883,6.558843982617558,0.007837495662802518,S230518h,6800,6.558843982617558
37686,84.0,8.325991189427315,84.41682714958937,8.737774178046253,84.41595076923502,7.913774634311465,83.584049230765,7.913774634311463,83.58317285041068,8.737774178046253,6.551322600261859,0.007828507981170312,S230518h,37686,6.551322600261859
36327,79.64601769911505,5.947136563876657,80.06055756256062,6.358982140090029,80.05993698203085,5.534982371266811,79.23209841619928,5.534982371266811,79.23147783566951,6.3589821400900295,6.549344714292857,0.007826144504810048,S230518h,36327,6.549344714292857
44701,68.61176470588235,21.013215859030844,69.05433687721637,21.42464527826615,69.05189867887658,20.600648421674055,68.17163073288815,20.600648421674055,68.16919253454837,21.424645278266155,6.526245380071709,0.007798541937611975,S230518h,44701,6.526245380071709
278,138.0,-82.86343612334801,141.1331058920265,-82.44025599411538,141.51402750462697,-83.26289593133454,134.48597249537318,-83.26289593133454,134.86689410797365,-82.44025599411538,6.5197696902342,0.007790803807058841,S230518h,278,6.5197696902342
14735,109.89473684210527,-33.70044052863436,110.3875916228508,-33.28745733567704,110.39234155571225,-34.111447860069845,109.39713212849834,-34.111447860069845,109.40188206135979,-33.28745733567704,6.430061991405061,0.007683607523330078,S230518h,14735,6.430061991405061
1114,303.6521739130435,-75.72687224669603,305.2769256572153,-75.3092106384869,305.37139637002895,-76.13288140227372,301.93295145605816,-76.13288140227372,302.0274221688718,-75.3092106384869,6.423011086564077,0.007675182039166023,S230518h,1114,6.423011086564077
7652,117.12328767123287,-50.352422907488986,117.76342064314207,-49.9386507711711,117.77462686278942,-50.76261974775129,116.47194847967634,-50.76261974775129,116.4831546993237,-49.938650771171105,6.406499202083083,0.007655451150102729,S230518h,7652,6.406499202083083
41244,76.90909090909089,14.669603524229084,77.33577642273768,15.08121502407063,77.33417305987273,14.257216483938366,76.48400875830909,14.257216483938366,76.48240539544413,15.08121502407063,6.398304116165132,0.007645658425880525,S230518h,41244,6.398304116165132
45963,64.59330143540669,23.3920704845815,65.04359550338019,23.803427718976764,65.04080287141684,22.979431705267228,64.14579999939656,22.979431705267228,64.14300736743323,23.803427718976764,6.362329597571074,0.007602670647211057,S230518h,45963,6.362329597571074
46794,62.76029055690073,24.977973568281943,63.21632671983078,25.389281207531063,63.213281711226216,24.565285830496283,62.307299402575275,24.565285830496283,62.304254393970695,25.389281207531063,6.3382565500656245,0.007573904540574822,S230518h,46794,6.3382565500656245
152,342.4390243902439,-85.24229074889868,347.00169526874305,-84.8139342246618,347.8599616454799,-85.63485327447668,337.0180871350081,-85.63485327447668,337.87635351174504,-84.8139342246618,6.338089113993316,0.007573704462711407,S230518h,152,6.338089113993316
46379,63.17307692307692,24.185022026431728,63.626180455025896,24.596354620359214,63.62326337008078,23.77235891711499,62.72289047607309,23.77235891711499,62.71997339112796,24.596354620359214,6.323257024845806,0.0075559808463741395,S230518h,46379,6.323257024845806
4069,121.0909090909091,-61.45374449339207,121.94177572591671,-61.03905717979253,121.96456851253147,-61.8629851909482,120.21724966928676,-61.8629851909482,120.24004245590152,-61.039057179792515,6.319895580560023,0.007551964085938855,S230518h,4069,6.319895580560023
7073,109.39929328621908,-51.93832599118943,110.06147235904886,-51.524451481522036,110.07374654528145,-52.3484167351701,108.72484002715674,-52.3484167351701,108.73711421338932,-51.524451481522036,6.317634118711046,0.00754926175036266,S230518h,7073,6.317634118711046
3643,122.29665071770334,-63.039647577092516,123.19266726586754,-62.62477613751,123.2183609565777,-63.44869379522385,121.37494047882902,-63.44869379522385,121.40063416953917,-62.62477613751,6.317158481485815,0.007548693387294457,S230518h,3643,6.317158481485815
37678,77.60000000000001,8.325991189427315,78.01682714958936,8.737774178046251,78.01595076923502,7.913774634311463,77.18404923076501,7.913774634311463,77.18317285041067,8.737774178046251,6.310409758212646,0.007540628995227335,S230518h,37678,6.310409758212646
643,102.85714285714286,-78.89867841409692,104.9204028945411,-78.4793982941756,105.07723623019085,-79.30284478864927,100.63704948409497,-79.30284478864927,100.79388281974472,-78.4793982941756,6.299048699843408,0.007527053089788857,S230518h,643,6.299048699843408
304,294.0,-82.86343612334801,297.1331058920265,-82.44025599411538,297.51402750462694,-83.26289593133454,290.4859724953732,-83.26289593133454,290.8668941079736,-82.44025599411538,6.285189278815606,0.007510491763969516,S230518h,304,6.285189278815606
15499,109.11917098445596,-32.114537444933916,109.60341226528526,-31.701611891991252,109.60780310903858,-32.52560349957452,108.63053885987337,-32.52560349957452,108.6349297036267,-31.701611891991252,6.276524612315432,0.007500137914069333,S230518h,15499,6.276524612315432
1493,305.8646616541354,-73.34801762114537,307.2684053902354,-72.93118208543437,307.33753677137906,-73.75494392316726,304.3917865368917,-73.75494392316726,304.4609179180353,-72.93118208543437,6.249106994653565,0.007467375210751682,S230518h,1493,6.249106994653565
41239,72.81818181818181,14.669603524229084,73.2448673318286,15.08121502407063,73.24326396896365,14.257216483938365,72.39309966740001,14.257216483938366,72.39149630453505,15.08121502407063,6.2489918238573905,0.007467237587320191,S230518h,41239,6.2489918238573905
9166,115.06329113924052,-46.38766519823788,115.65610137173887,-45.97412203082243,115.6651179693057,-46.79809855924331,114.46146430917538,-46.79809855924331,114.47048090674222,-45.97412203082243,6.226424774188764,0.007440271073957646,S230518h,9166,6.226424774188764
41677,71.5068493150685,15.462555066079299,71.93517314854313,15.874144494227755,71.93347255175684,15.050146124336973,71.08022607838019,15.050146124336973,71.07852548159387,15.874144494227757,6.224186513247008,0.00743759646232338,S230518h,41677,6.224186513247008
43419,71.83294663573086,18.634361233480185,72.26879580047394,19.045860521962187,72.26668724517158,18.221862944301165,71.39920602629017,18.22186294430116,71.39709747098782,19.045860521962187,6.203825962891932,0.0074132666070130405,S230518h,43419,6.203825962891932
42555,74.48275862068965,17.04845814977974,74.91464686469263,17.46000290056711,74.91274634326027,16.63600490388134,74.05277089811905,16.636004903881336,74.05087037668669,17.460002900567105,6.161878149650157,0.007363141035308977,S230518h,42555,6.161878149650157
20332,97.71428571428571,-22.599118942731273,98.15921868694372,-22.186504209500654,98.16189014173244,-23.010500518546078,97.26668128683902,-23.010500518546078,97.26935274162773,-22.186504209500654,6.155750783943483,0.007355819134943953,S230518h,20332,6.155750783943483
14358,110.1063829787234,-34.49339207048458,110.60380506355204,-34.08037927022353,110.60874480716433,-34.904369212422395,109.6040211502825,-34.904369212422395,109.60896089389479,-34.08037927022353,6.148228489773125,0.00734683036373812,S230518h,14358,6.148228489773125
44275,69.13348946135831,20.22026431718063,69.57371323021287,20.63171726593044,69.5713874531029,19.80772015608627,68.69559146961375,19.80772015608627,68.69326569250379,20.63171726593044,6.132092710790601,0.0073275489022295625,S230518h,44275,6.132092710790601
25963,98.91891891891892,-12.290748898678414,99.33992358367082,-11.878426680871906,99.34124477327808,-12.702425669697472,98.49659306455979,-12.702425669697472,98.49791425416706,-11.878426680871906,6.124502854821679,0.00731847939800056,S230518h,25963,6.124502854821679
4743,109.83050847457626,-59.0748898678414,110.62264827738827,-58.66044668574083,110.64189360465359,-59.484387326551065,109.01912334449896,-59.484387326551065,109.0383686717643,-58.66044668574083,6.107028049343525,0.007297597865750925,S230518h,4743,6.107028049343525
44699,66.91764705882352,21.013215859030844,67.36021923015754,21.424645278266155,67.35778103181777,20.600648421674055,66.47751308582932,20.600648421674055,66.47507488748954,21.424645278266155,6.080530609000451,0.0072659347290282665,S230518h,44699,6.080530609000451
31799,85.6387665198238,-1.9823788546255436,86.05091065512214,-1.570327595733365,86.05111586719401,-2.3943275702109874,85.22641717245364,-2.3943275702109874,85.2266223845255,-1.570327595733365,6.069335871622944,0.007252557568986809,S230518h,31799,6.069335871622944
48421,56.417910447761194,28.149779735682827,56.8869828609551,28.560984087764993,56.8833871514809,27.736990186852097,55.9524337440415,27.736990186852097,55.94883803456729,28.560984087764993,6.049052419942645,0.007228319842797206,S230518h,48421,6.049052419942645
8540,108.23529411764706,-47.97356828193832,108.84581910317904,-47.55993770453136,108.85563956497799,-48.383911476080044,107.61494867031618,-48.383911476080044,107.62476913211512,-47.55993770453136,6.045878257135082,0.007224526874508398,S230518h,8540,6.045878257135082
1234,303.4710743801653,-74.93392070484582,305.01451126377486,-74.51656193148142,305.0991934522745,-75.34026788245248,301.84295530805616,-75.34026788245248,301.9276374965558,-74.51656193148142,5.9876702242676725,0.007154971140853559,S230518h,1234,5.9876702242676725
4750,120.50847457627117,-59.0748898678414,121.30061437908316,-58.66044668574083,121.31985970634851,-59.484387326551065,119.69708944619389,-59.484387326551065,119.71633477345921,-58.66044668574083,5.986464543553323,0.007153530411756408,S230518h,4750,5.986464543553323
38575,76.33928571428572,9.911894273127757,76.75805454667406,10.323635104294702,76.75700347140746,9.499635754784494,75.92156795716402,9.499635754784492,75.92051688189741,10.323635104294702,5.959778105716131,0.007121641432332754,S230518h,38575,5.959778105716131
35884,86.8141592920354,5.154185022026442,87.22810038772877,5.566051321614405,87.2275637561544,4.742051494942347,86.40075482791643,4.742051494942347,86.40021819634205,5.566051321614405,5.9392090871900605,0.007097062467821108,S230518h,35884,5.9392090871900605
5733,119.06614785992217,-55.903083700440526,119.7933308128344,-55.48891864894874,119.8089437921435,-56.312872163536376,118.32335192770087,-56.312872163536376,118.33896490700997,-55.48891864894874,5.938198042831903,0.0070958543195875235,S230518h,5733,5.938198042831903
43845,67.97202797202797,19.4273127753304,68.41001157061524,19.83878900964272,68.40779562416249,19.014791659588916,67.53626031989349,19.014791659588916,67.53404437344074,19.838789009642724,5.925888287995656,0.007081144768575952,S230518h,43845,5.925888287995656
46380,64.03846153846155,24.185022026431728,64.49156507041053,24.596354620359214,64.48864798546542,23.772358917114992,63.588275091457724,23.772358917114992,63.5853580065126,24.596354620359214,5.899806735900225,0.00704997859783476,S230518h,46380,5.899806735900225
48819,53.233082706766915,28.942731277533056,53.70576109728224,29.35390885268909,53.70201677230511,28.52991536752204,52.764148641228736,28.52991536752204,52.7604043162516,29.3539088526891,5.880089083370612,0.0070264169737755434,S230518h,48819,5.880089083370612
44697,65.22352941176472,21.013215859030844,65.66610158309872,21.424645278266155,65.66366338475896,20.600648421674055,64.78339543877051,20.600648421674055,64.78095724043074,21.42464527826616,5.878599672430688,0.007024637201027066,S230518h,44697,5.878599672430688
11476,113.41040462427746,-40.83700440528634,113.95159505352231,-40.423732040098,113.95836400734831,-41.24771612592214,112.86244524120666,-41.24771612592214,112.86921419503265,-40.423732040098,5.872674926848003,0.007017557421735079,S230518h,11476,5.872674926848003
112,349.7142857142857,-86.0352422907489,355.09704134905616,-85.60392149454682,356.33328201106144,-86.42347525027023,343.0952894175103,-86.42347525027024,344.3315300795156,-85.60392149454684,5.84825615125855,0.0069883781870588935,S230518h,112,5.84825615125855
947,128.8073394495413,-76.51982378854626,130.52279452736013,-76.10182559649995,130.62883089534458,-76.92545477824902,126.98584800373807,-76.92545477824902,127.09188437172253,-76.10182559649996,5.823165272137462,0.006958395821750526,S230518h,947,5.823165272137462
940,105.6880733944954,-76.51982378854626,107.40352847231426,-76.10182559649995,107.50956484029871,-76.92545477824902,103.8665819486922,-76.92545477824902,103.97261831667664,-76.10182559649995,5.820913027060725,0.006955704499763408,S230518h,940,5.820913027060725
1058,128.34782608695653,-75.72687224669603,129.9725778311283,-75.3092106384869,130.06704854394198,-76.13288140227374,126.62860362997118,-76.13288140227372,126.72307434278484,-75.3092106384869,5.813629322664016,0.006947000831591146,S230518h,1058,5.813629322664016
45541,62.57142857142858,22.599118942731284,63.01903299887531,23.01050051854609,63.016361544086585,22.18650420950067,62.12649559877061,22.18650420950067,62.123824143981885,23.01050051854609,5.795045652867315,0.006924794261071005,S230518h,45541,5.795045652867315
11126,106.3157894736842,-41.629955947136565,106.86348849970938,-41.2166477849728,106.87053406206657,-42.04063095682296,105.76104488530189,-42.040630956822966,105.76809044765906,-41.2166477849728,5.75351205697264,0.006875163658704519,S230518h,11126,5.75351205697264
30893,86.6225165562914,-3.5682819383259865,87.03513178849431,-3.1561896081351977,87.03550199737025,-3.9801895252945587,86.20953111521257,-3.9801895252945587,86.2099013240885,-3.1561896081351977,5.745930590747506,0.006866104179806309,S230518h,30893,5.745930590747506
45964,65.45454545454545,23.3920704845815,65.90483952251896,23.803427718976764,65.90204689055561,22.979431705267228,65.00704401853532,22.979431705267228,65.004251386572,23.803427718976764,5.7314246941218725,0.0068487703474740015,S230518h,45964,5.7314246941218725
42549,69.51724137931033,17.04845814977974,69.94912962331331,17.46000290056711,69.94722910188098,16.636004903881336,69.08725365673973,16.63600490388134,69.08535313530739,17.46000290056711,5.723119108419822,0.0068388455814497795,S230518h,42549,5.723119108419822
44698,66.07058823529412,21.013215859030844,66.51316040662815,21.42464527826615,66.51072220828836,20.600648421674055,65.63045426229992,20.600648421674055,65.62801606396015,21.42464527826615,5.695069155794691,0.006805327268981315,S230518h,44698,5.695069155794691
45542,63.42857142857143,22.599118942731284,63.876175856018165,23.010500518546085,63.87350440122944,22.186504209500665,62.983638455913464,22.186504209500665,62.980967001124725,23.01050051854609,5.677126075559328,0.0067838861714503065,S230518h,45542,5.677126075559328
46791,60.1452784503632,24.977973568281943,60.60131461329324,25.389281207531063,60.59826960468868,24.565285830496286,59.69228729603773,24.565285830496286,59.689242287433174,25.389281207531063,5.66494771504342,0.0067693336301829065,S230518h,46791,5.66494771504342
2490,109.02857142857142,-67.79735682819383,110.09987121291677,-67.38179061975697,110.13828894597277,-68.20566272627582,107.91885391117013,-68.20566272627583,107.95727164422615,-67.38179061975698,5.661902537614827,0.006765694793071929,S230518h,2490,5.661902537614827
5231,119.51417004048584,-57.48898678414097,120.27215250364324,-57.074688612831366,120.28945012807154,-57.89863616625649,118.73888995290017,-57.89863616625649,118.75618757732846,-57.074688612831366,5.62691045471556,0.006723880976691747,S230518h,5231,5.62691045471556
45122,65.53191489361701,21.80616740088106,65.97694634814785,22.217573033637223,65.97439297945613,21.39357644381029,65.08943680777793,21.39357644381029,65.08688343908622,22.217573033637223,5.626334798207755,0.006723193095504888,S230518h,45122,5.626334798207755
49216,51.81818181818182,29.735682819383257,52.29461401056542,30.146833197483716,52.29071616686726,29.322840148501058,51.3456474694964,29.322840148501058,51.34174962579822,30.146833197483723,5.620630619601438,0.006716376882890998,S230518h,49216,5.620630619601438
17868,106.66666666666667,-27.356828193832598,107.12882448156564,-26.94406462525655,107.13227620344604,-27.768058922397096,106.20105712988732,-27.768058922397096,106.20450885176771,-26.944064625256555,5.602911417184894,0.006695203308331818,S230518h,17868,5.602911417184894
20,202.5,-88.41409691629956,214.1541224273738,-87.96006722777081,221.84059663143628,-88.75592005290403,183.15940336856465,-88.75592005290405,190.8458775726268,-87.96006722777081,5.549388218827849,0.006631245721279221,S230518h,20,5.549388218827849
47611,58.23529411764706,26.563876651982397,58.697579420520086,26.975133375384278,58.69426731747265,26.151138700674494,57.77632091782148,26.151138700674494,57.773008814774045,26.975133375384278,5.537160661818515,0.006616634392624155,S230518h,47611,5.537160661818515
3431,109.95073891625616,-63.83259911894273,110.87145018685337,-63.417628049865435,110.89879510665938,-64.24153980696411,109.00268272585299,-64.24153980696411,109.030027645659,-63.417628049865435,5.532206582293439,0.0066107145114844505,S230518h,3431,5.532206582293439
32261,91.98237885462555,-1.1894273127753288,92.39440612882554,-0.7773965622341366,92.39452917745844,-1.6013965530507746,91.57022853179271,-1.6013965530507743,91.5703515804256,-0.7773965622341366,5.529888660534267,0.006607944709095132,S230518h,32261,5.529888660534267
21,225.0,-88.41409691629956,236.65412242737378,-87.96006722777081,244.34059663143626,-88.75592005290403,205.65940336856465,-88.75592005290405,213.3458775726268,-87.96006722777081,5.521893958550731,0.006598391433809514,S230518h,21,5.521893958550731
1298,127.55905511811024,-74.1409691629956,129.0291947622581,-73.72388440822797,129.10551915473314,-74.54762039818306,126.0125910814874,-74.54762039818306,126.08891547396244,-73.72388440822797,5.521134442648921,0.006597483849698344,S230518h,1298,5.521134442648921
32705,84.05286343612336,-0.3964757709251011,84.46485279949091,0.01553447896654453,84.46489380260937,-0.8084655200133425,83.64083306963737,-0.8084655200133425,83.6408740727558,0.01553447896654453,5.519817683690897,0.00659591038756846,S230518h,32705,5.519817683690897
43420,72.66821345707656,18.634361233480185,73.10406262181964,19.04586052196219,73.10195406651728,18.221862944301165,72.23447284763587,18.221862944301165,72.23236429233351,19.04586052196219,5.493138575875152,0.006564030167159574,S230518h,43420,5.493138575875152
5985,109.50570342205323,-55.110132158590304,110.21860586491219,-54.6960297144893,110.2334604341764,-55.51998590579552,108.77794640993011,-55.519985905795515,108.79280097919431,-54.6960297144893,5.475265972424889,0.006542673285917139,S230518h,5985,5.475265972424889
14351,103.40425531914894,-34.49339207048458,103.90167740397757,-34.08037927022353,103.90661714758987,-34.904369212422395,102.90189349070803,-34.9043692124224,102.90683323432033,-34.08037927022353,5.463406842733391,0.006528502209768955,S230518h,14351,5.463406842733391
13985,110.99195710455764,-35.2863436123348,111.49412901051417,-34.873300645065186,111.4992659782955,-35.697289976030866,110.4846482308198,-35.697289976030866,110.48978519860114,-34.873300645065186,5.426928933501487,0.00648491290406953,S230518h,13985,5.426928933501487
34065,82.46696035242292,1.9823788546255565,82.87930969979311,2.394327570211,82.87910448772125,1.5703275957333775,82.05481621712461,1.5703275957333775,82.05461100505275,2.394327570211,5.418695658221089,0.006475074545439291,S230518h,34065,5.418695658221089
29989,87.61061946902655,-5.154185022026429,88.02402393314554,-4.742051494942333,88.02456056471992,-5.566051321614391,87.1966783733332,-5.566051321614391,87.19721500490759,-4.742051494942333,5.413384344766714,0.006468727787340947,S230518h,29989,5.413384344766714
7357,109.12891986062719,-51.14537444933921,109.77982695272644,-50.7315519928474,109.7915511499045,-51.55551916629977,108.46628857134993,-51.55551916629976,108.478012768528,-50.7315519928474,5.412240559412281,0.006467361020151744,S230518h,7357,5.412240559412281
39920,80.27027027027027,12.290748898678414,80.69259612462943,12.702425669697472,80.69127493502216,11.878426680871907,79.8492656055184,11.87842668087191,79.84794441591114,12.702425669697472,5.410642241127798,0.006465451108488101,S230518h,39920,5.410642241127798
33612,83.25991189427313,1.1894273127753414,83.672062217106,1.601396553050787,83.67193916847312,0.7773965622341495,82.84788462007317,0.7773965622341495,82.84776157144027,1.6013965530507872,5.375493822598574,0.006423450478726632,S230518h,33612,5.375493822598574
842,129.32038834951456,-77.31277533039648,131.13763756318497,-76.89440067984016,131.25747466001437,-77.71798023642799,127.38330203901486,-77.71798023642799,127.50313913584426,-76.89440067984016,5.373936388980241,0.006421589422226258,S230518h,842,5.373936388980241
47612,59.11764705882353,26.563876651982397,59.57993236169656,26.97513337538428,59.57662025864912,26.151138700674494,58.65867385899796,26.15113870067449,58.655361755950516,26.975133375384278,5.372460433927307,0.00641982572860029,S230518h,47612,5.372460433927307
1427,127.21804511278197,-73.34801762114537,128.62178884888203,-72.93118208543437,128.69092023002568,-73.75494392316726,125.74516999553832,-73.75494392316726,125.814301376682,-72.93118208543437,5.359579664943498,0.006404433843793804,S230518h,1427,5.359579664943498
40356,73.95033860045147,13.083700440528641,74.3740266721784,13.495355601811859,74.37261290283442,12.67135675247096,73.52806429806857,12.671356752470958,73.52665052872459,13.495355601811857,5.359217831619789,0.0064040014707852765,S230518h,40356,5.359217831619789
27291,90.80357142857142,-9.911894273127745,91.22128918569314,-9.49963575478448,91.22234026095975,-10.323635104294688,90.3848025961831,-10.32363510429469,90.38585367144971,-9.499635754784482,5.355865714299649,0.006399995855614763,S230518h,27291,5.355865714299649
44276,69.97658079625293,20.22026431718063,70.41680456510748,20.63171726593044,70.41447878799752,19.807720156086273,69.53868280450835,19.807720156086273,69.5363570273984,20.63171726593044,5.354689925480679,0.0063985908458609915,S230518h,44276,5.354689925480679
48017,56.888888888888886,27.356828193832598,57.35449842566826,27.768058922397096,57.35104670378786,26.944064625256548,56.42673107398994,26.94406462525655,56.423279352109546,27.768058922397096,5.351379839484484,0.006394635456053361,S230518h,48017,5.351379839484484
1364,314.64566929133855,-74.1409691629956,316.1158089354864,-73.72388440822797,316.19213332796147,-74.54762039818306,313.09920525471574,-74.54762039818306,313.17552964719073,-73.72388440822797,5.350586063223052,0.006393686932499105,S230518h,1364,5.350586063223052
3438,122.36453201970443,-63.83259911894273,123.28524329030162,-63.41762804986544,123.31258821010763,-64.24153980696411,121.41647582930125,-64.24153980696411,121.44382074910726,-63.417628049865435,5.348219417928449,0.006390858907883637,S230518h,3438,5.348219417928449
45962,63.73205741626794,23.3920704845815,64.18235148424144,23.803427718976764,64.17955885227809,22.979431705267228,63.28455598025781,22.979431705267228,63.28176334829447,23.803427718976764,5.333596203990638,0.006373384887138889,S230518h,45962,5.333596203990638
39912,73.78378378378379,12.290748898678414,74.20610963814293,12.702425669697472,74.20478844853568,11.878426680871906,73.36277911903191,11.878426680871906,73.36145792942466,12.702425669697472,5.322416598868548,0.006360025809397684,S230518h,39912,5.322416598868548
47202,58.82926829268292,25.77092511013217,59.28836379542527,26.182207464696873,59.285187186666235,25.35821243027274,58.37334939869963,25.35821243027274,58.370172789940604,26.182207464696873,5.3145676636134,0.006350646718176293,S230518h,47202,5.3145676636134
2667,109.39226519337016,-67.00440528634361,110.42922184015215,-66.58897323601025,110.46496122454653,-67.41285494292622,108.31956916219387,-67.41285494292622,108.35530854658823,-66.58897323601025,5.284974255619106,0.006315284052527056,S230518h,2667,5.284974255619106
38583,82.76785714285715,9.911894273127757,83.18662597524549,10.323635104294702,83.18557489997887,9.499635754784494,82.35013938573545,9.499635754784494,82.34908831046884,10.323635104294702,5.250940148959985,0.006274614970592014,S230518h,38583,5.250940148959985
48018,57.77777777777777,27.356828193832598,58.24338731455714,27.7680589223971,58.23993559267674,26.944064625256555,57.31561996287882,26.94406462525655,57.312168240998425,27.7680589223971,5.248795925903367,0.00627205272960094,S230518h,48018,5.248795925903367
45960,62.009569377990424,23.3920704845815,62.45986344596392,23.803427718976764,62.45707081400058,22.979431705267228,61.56206794198028,22.979431705267228,61.55927531001694,23.803427718976764,5.243487588467179,0.006265709527697819,S230518h,45960,5.243487588467179
47205,61.46341463414634,25.77092511013217,61.9225101368887,26.182207464696873,61.919333528129656,25.358212430272744,61.00749574016305,25.358212430272744,61.00431913140402,26.182207464696873,5.239158300803716,0.006260536242073806,S230518h,47205,5.239158300803716
42120,75.78947368421052,16.255506607929526,76.21953115101077,16.667073789960494,76.21773154174754,15.843075601114828,75.36121582667352,15.843075601114828,75.35941621741028,16.667073789960494,5.21235900975126,0.006228512408613755,S230518h,42120,5.21235900975126
48420,55.5223880597015,28.149779735682827,55.99146047289541,28.56098408776499,55.987864763421214,27.736990186852093,55.05691135598182,27.736990186852093,55.053315646507606,28.56098408776499,5.182679406001777,0.006193046743280543,S230518h,48420,5.182679406001777
21175,96.56470588235294,-21.01321585903083,97.00483985534717,-20.60064842167404,97.00727805368696,-21.42464527826614,96.12213371101895,-21.42464527826614,96.12457190935874,-20.60064842167404,5.113498145801918,0.006110378543182997,S230518h,21175,5.113498145801918
42989,73.99538106235566,17.841409691629956,74.42919917939258,18.25293181502398,74.42719571986312,17.428934021946972,73.56356640484822,17.428934021946972,73.56156294531876,18.25293181502398,5.106896235647099,0.006102489585564592,S230518h,42989,5.106896235647099
48821,55.037593984962406,28.942731277533056,55.51027237547774,29.35390885268909,55.506528050500606,28.52991536752204,54.568659919424235,28.52991536752204,54.564915594447115,29.35390885268909,5.097505328096877,0.0060912679133629495,S230518h,48821,5.097505328096877
46790,59.27360774818402,24.977973568281943,59.729643911114074,25.389281207531063,59.726598902509494,24.565285830496283,58.82061659385855,24.565285830496283,58.81757158525399,25.389281207531063,5.079023446498552,0.006069182974728765,S230518h,46790,5.079023446498552
45961,62.87081339712919,23.3920704845815,63.321107465102685,23.803427718976764,63.31831483313935,22.979431705267228,62.423311961119055,22.979431705267224,62.42051932915572,23.803427718976764,5.078330823488077,0.006068355324329557,S230518h,45961,5.078330823488077
46378,62.30769230769231,24.185022026431728,62.76079583964129,24.596354620359214,62.75787875469616,23.77235891711499,61.85750586068847,23.77235891711499,61.85458877574335,24.596354620359214,5.039171901310475,0.006021562340148144,S230518h,46378,5.039171901310475
736,103.91752577319588,-78.1057268722467,105.84980031602974,-77.68692818611869,105.98628874546465,-78.51044785863185,101.84876280092723,-78.51044785863185,101.98525123036212,-77.68692818611869,5.022708813598261,0.0060018897608212435,S230518h,736,5.022708813598261
2083,309.55414012738856,-70.17621145374449,310.74510732073253,-69.76018311462354,310.79357435115713,-70.58401916889026,308.31470590362,-70.58401916889026,308.36317293404466,-69.76018311462354,5.020434865216442,0.005999172504453021,S230518h,2083,5.020434865216442
45121,64.68085106382978,21.80616740088106,65.1258825183606,22.21757303363722,65.12332914966889,21.393576443810286,64.2383729779907,21.39357644381029,64.23581960929899,22.21757303363722,5.016863340739676,0.005994904708531906,S230518h,45121,5.016863340739676
122,79.02439024390245,-85.24229074889868,83.58706112240156,-84.8139342246618,84.44532749913853,-85.63485327447668,73.60345298866667,-85.63485327447668,74.46171936540358,-84.8139342246618,5.011024046086552,0.005987927038893937,S230518h,122,5.011024046086552
17458,100.29850746268657,-28.149779735682813,100.76398416640629,-27.736990186852083,100.76757987588049,-28.560984087764982,99.82943504949267,-28.560984087764982,99.83303075896688,-27.736990186852083,5.00528456225931,0.0059810686382791405,S230518h,17458,5.00528456225931
1003,313.76146788990826,-76.51982378854626,315.4769229677271,-76.10182559649995,315.58295933571156,-76.92545477824902,311.939976444105,-76.92545477824902,312.0460128120895,-76.10182559649995,4.9648227713732505,0.005932718790132249,S230518h,1003,4.9648227713732505
36778,79.02439024390245,6.740088105726872,79.43961025011386,7.1519128945390875,79.43890511845574,6.327913192083609,78.6098753693492,6.327913192083609,78.60917023769106,7.1519128945390875,4.9498265387485,0.005914799030420576,S230518h,36778,4.9498265387485
43844,67.13286713286713,19.4273127753304,67.5708507314544,19.83878900964272,67.56863478500165,19.014791659588916,66.69709948073265,19.014791659588916,66.6948835342799,19.838789009642724,4.9490983148197465,0.005913928838676683,S230518h,43844,4.9490983148197465
44272,66.60421545667448,20.22026431718063,67.04443922552902,20.631717265930444,67.04211344841906,19.807720156086273,66.1663174649299,19.807720156086273,66.16399168781993,20.631717265930444,4.93878950225611,0.0059016103151731105,S230518h,44272,4.93878950225611
49218,53.63636363636363,29.735682819383257,54.11279582874725,30.146833197483723,54.108897985049076,29.322840148501058,53.163829287678205,29.322840148501058,53.15993144398005,30.146833197483723,4.925770717662624,0.005886053508507664,S230518h,49218,4.925770717662624
11823,113.14285714285712,-40.04405286343612,113.67779309247648,-39.6308154610494,113.68429773670697,-40.4548004146187,112.60141654900733,-40.4548004146187,112.60792119323781,-39.63081546104941,4.902997937660956,0.00585884115752538,S230518h,11823,4.902997937660956
1238,315.3719008264463,-74.93392070484582,316.91533771005584,-74.51656193148142,317.0000198985555,-75.34026788245248,313.74378175433714,-75.34026788245248,313.8284639428368,-74.51656193148142,4.902706767456747,0.005858493223465861,S230518h,1238,4.902706767456747
42113,70.02288329519452,16.255506607929526,70.45294076199477,16.667073789960494,70.45114115273154,15.843075601114828,69.59462543765751,15.843075601114828,69.59282582839428,16.667073789960494,4.879137605562507,0.005830329235328385,S230518h,42113,4.879137605562507
25512,92.6410835214447,-13.083700440528629,93.06335782382763,-12.671356752470944,93.06477159317161,-13.495355601811843,92.2173954497178,-13.495355601811843,92.21880921906178,-12.671356752470944,4.877976275299665,0.005828941502837381,S230518h,25512,4.877976275299665
5992,119.08745247148288,-55.110132158590304,119.80035491434184,-54.6960297144893,119.81520948360605,-55.51998590579551,118.35969545935976,-55.51998590579551,118.37455002862394,-54.6960297144893,4.8405633541153374,0.0057842349038860945,S230518h,5992,4.8405633541153374
31345,85.6387665198238,-2.775330396475771,86.05110657847905,-2.363258613664059,86.05139415083725,-3.1872585636018274,85.2261388888104,-3.1872585636018274,85.22642646116859,-2.3632586136640596,4.816698932572059,0.0057557180950038546,S230518h,31345,4.816698932572059
7364,117.90940766550523,-51.14537444933921,118.56031475760446,-50.731551992847386,118.57203895478254,-51.55551916629976,117.24677637622796,-51.55551916629976,117.25850057340602,-50.731551992847386,4.803797094923476,0.005740301034180188,S230518h,7364,4.803797094923476
8547,116.47058823529412,-47.97356828193832,117.08111322082611,-47.55993770453135,117.09093368262504,-48.38391147608005,115.85024278796323,-48.38391147608005,115.86006324976218,-47.55993770453135,4.8002762344416645,0.00573609377923882,S230518h,8547,4.8002762344416645
4291,121.6,-60.66079295154186,122.43018661197067,-60.24619094539275,122.45170127315853,-61.07012351165851,120.74829872684148,-61.07012351165851,120.76981338802935,-60.24619094539275,4.779363510111943,0.005711104103212685,S230518h,4291,4.779363510111943
518,296.20253164556965,-80.48458149779735,298.59090844714206,-80.06411137054322,298.8047403989818,-80.88735279819687,293.6003228921577,-80.88735279819687,293.81415484399736,-80.06411137054322,4.769742283712811,0.005699607211325353,S230518h,518,4.769742283712811
46793,61.888619854721554,24.977973568281943,62.34465601765161,25.389281207531063,62.34161100904705,24.565285830496283,61.43562870039609,24.565285830496283,61.43258369179153,25.389281207531063,4.764976702876011,0.005693912576838216,S230518h,46793,4.764976702876011
4981,110.08264462809917,-58.281938325991185,110.85725527178458,-57.86756924693668,110.8754905474084,-58.69151347490754,109.28979870878999,-58.69151347490754,109.30803398441383,-57.86756924693668,4.759618401739212,0.005687509670772613,S230518h,4981,4.759618401739212
48818,52.33082706766917,28.942731277533056,52.8035054581845,29.3539088526891,52.79976113320736,28.52991536752204,51.86189300213099,28.52991536752204,51.85814867715387,29.3539088526891,4.752331367383295,0.005678802023463033,S230518h,48818,4.752331367383295
40798,73.30316742081448,13.876651982378856,73.72830821441222,14.288285389890966,73.7268004233369,13.464286690031539,72.87953441829211,13.46428669003154,72.87802662721676,14.288285389890966,4.733842061653984,0.005656708213357815,S230518h,40798,4.733842061653984
47201,57.951219512195124,25.77092511013217,58.41031501493747,26.182207464696877,58.40713840617843,25.358212430272744,57.49530061821183,25.35821243027274,57.49212400945279,26.182207464696873,4.733309806631315,0.005656072194809008,S230518h,47201,4.733309806631315
38135,83.38530066815144,9.118942731277542,83.80305639404058,9.530704690151117,83.8020931418284,8.706705239019009,82.96850819447451,8.706705239019009,82.96754494226234,9.530704690151117,4.721834463168404,0.005642359724309925,S230518h,38135,4.721834463168404
11133,113.68421052631578,-41.629955947136565,114.23190955234095,-41.2166477849728,114.23895511469814,-42.04063095682296,113.12946593793346,-42.04063095682296,113.13651150029065,-41.21664778497281,4.703534521715965,0.005620492195193035,S230518h,11133,4.703534521715965
47204,60.58536585365854,25.77092511013217,61.04446135640089,26.182207464696873,61.04128474764185,25.35821243027274,60.12944695967525,25.35821243027274,60.126270350916215,26.18220746469687,4.688333902416393,0.005602328203467047,S230518h,47204,4.688333902416393
47203,59.70731707317072,25.77092511013217,60.16641257591307,26.182207464696873,60.16323596715404,25.35821243027274,59.25139817918743,25.35821243027274,59.24822157042839,26.182207464696873,4.684683193899109,0.005597965786515798,S230518h,47203,4.684683193899109
46376,60.57692307692307,24.185022026431728,61.03002660887205,24.596354620359214,61.027109523926924,23.772358917114985,60.12673662991923,23.772358917114985,60.12381954497411,24.596354620359214,4.675901198120566,0.005587471733904165,S230518h,46376,4.675901198120566
28187,89.6,-8.325991189427315,90.01595076923502,-7.913774634311463,90.01682714958936,-8.737774178046251,89.18317285041067,-8.737774178046251,89.184049230765,-7.913774634311463,4.675485289854841,0.005586974744002075,S230518h,28187,4.675485289854841
6526,118.68131868131867,-53.52422907488987,119.36766097799956,-53.110244801925504,119.38114258000485,-53.9342058250359,117.98149478263252,-53.93420582503591,117.99497638463781,-53.11024480192551,4.656118315997132,0.00556383216369163,S230518h,6526,4.656118315997132
42982,68.17551963048498,17.841409691629956,68.6093377475219,18.252931815023985,68.60733428799244,17.428934021946972,67.74370497297754,17.428934021946972,67.74170151344808,18.252931815023985,4.654746640069063,0.005562193078486143,S230518h,42982,4.654746640069063
1496,313.98496240601503,-73.34801762114537,315.38870614211504,-72.93118208543437,315.4578375232587,-73.75494392316726,312.5120872887714,-73.75494392316726,312.5812186699151,-72.93118208543437,4.647086749593203,0.005553039886469196,S230518h,1496,4.647086749593203
46377,61.44230769230769,24.185022026431728,61.89541122425668,24.596354620359214,61.89249413931156,23.77235891711499,60.99212124530387,23.77235891711499,60.98920416035874,24.596354620359214,4.641912516000751,0.005546856932057314,S230518h,46377,4.641912516000751
49215,50.909090909090914,29.735682819383257,51.385523101474526,30.146833197483716,51.381625257776356,29.322840148501058,50.436556560405485,29.322840148501058,50.43265871670732,30.146833197483716,4.634199518772064,0.005537640280085221,S230518h,49215,4.634199518772064
4062,109.63636363636363,-61.45374449339207,110.48723027137125,-61.03905717979253,110.51002305798602,-61.8629851909482,108.7627042147413,-61.8629851909482,108.78549700135606,-61.03905717979253,4.624986705446031,0.005526631421713783,S230518h,4062,4.624986705446031
48423,58.2089552238806,28.149779735682827,58.678027637074514,28.56098408776499,58.6744319276003,27.736990186852097,57.74347852016091,27.736990186852097,57.739882810686694,28.560984087764993,4.596215942540135,0.005492251776445793,S230518h,48423,4.596215942540135
18674,99.21951219512195,-25.770925110132158,99.67543108910527,-25.35821243027273,99.67860769786431,-26.18220746469686,98.76041669237964,-26.18220746469686,98.76359330113867,-25.35821243027273,4.590281984423989,0.0054851609886298605,S230518h,18674,4.590281984423989
12887,111.68975069252079,-37.665198237885456,112.20734068689622,-37.25206112430854,112.21311863690539,-38.07604843049503,111.16638274813621,-38.07604843049503,111.17216069814538,-37.25206112430853,4.5838294608410095,0.005477450540610399,S230518h,12887,4.5838294608410095
47206,62.34146341463414,25.77092511013217,62.800558917376485,26.182207464696873,62.79738230861746,25.35821243027274,61.88554452065085,25.35821243027274,61.88236791189181,26.182207464696873,4.582417312436621,0.005475763092788198,S230518h,47206,4.582417312436621
43849,71.32867132867133,19.4273127753304,71.7666549272586,19.838789009642724,71.76443898080585,19.014791659588916,70.89290367653685,19.014791659588916,70.8906877300841,19.83878900964272,4.5801699764283414,0.00547307763689621,S230518h,43849,4.5801699764283414
41238,72.0,14.669603524229084,72.42668551364677,15.08121502407063,72.42508215078183,14.257216483938365,71.5749178492182,14.257216483938365,71.57331448635324,15.08121502407063,4.555580136552904,0.005443693988819886,S230518h,41238,4.555580136552904
38127,76.97104677060133,9.118942731277542,77.38880249649047,9.530704690151115,77.3878392442783,8.706705239019009,76.5542542969244,8.706705239019009,76.55329104471224,9.530704690151115,4.530177534529561,0.005413339129989658,S230518h,38127,4.530177534529561
12521,104.58100558659217,-38.45814977973568,105.10415136413698,-38.04497996500043,105.11016120523027,-38.86896652628231,104.0518499679541,-38.8689665262823,104.05785980904737,-38.04497996500043,4.522254502570085,0.005403871496854427,S230518h,12521,4.522254502570085
556,101.6470588235294,-79.69162995594714,103.86079920227553,-79.27179828196577,104.04285026388017,-80.09515405775674,99.25126738317877,-80.09515405775674,99.43331844478338,-79.27179828196577,4.520983847895933,0.0054023531270740235,S230518h,556,4.520983847895933
25070,92.85067873303167,-13.876651982378856,93.27431173555406,-13.464286690031539,93.27581952662942,-14.288285389890964,92.42553793943395,-14.288285389890966,92.4270457305093,-13.46428669003154,4.506973264363592,0.005385611169503593,S230518h,25070,4.506973264363592
1634,313.38129496402877,-72.55506607929516,314.724625944383,-72.13845826697556,314.7875221873828,-72.96224250578142,311.9750677406748,-72.96224250578142,312.0379639836747,-72.13845826697556,4.505390048407337,0.005383719304378685,S230518h,1634,4.505390048407337
1360,303.3070866141732,-74.1409691629956,304.7772262583211,-73.72388440822797,304.8535506507961,-74.54762039818306,301.7606225775504,-74.54762039818306,301.8369469700254,-73.72388440822797,4.48282888626629,0.00535675982632175,S230518h,1360,4.48282888626629
41245,77.72727272727272,14.669603524229084,78.1539582409195,15.081215024070627,78.15235487805455,14.257216483938363,77.30219057649093,14.257216483938365,77.30058721362597,15.08121502407063,4.478727960588263,0.005351859422027915,S230518h,41245,4.478727960588263
19092,105.4721549636804,-24.97797356828193,105.92514611800588,-24.565285830496276,105.92819112661046,-25.38928120753105,105.01611880075036,-25.38928120753105,105.01916380935492,-24.565285830496276,4.472263771029153,0.005344135033741301,S230518h,19092,4.472263771029153
340,136.36363636363637,-82.0704845814978,139.20123254180203,-81.64837791299924,139.5095906871564,-82.47127912354311,133.21768204011653,-82.47127912354311,133.52604018547086,-81.64837791299924,4.467482726036105,0.005338421920348761,S230518h,340,4.467482726036105
1000,303.85321100917434,-76.51982378854626,305.5686660869932,-76.10182559649995,305.67470245497765,-76.92545477824902,302.03171956337115,-76.92545477824902,302.13775593135557,-76.10182559649995,4.4458145641138405,0.005312529533590252,S230518h,1000,4.4458145641138405
1562,126.90647482014388,-72.55506607929516,128.24980580049805,-72.13845826697556,128.31270204349795,-72.96224250578142,125.50024759678988,-72.96224250578142,125.56314383978977,-72.13845826697556,4.418588053492006,0.005279995193777108,S230518h,1562,4.418588053492006
45125,68.08510638297872,21.80616740088106,68.53013783750954,22.217573033637223,68.52758446881782,21.393576443810286,67.64262829713965,21.393576443810286,67.64007492844792,22.217573033637223,4.415994103257958,0.005276895550949384,S230518h,45125,4.415994103257958
251,333.3333333333333,-83.65638766519824,336.831313968644,-83.23188432017895,337.3136784876666,-84.05415885427023,329.35298817900025,-84.05415885427023,329.83535269802286,-83.23188432017895,4.406323697123267,0.005265339891699211,S230518h,251,4.406323697123267
698,320.43956043956047,-78.89867841409692,322.5028204769587,-78.4793982941756,322.65965381260844,-79.30284478864927,318.2194670665126,-79.30284478864927,318.3763004021623,-78.4793982941756,4.380299797581887,0.005234242612921834,S230518h,698,4.380299797581887
40797,72.48868778280543,13.876651982378856,72.91382857640318,14.288285389890966,72.91232078532784,13.464286690031539,72.06505478028305,13.464286690031537,72.06354698920771,14.288285389890964,4.372926910728013,0.005225432376103774,S230518h,40797,4.372926910728013
8244,116.82119205298014,-48.76651982378854,117.44115915379615,-48.352843534885146,117.45141566775754,-49.176815802767905,116.19096843820279,-49.176815802767905,116.20122495216418,-48.352843534885146,4.366803729055372,0.005218115475453437,S230518h,8244,4.366803729055372
45959,61.14832535885167,23.3920704845815,61.59861942682517,23.803427718976764,61.59582679486183,22.979431705267228,60.70082392284153,22.979431705267228,60.69803129087819,23.803427718976764,4.360052696294439,0.005210048323662134,S230518h,45959,4.360052696294439
1118,316.1739130434783,-75.72687224669603,317.79866478765007,-75.3092106384869,317.8931355004637,-76.13288140227372,314.4546905864929,-76.13288140227372,314.54916129930655,-75.3092106384869,4.337127840369735,0.005182654249438625,S230518h,1118,4.337127840369735
214,86.66666666666667,-83.65638766519824,90.16464730197733,-83.23188432017895,90.64701182099994,-84.05415885427023,82.68632151233363,-84.05415885427023,83.16868603135622,-83.23188432017895,4.322204625908364,0.0051648217428374565,S230518h,214,4.322204625908364
12880,104.70914127423823,-37.665198237885456,105.22673126861369,-37.25206112430854,105.23250921862285,-38.07604843049503,104.18577332985367,-38.07604843049503,104.19155127986284,-37.25206112430854,4.3214106881783865,0.005163873026336236,S230518h,12880,4.3214106881783865
2245,309.20245398773005,-69.38325991189427,310.3504460788897,-68.96739668573589,310.3951753542413,-69.79124615397052,308.0097326212189,-69.79124615397052,308.05446189657044,-68.96739668573589,4.31875355954584,0.005160697888432623,S230518h,2245,4.31875355954584
8847,107.65273311897107,-47.1806167400881,108.25421273743753,-46.767030511068754,108.2636204605775,-47.59100570076906,107.0418457773647,-47.59100570076906,107.05125350050466,-46.767030511068754,4.296418325996467,0.005134008383920118,S230518h,8847,4.296418325996467
310,330.0,-82.86343612334801,333.1331058920265,-82.44025599411538,333.51402750462694,-83.26289593133454,326.4859724953732,-83.26289593133454,326.8668941079736,-82.44025599411538,4.291911042469971,0.005128622402002641,S230518h,310,4.291911042469971
44277,70.81967213114756,20.22026431718063,71.25989590000212,20.63171726593044,71.25757012289215,19.80772015608627,70.38177413940299,19.80772015608627,70.37944836229303,20.63171726593044,4.276213970975682,0.0051098651743446515,S230518h,44277,4.276213970975682
47610,57.352941176470594,26.563876651982397,57.815226479343615,26.975133375384278,57.81191437629619,26.151138700674494,56.893967976645015,26.15113870067449,56.89065587359759,26.975133375384274,4.27605734471816,0.005109678013677731,S230518h,47610,4.27605734471816
2319,108.63905325443787,-68.59030837004406,109.74726811241439,-68.17459878462347,109.78866666131299,-68.99846020179434,107.4894398475628,-68.99846020179434,107.5308383964614,-68.17459878462347,4.275748807634946,0.005109309327052784,S230518h,2319,4.275748807634946
19922,105.07177033492823,-23.3920704845815,105.5192717709384,-22.979431705267228,105.52206440290173,-23.803427718976764,104.62147626695477,-23.803427718976764,104.6242688989181,-22.979431705267228,4.248626572859229,0.005076899591742179,S230518h,19922,4.248626572859229
46795,63.63196125907991,24.977973568281943,64.08799742200996,25.389281207531063,64.08495241340539,24.565285830496286,63.17897010475444,24.565285830496286,63.17592509614988,25.389281207531063,4.225214726879643,0.005048923588377943,S230518h,46795,4.225214726879643
29087,88.6031042128603,-6.740088105726872,89.01761908741359,-6.327913192083609,89.01832421907172,-7.1519128945390875,88.18788420664892,-7.1519128945390875,88.18858933830705,-6.327913192083608,4.209905828668618,0.0050306302086834155,S230518h,29087,4.209905828668618
45120,63.82978723404255,21.80616740088106,64.27481868857338,22.217573033637223,64.27226531988167,21.393576443810286,63.38730914820348,21.393576443810282,63.38475577951175,22.21757303363722,4.206160124470672,0.005026154276570477,S230518h,45120,4.206160124470672
45540,61.714285714285715,22.599118942731284,62.16189014173244,23.010500518546085,62.15921868694371,22.186504209500665,61.26935274162775,22.186504209500665,61.266681286839024,23.010500518546085,4.189595556691855,0.005006360433559919,S230518h,45540,4.189595556691855
31656,332.2466960352423,-2.775330396475771,332.65903609389756,-2.3632586136640596,332.6593236662557,-3.187258563601827,331.8340684042289,-3.187258563601827,331.83435597658706,-2.3632586136640596,4.184000450431149,0.004999674557029327,S230518h,31656,4.184000450431149
198,337.02127659574467,-84.44933920704845,340.9810215761648,-84.02316364812863,341.6113428053048,-84.84490493230915,332.4312103861848,-84.84490493230915,333.0615316153248,-84.02316364812863,4.17769430516501,0.004992139023892184,S230518h,198,4.17769430516501
2082,307.2611464968153,-70.17621145374449,308.45211369015925,-69.76018311462354,308.50058072058386,-70.58401916889025,306.0217122730468,-70.58401916889026,306.0701793034714,-69.76018311462354,4.176561366875459,0.004990785218411506,S230518h,2082,4.176561366875459
18682,106.24390243902438,-25.770925110132158,106.69982133300769,-25.35821243027273,106.70299794176672,-26.18220746469686,105.78480693628205,-26.18220746469686,105.7879835450411,-25.358212430272726,4.164808137769513,0.004976740688249498,S230518h,18682,4.164808137769513
23764,101.32723112128147,-16.255506607929515,101.75548897881849,-15.843075601114814,101.75728858808174,-16.66707378996048,100.89717365448125,-16.66707378996048,100.89897326374448,-15.843075601114814,4.148583413918375,0.004957352942001764,S230518h,23764,4.148583413918375
1926,307.5496688741722,-70.96916299559471,308.78719950157307,-70.55295666587745,308.8398805760784,-71.37677759201445,306.25945717226614,-71.37677759201445,306.31213824677144,-70.55295666587745,4.1423317805713715,0.004949882547924328,S230518h,1926,4.1423317805713715
2162,125.88957055214726,-69.38325991189427,127.03756264330691,-68.96739668573589,127.08229191865847,-69.79124615397053,124.69684918563608,-69.79124615397053,124.74157846098764,-68.96739668573589,4.140483083312986,0.004947673445713203,S230518h,2162,4.140483083312986
20340,104.57142857142857,-22.599118942731273,105.01636154408656,-22.186504209500654,105.0190329988753,-23.010500518546078,104.12382414398188,-23.010500518546078,104.12649559877059,-22.186504209500654,4.134985708386867,0.0049411043533160596,S230518h,20340,4.134985708386867
40363,79.63882618510159,13.083700440528641,80.06251425682852,13.495355601811855,80.06110048748454,12.671356752470958,79.21655188271869,12.671356752470958,79.2151381133747,13.495355601811855,4.126776006819475,0.004931294164112313,S230518h,40363,4.126776006819475
34971,81.05960264900662,3.568281938325999,81.47258809008547,3.98018952529457,81.47221788120954,3.1561896081352105,80.64698741680373,3.1561896081352105,80.6466172079278,3.9801895252945707,4.11515942726263,0.004917412923434129,S230518h,34971,4.11515942726263
48016,55.99999999999999,27.356828193832598,56.46560953677937,27.768058922397092,56.462157814898966,26.944064625256548,55.53784218510105,26.944064625256555,55.534390463220646,27.768058922397096,4.108938378105431,0.004909979075957829,S230518h,48016,4.108938378105431
38,180.0,-87.62114537444934,188.400809397446,-87.17891333780612,191.83299605770887,-87.99048668489942,168.16700394229173,-87.99048668489942,171.59919060255442,-87.17891333780612,4.097914010190832,0.0048968054990371395,S230518h,38,4.097914010190832
48020,59.55555555555556,27.356828193832598,60.02116509233492,27.7680589223971,60.017713370454516,26.944064625256555,59.09339774065659,26.944064625256555,59.0899460187762,27.7680589223971,4.0892032383279675,0.00488639655549834,S230518h,48020,4.0892032383279675
4518,121.55844155844156,-59.86784140969163,122.36908102987604,-59.45332067790705,122.3894165516106,-60.27725744202729,120.72746656527254,-60.27725744202729,120.74780208700709,-59.45332067790705,4.082365689107412,0.004878226020797054,S230518h,4518,4.082365689107412
32252,84.84581497797357,-1.1894273127753288,85.25784225217355,-0.7773965622341367,85.25796530080645,-1.6013965530507746,84.43366465514072,-1.6013965530507743,84.43378770377362,-0.7773965622341367,4.075276841875323,0.004869755197343559,S230518h,32252,4.075276841875323
49213,49.09090909090909,29.735682819383257,49.5673412832927,30.146833197483723,49.563443439594536,29.32284014850106,48.61837474222366,29.322840148501058,48.614476898525496,30.146833197483716,4.0651482157998995,0.0048576519878226945,S230518h,49213,4.0651482157998995
39030,82.14765100671141,10.704845814977984,82.56751848189086,11.11656541163852,82.56637853988445,10.292566172931753,81.7289234735384,10.292566172931753,81.727783531532,11.11656541163852,4.061744003754691,0.004853584122020384,S230518h,39030,4.061744003754691
1631,305.6115107913669,-72.55506607929516,306.95484177172114,-72.13845826697556,307.017738014721,-72.96224250578142,304.20528356801293,-72.96224250578142,304.26817981101277,-72.13845826697556,4.023647995327987,0.004808061267443315,S230518h,1631,4.023647995327987
48419,54.62686567164179,28.149779735682827,55.09593808483571,28.560984087764993,55.0923423753615,27.736990186852093,54.1613889679221,27.736990186852093,54.1577932584479,28.560984087764993,3.9646284764195863,0.004737535847919511,S230518h,48419,3.9646284764195863
602,296.4705882352941,-79.69162995594714,298.6843286140402,-79.27179828196577,298.86637967564485,-80.09515405775674,294.0747967949435,-80.09515405775674,294.2568478565481,-79.27179828196577,3.9604409193779313,0.004732531923411063,S230518h,602,3.9604409193779313
44271,65.76112412177986,20.22026431718063,66.20134789063442,20.63171726593044,66.19902211352445,19.80772015608627,65.32322613003531,19.80772015608627,65.32090035292534,20.63171726593044,3.9478446065896606,0.00471747994975427,S230518h,44271,3.9478446065896606
25954,91.62162162162163,-12.290748898678414,92.04262628637352,-11.878426680871907,92.04394747598079,-12.702425669697472,91.1992957672625,-12.702425669697472,91.20061695686975,-11.878426680871907,3.937431757502872,0.00470503710772732,S230518h,25954,3.937431757502872
47609,56.470588235294116,26.563876651982397,56.932873538167144,26.97513337538428,56.9295614351197,26.151138700674494,56.011615035468544,26.15113870067449,56.0083029324211,26.975133375384278,3.9240198919208056,0.004689010588632169,S230518h,47609,3.9240198919208056
2587,308.57142857142856,-67.79735682819383,309.6427283557739,-67.38179061975697,309.6811460888299,-68.20566272627582,307.46171105402726,-68.20566272627582,307.50012878708327,-67.38179061975697,3.9178218032447285,0.004681604177800449,S230518h,2587,3.9178218032447285
20752,97.02127659574468,-21.80616740088106,97.4637546815838,-21.393576443810286,97.46630805027552,-22.21757303363722,96.57624514121389,-22.217573033637223,96.5787985099056,-21.393576443810286,3.9094951225372565,0.00467165420428327,S230518h,20752,3.9094951225372565
24630,93.27272727272727,-14.669603524229071,93.69780942350909,-14.257216483938354,93.69941278637404,-15.081215024070618,92.8460417590805,-15.081215024070618,92.84764512194546,-14.257216483938356,3.898402737219061,0.004658399349913827,S230518h,24630,3.898402737219061
43843,66.2937062937063,19.4273127753304,66.73168989229356,19.838789009642724,66.72947394584081,19.014791659588916,65.8579386415718,19.014791659588916,65.85572269511906,19.838789009642724,3.8729249517057154,0.00462795465051438,S230518h,43843,3.8729249517057154
39021,74.8993288590604,10.704845814977984,75.31919633423985,11.11656541163852,75.31805639223344,10.292566172931755,74.48060132588739,10.292566172931755,74.47946138388099,11.116565411638522,3.872276047331585,0.0046271792417333065,S230518h,39021,3.872276047331585
44696,64.37647058823529,21.013215859030844,64.81904275956931,21.42464527826615,64.81660456122952,20.60064842167405,63.93633661524109,20.60064842167405,63.93389841690131,21.424645278266155,3.871827742446961,0.00462664353946654,S230518h,44696,3.871827742446961
48014,54.22222222222222,27.356828193832598,54.687831759001575,27.7680589223971,54.68438003712117,26.944064625256548,53.76006440732326,26.944064625256548,53.75661268544287,27.7680589223971,3.8695770387772304,0.00462395405938491,S230518h,48014,3.8695770387772304
2246,311.4110429447853,-69.38325991189427,312.559035035945,-68.96739668573589,312.6037643112965,-69.79124615397053,310.21832157827413,-69.79124615397053,310.2630508536257,-68.96739668573589,3.860971578798969,0.004613670958363634,S230518h,2246,3.860971578798969
41676,70.68493150684931,15.462555066079299,71.11325534032395,15.874144494227757,71.11155474353765,15.050146124336973,70.25830827016101,15.050146124336973,70.2566076733747,15.874144494227757,3.845046657214566,0.004594641461065176,S230518h,41676,3.845046657214566
43414,67.65661252900233,18.634361233480185,68.0924616937454,19.04586052196219,68.09035313844304,18.221862944301165,67.22287191956164,18.221862944301165,67.22076336425928,19.04586052196219,3.8417635673864376,0.004590718330349346,S230518h,43414,3.8417635673864376
46796,64.50363196125907,24.977973568281943,64.95966812418912,25.389281207531063,64.95662311558458,24.565285830496286,64.05064080693361,24.565285830496286,64.04759579832906,25.389281207531063,3.8362199033046323,0.004584093924690005,S230518h,46796,3.8362199033046323
15878,101.53846153846153,-31.3215859030837,102.01864435060536,-30.90868843184013,102.02286513161889,-31.732680543125166,101.05405794530422,-31.732680543125166,101.05827872631775,-30.90868843184013,3.836215405495626,0.004584088550029673,S230518h,15878,3.836215405495626
48820,54.13533834586467,28.942731277533056,54.60801673637998,29.3539088526891,54.60427241140285,28.52991536752204,53.66640428032648,28.52991536752204,53.662659955349355,29.3539088526891,3.8360332096286047,0.004583870834938211,S230518h,48820,3.8360332096286047
15886,108.92307692307692,-31.3215859030837,109.40325973522073,-30.908688431840126,109.40748051623426,-31.732680543125166,108.43867332991961,-31.732680543125166,108.44289411093314,-30.908688431840126,3.825733980160461,0.004571563762761969,S230518h,15886,3.825733980160461
46381,64.90384615384615,24.185022026431728,65.35694968579513,24.596354620359214,65.35403260085002,23.77235891711499,64.45365970684233,23.77235891711499,64.45074262189719,24.596354620359214,3.8141115730839377,0.004557675558484662,S230518h,46381,3.8141115730839377
42556,75.3103448275862,17.04845814977974,75.74223307158918,17.460002900567105,75.74033255015682,16.63600490388134,74.88035710501559,16.63600490388134,74.87845658358324,17.460002900567105,3.8123035622864165,0.004555515074591247,S230518h,42556,3.8123035622864165
1492,303.1578947368421,-73.34801762114537,304.5616384729421,-72.93118208543437,304.63076985408577,-73.75494392316726,301.68501961959845,-73.75494392316726,301.7541510007421,-72.93118208543437,3.806938944278561,0.004549104620175714,S230518h,1492,3.806938944278561
2413,308.87573964497045,-68.59030837004406,309.983954502947,-68.17459878462347,310.0253530518456,-68.99846020179434,307.7261262380954,-68.99846020179434,307.76752478699404,-68.17459878462347,3.8006623223183826,0.004541604365935741,S230518h,2413,3.8006623223183826
2003,126.11464968152868,-70.17621145374449,127.30561687487263,-69.76018311462354,127.35408390529726,-70.58401916889026,124.87521545776016,-70.58401916889026,124.92368248818478,-69.76018311462354,3.7993903674448646,0.0045400844424811045,S230518h,2003,3.7993903674448646
22465,102.73781902552204,-18.63436123348017,103.17155963496276,-18.22186294430115,103.17366819026512,-19.045860521962172,102.301969860779,-19.045860521962172,102.30407841608135,-18.22186294430115,3.7934740139255214,0.0045330146912916655,S230518h,22465,3.7934740139255214
48015,55.111111111111114,27.356828193832598,55.57672064789049,27.768058922397096,55.573268926010094,26.944064625256555,54.64895329621218,26.944064625256555,54.645501574331774,27.768058922397096,3.7918289839783332,0.004531048961490738,S230518h,48015,3.7918289839783332
47613,59.99999999999999,26.563876651982397,60.46228530287302,26.975133375384278,60.45897319982559,26.151138700674494,59.54102680017443,26.15113870067449,59.53771469712698,26.975133375384278,3.7915087833947463,0.0045306663375570475,S230518h,47613,3.7915087833947463
145,280.9756097560976,-85.24229074889868,285.5382806345967,-84.8139342246618,286.3965470113336,-85.63485327447668,275.5546725008618,-85.63485327447668,276.4129388775987,-84.8139342246618,3.788998042607878,0.004527666125922245,S230518h,145,3.788998042607878
44702,69.45882352941177,21.013215859030844,69.90139570074578,21.424645278266155,69.898957502406,20.600648421674055,69.01868955641756,20.600648421674055,69.01625135807778,21.424645278266155,3.7841169217890327,0.004521833426844679,S230518h,44702,3.7841169217890327
43421,73.50348027842227,18.634361233480185,73.93932944316535,19.045860521962187,73.93722088786298,18.221862944301165,73.06973966898158,18.221862944301165,73.06763111367921,19.045860521962187,3.7749060889036032,0.004510826935002264,S230518h,43421,3.7749060889036032
475,100.25316455696203,-80.48458149779735,102.64154135853443,-80.06411137054322,102.85537331037413,-80.88735279819687,97.65095580355008,-80.88735279819687,97.86478775538977,-80.06411137054322,3.774222411797063,0.0045100099745178455,S230518h,475,3.774222411797063
48019,58.666666666666664,27.356828193832598,59.132276203446025,27.7680589223971,59.12882448156563,26.944064625256555,58.20450885176771,26.944064625256555,58.20105712988731,27.7680589223971,3.7584324424638305,0.004491141738515743,S230518h,48019,3.7584324424638305
440,294.99999999999994,-81.27753303964757,297.593444409103,-80.85631496766386,297.8481126841752,-81.67940943737075,292.15188731582487,-81.67940943737075,292.4065555908971,-80.85631496766386,3.756967611499454,0.004489391337627955,S230518h,440,3.756967611499454
835,104.85436893203882,-77.31277533039648,106.67161814570923,-76.89440067984016,106.79145524253862,-77.71798023642799,102.91728262153913,-77.71798023642799,103.03711971836853,-76.89440067984016,3.7410427119519847,0.004470361866662547,S230518h,835,3.7410427119519847
191,283.40425531914894,-84.44933920704845,287.36400029956906,-84.02316364812863,287.99432152870907,-84.84490493230915,278.81418910958905,-84.84490493230915,279.44451033872906,-84.02316364812863,3.7386065655681593,0.0044674507916670474,S230518h,191,3.7386065655681593
24192,93.6986301369863,-15.462555066079286,94.12525337367464,-15.05014612433696,94.12695397046093,-15.874144494227743,93.2703063035117,-15.874144494227744,93.272006900298,-15.05014612433696,3.726889625179534,0.004453449624735719,S230518h,24192,3.726889625179534
1777,310.3448275862069,-71.76211453744493,311.63296682509485,-71.3457156953099,311.69042287012707,-72.16951947469762,308.9992323022868,-72.16951947469762,309.05668834731904,-71.3457156953099,3.6841794596776003,0.004402413079611895,S230518h,1777,3.6841794596776003
45119,62.97872340425532,21.80616740088106,63.42375485878615,22.217573033637223,63.42120149009443,21.393576443810286,62.53624531841625,21.393576443810286,62.53369194972452,22.217573033637223,3.6826658167608963,0.004400604350844122,S230518h,45119,3.6826658167608963
48418,53.73134328358209,28.149779735682827,54.20041569677601,28.560984087764993,54.1968199873018,27.736990186852093,53.26586657986241,27.736990186852093,53.2622708703882,28.560984087764993,3.6821336501574855,0.004399968437951976,S230518h,48418,3.6821336501574855
48422,57.3134328358209,28.149779735682827,57.78250524901481,28.56098408776499,57.7789095395406,27.736990186852097,56.8479561321012,27.736990186852097,56.844360422627,28.560984087764993,3.674954798251326,0.00439139006334396,S230518h,48422,3.674954798251326
48822,55.93984962406015,28.942731277533056,56.41252801457548,29.3539088526891,56.40878368959835,28.52991536752204,55.47091555852197,28.52991536752204,55.46717123354484,29.3539088526891,3.6700825699394937,0.004385567990374489,S230518h,48822,3.6700825699394937
130,149.26829268292684,-85.24229074889868,153.83096356142596,-84.8139342246618,154.6892299381629,-85.63485327447668,143.84735542769104,-85.63485327447668,144.70562180442798,-84.8139342246618,3.6647091541036976,0.004379147022987691,S230518h,130,3.6647091541036976
13615,111.21951219512195,-36.07929515418502,111.72662356457984,-35.666221432287486,111.73196563544988,-36.49021012135984,110.70705875479403,-36.49021012135984,110.71240082566408,-35.666221432287486,3.6640252705213983,0.0043783298157749045,S230518h,13615,3.6640252705213983
3846,109.34579439252336,-62.24669603524229,110.21856898014533,-61.83191903806384,110.24275037335312,-62.65584209553192,108.44883841169366,-62.65584209553192,108.47301980490143,-61.83191903806384,3.6542099052698394,0.0043666009375165115,S230518h,3846,3.6542099052698394
49217,52.727272727272734,29.735682819383257,53.203704919656346,30.146833197483716,53.199807075958184,29.322840148501058,52.25473837858731,29.322840148501058,52.25084053488915,30.146833197483723,3.645251762488516,0.004355896397908395,S230518h,49217,3.645251762488516
39468,75.06726457399104,11.4977973568282,75.48831732587095,11.909495603172166,75.48708737838024,11.085496484628674,74.64744176960185,11.085496484628674,74.64621182211114,11.909495603172166,3.6158790760605033,0.004320797483664587,S230518h,39468,3.6158790760605033
1776,307.8620689655172,-71.76211453744493,309.15020820440515,-71.3457156953099,309.2076642494374,-72.16951947469762,306.5164736815971,-72.16951947469762,306.5739297266294,-71.3457156953099,3.6022659853838626,0.004304530510487871,S230518h,1776,3.6022659853838626
2414,311.00591715976327,-68.59030837004406,312.1141320177398,-68.17459878462347,312.1555305666384,-68.99846020179434,309.8563037528882,-68.99846020179434,309.8977023017868,-68.17459878462347,3.5854546098650206,0.004284441744378498,S230518h,2414,3.5854546098650206
23329,101.79310344827586,-17.04845814977973,102.2230911708465,-16.63600490388133,102.22499169227883,-17.460002900567098,101.36121520427291,-17.460002900567098,101.36311572570524,-16.636004903881325,3.5826868314671825,0.004281134385452727,S230518h,23329,3.5826868314671825
608,321.88235294117646,-79.69162995594714,324.0960933199226,-79.27179828196577,324.2781443815272,-80.09515405775674,319.48656150082587,-80.09515405775674,319.66861256243044,-79.27179828196577,3.5766821572323035,0.004273959095356311,S230518h,608,3.5766821572323035
651,134.5054945054945,-78.89867841409692,136.56875454289275,-78.4793982941756,136.7255878785425,-79.30284478864927,132.28540113244662,-79.30284478864927,132.44223446809636,-78.4793982941756,3.5761840499218476,0.004273363881642484,S230518h,651,3.5761840499218476
9805,115.2,-44.801762114537446,115.77652365295863,-44.3883014891219,115.78481677097305,-45.2122804783793,114.615183229027,-45.2122804783793,114.62347634704142,-44.3883014891219,3.563175574166755,0.004257819393531407,S230518h,9805,3.563175574166755
2084,311.8471337579618,-70.17621145374449,313.03810095130575,-69.76018311462354,313.08656798173035,-70.58401916889026,310.6076995341933,-70.58401916889026,310.6561665646179,-69.76018311462354,3.543714504517281,0.004234564373382203,S230518h,2084,3.543714504517281
165,84.25531914893617,-84.44933920704845,88.21506412935626,-84.02316364812863,88.84538535849632,-84.84490493230915,79.66525293937627,-84.84490493230915,80.29557416851628,-84.02316364812863,3.5316249522600174,0.004220117953611793,S230518h,165,3.5316249522600174
33020,333.83259911894277,-0.3964757709251011,334.24458848231035,0.015534478966544536,334.2446294854288,-0.8084655200133425,333.4205687524568,-0.8084655200133426,333.42060975557524,0.015534478966544533,3.5212563665484367,0.0042077280041391,S230518h,33020,3.5212563665484367
36336,86.8141592920354,5.947136563876657,87.22869915548097,6.358982140090029,87.2280785749512,5.53498237126681,86.40024000911963,5.5349823712668105,86.39961942858986,6.3589821400900295,3.515514212273737,0.004200866412471059,S230518h,36336,3.515514212273737
173,145.53191489361703,-84.44933920704845,149.4916598740371,-84.02316364812863,150.12198110317718,-84.84490493230915,140.94184868405713,-84.84490493230915,141.57216991319714,-84.02316364812863,3.5024260293097393,0.004185226678169382,S230518h,173,3.5024260293097393
49214,50.0,29.735682819383257,50.47643219238361,30.146833197483723,50.47253434868546,29.322840148501058,49.52746565131458,29.322840148501058,49.52356780761641,30.146833197483723,3.495724387987172,0.004177218546715352,S230518h,49214,3.495724387987172
32111,333.0396475770925,-1.9823788546255436,333.45179171239084,-1.570327595733365,333.4519969244627,-2.394327570210987,332.6272982297223,-2.394327570210987,332.6275034417942,-1.570327595733365,3.4936240601180675,0.004174708758312365,S230518h,32111,3.4936240601180675
12529,112.62569832402235,-38.45814977973568,113.14884410156718,-38.04497996500044,113.15485394266045,-38.86896652628231,112.09654270538428,-38.86896652628231,112.10255254647758,-38.04497996500044,3.4844029309228093,0.004163689962886599,S230518h,12529,3.4844029309228093
22027,95.66433566433567,-19.427312775330385,96.10010331647018,-19.0147916595889,96.10231926292293,-19.83878900964271,95.22635206574843,-19.83878900964271,95.22856801220118,-19.0147916595889,3.4838839387383556,0.004163069792776521,S230518h,22027,3.4838839387383556
33929,334.62555066079295,1.1894273127753414,335.0377009836259,1.6013965530507868,335.03757793499295,0.7773965622341494,334.213523386593,0.7773965622341493,334.2134003379601,1.6013965530507868,3.4813875912475556,0.004160086780421929,S230518h,33929,3.4813875912475556
48817,51.42857142857143,28.942731277533056,51.90124981908675,29.3539088526891,51.89750549410962,28.52991536752204,50.95963736303325,28.52991536752204,50.95589303805612,29.3539088526891,3.4784194173797647,0.004156539958775171,S230518h,48817,3.4784194173797647
1927,309.9337748344371,-70.96916299559471,311.17130546183796,-70.55295666587745,311.2239865363432,-71.37677759201445,308.643563132531,-71.37677759201445,308.6962442070363,-70.55295666587745,3.4780759802456283,0.004156129568307526,S230518h,1927,3.4780759802456283
34383,334.62555066079295,1.9823788546255565,335.03790000816315,2.394327570211,335.0376947960913,1.5703275957333775,334.21340652549463,1.5703275957333775,334.21320131342276,2.394327570211,3.4717919391672654,0.00414862044858657,S230518h,34383,3.4717919391672654
49219,54.54545454545455,29.735682819383257,55.02188673783816,30.146833197483716,55.01798889414,29.322840148501058,54.07292019676912,29.322840148501058,54.06902235307096,30.146833197483716,3.4429102941474268,0.004114108304651223,S230518h,49219,3.4429102941474268
34384,335.4185022026432,1.9823788546255565,335.8308515500134,2.3943275702109994,335.8306463379415,1.5703275957333775,335.0063580673449,1.5703275957333775,335.006152855273,2.3943275702109994,3.4280881762418827,0.0040963966034572126,S230518h,34384,3.4280881762418827
45965,66.3157894736842,23.3920704845815,66.76608354165771,23.803427718976764,66.76329090969436,22.979431705267228,65.86828803767408,22.979431705267228,65.86549540571073,23.803427718976764,3.4226624266266628,0.004089913099780431,S230518h,45965,3.4226624266266628
30748,331.3907284768212,-4.361233480176201,331.8036983970746,-3.949120571219744,331.8041515987322,-4.773120447311668,330.9773053549102,-4.773120447311668,330.97775855656784,-3.949120571219744,3.4181341671336334,0.0040845020526156075,S230518h,30748,3.4181341671336334
1775,305.3793103448276,-71.76211453744493,306.6674495837155,-71.3457156953099,306.7249056287477,-72.16951947469762,304.03371506090747,-72.16951947469762,304.0911711059397,-71.3457156953099,3.4135208973533415,0.004078989422342621,S230518h,1775,3.4135208973533415
47608,55.58823529411765,26.563876651982397,56.05052059699069,26.975133375384278,56.04720849394325,26.151138700674494,55.12926209429208,26.15113870067449,55.125949991244646,26.975133375384278,3.4076445419029273,0.004071967466876419,S230518h,47608,3.4076445419029273
2327,125.68047337278107,-68.59030837004406,126.78868823075759,-68.17459878462347,126.8300867796562,-68.99846020179434,124.53085996590599,-68.99846020179434,124.57225851480459,-68.17459878462347,3.4055294252797266,0.0040694400066403486,S230518h,2327,3.4055294252797266
45547,67.71428571428572,22.599118942731284,68.16189014173246,23.01050051854609,68.15921868694372,22.18650420950067,67.26935274162774,22.186504209500672,67.26668128683902,23.01050051854609,3.3947492210924004,0.004056558193353401,S230518h,45547,3.3947492210924004
43850,72.16783216783217,19.4273127753304,72.60581576641944,19.83878900964272,72.60359981996669,19.014791659588916,71.73206451569769,19.014791659588916,71.72984856924494,19.838789009642724,3.3839148405792385,0.004043611642024218,S230518h,43850,3.3839148405792385
222,140.0,-83.65638766519824,143.49798063531065,-83.23188432017895,143.98034515433326,-84.05415885427023,136.01965484566696,-84.05415885427023,136.50201936468955,-83.23188432017895,3.370820314066783,0.004027964327494431,S230518h,222,3.370820314066783
105,277.7142857142857,-86.0352422907489,283.09704134905616,-85.60392149454682,284.33328201106144,-86.42347525027024,271.0952894175103,-86.42347525027024,272.3315300795156,-85.60392149454684,3.3572098552677136,0.004011700499281843,S230518h,105,3.3572098552677136
999,300.55045871559633,-76.51982378854626,302.26591379341517,-76.10182559649996,302.3719501613996,-76.92545477824902,298.7289672697931,-76.92545477824902,298.83500363777756,-76.10182559649995,3.3555753743534953,0.004009747375055978,S230518h,999,3.3555753743534953
3231,109.0909090909091,-64.62555066079294,110.03790122298325,-64.2104742942904,110.06705396175897,-65.03437958642247,108.11476422005929,-65.03437958642247,108.14391695883499,-64.2104742942904,3.3511695695314074,0.0040044826551944015,S230518h,3231,3.3511695695314074
42,245.45454545454547,-87.62114537444934,253.8553548519915,-87.17891333780612,257.28754151225434,-87.99048668489942,233.62154939683717,-87.99048668489942,237.05373605709983,-87.17891333780612,3.3450126576423433,0.0039971254485960004,S230518h,42,3.3450126576423433
19506,105.57692307692307,-24.185022026431714,106.02710952392694,-23.77235891711498,106.03002660887205,-24.5963546203592,105.12381954497411,-24.596354620359204,105.12673662991924,-23.77235891711498,3.3391491659622083,0.00399011886470199,S230518h,19506,3.3391491659622083
32110,332.2466960352423,-1.9823788546255436,332.6588401705406,-1.570327595733365,332.6590453826125,-2.394327570210987,331.8343466878721,-2.394327570210987,331.83455189994396,-1.570327595733365,3.3268506868085397,0.003975422787575991,S230518h,32110,3.3268506868085397
35745,336.158940397351,4.361233480176214,336.57236351926196,4.7731204473116815,336.57191031760436,3.9491205712197575,335.7459704770976,3.949120571219757,335.74551727544,4.7731204473116815,3.326084132459223,0.003974506792866557,S230518h,35745,3.326084132459223
35746,336.953642384106,4.361233480176214,337.36706550601696,4.773120447311681,337.36661230435936,3.949120571219757,336.5406724638526,3.949120571219757,336.540219262195,4.7731204473116815,3.306955517927861,0.003951649040216503,S230518h,35746,3.306955517927861
45126,68.93617021276596,21.80616740088106,69.38120166729678,22.217573033637223,69.37864829860507,21.393576443810286,68.49369212692689,21.393576443810286,68.49113875823517,22.217573033637223,3.2953792533187394,0.003937815973916116,S230518h,45126,3.2953792533187394
38574,75.53571428571429,9.911894273127757,75.95448311810263,10.323635104294702,75.95343204283601,9.499635754784494,75.11799652859258,9.499635754784494,75.11694545332598,10.323635104294702,3.2835657719134357,0.0039236994452226375,S230518h,38574,3.2835657719134357
13977,103.27077747989276,-35.2863436123348,103.77294938584929,-34.873300645065186,103.77808635363061,-35.697289976030866,102.76346860615493,-35.69728997603087,102.76860557393626,-34.873300645065186,3.2722722065182843,0.0039102041905654675,S230518h,13977,3.2722722065182843
39476,81.52466367713005,11.4977973568282,81.94571642900996,11.909495603172168,81.94448648151926,11.085496484628674,81.10484087274085,11.085496484628674,81.10361092525014,11.909495603172166,3.26410407789099,0.0039004436789784724,S230518h,39476,3.26410407789099
1299,130.39370078740157,-74.1409691629956,131.86384043154945,-73.72388440822797,131.9401648240245,-74.54762039818306,128.84723675077876,-74.54762039818306,128.92356114325378,-73.72388440822797,3.2635409600448497,0.0038997707808750156,S230518h,1299,3.2635409600448497
15108,102.45430809399478,-32.90748898678414,102.94277137958466,-32.49453486789271,102.9473384809587,-33.31852594694663,101.96127770703087,-33.31852594694663,101.96584480840492,-32.49453486789271,3.261768075643338,0.003897652271295534,S230518h,15108,3.261768075643338
692,296.7032967032967,-78.89867841409692,298.7665567406949,-78.4793982941756,298.9233900763447,-79.30284478864927,294.48320333024884,-79.30284478864927,294.64003666589855,-78.4793982941756,3.2574581349644554,0.00389250210436563,S230518h,692,3.2574581349644554
46375,59.71153846153846,24.185022026431728,60.16464199348744,24.596354620359218,60.16172490854231,23.772358917114992,59.261352014534616,23.772358917114992,59.25843492958949,24.596354620359214,3.253128177309972,0.003887328018135332,S230518h,46375,3.253128177309972
48417,52.83582089552239,28.149779735682827,53.30489330871631,28.560984087764993,53.30129759924209,27.736990186852097,52.3703441918027,27.736990186852097,52.3667484823285,28.560984087764993,3.253020460046049,0.0038871993013079396,S230518h,48417,3.253020460046049
45127,69.7872340425532,21.80616740088106,70.23226549708401,22.21757303363722,70.22971212839231,21.393576443810286,69.34475595671411,21.393576443810286,69.34220258802239,22.21757303363722,3.249811170843513,0.003883364358706436,S230518h,45127,3.249811170843513
47614,60.882352941176464,26.563876651982397,61.34463824404949,26.975133375384278,61.34132614100206,26.151138700674487,60.42337974135089,26.151138700674487,60.420067638303465,26.975133375384278,3.235332870392794,0.0038660635024445715,S230518h,47614,3.235332870392794
4988,120.49586776859503,-58.281938325991185,121.27047841228044,-57.86756924693668,121.28871368790428,-58.69151347490754,119.70302184928586,-58.69151347490754,119.72125712490968,-57.86756924693668,3.207285960300762,0.003832548825653375,S230518h,4988,3.207285960300762
408,135.0,-81.27753303964757,137.59344440910303,-80.85631496766386,137.84811268417525,-81.67940943737075,132.15188731582492,-81.67940943737075,132.4065555908971,-80.85631496766386,3.1975945902309677,0.0038209681155328217,S230518h,408,3.1975945902309677
37228,78.22616407982261,7.533039647577099,78.64214626626598,7.944843576662147,78.6413558967376,7.120843949196929,77.81097226290765,7.120843949196928,77.81018189337927,7.944843576662145,3.1878035958059394,0.00380926835921234,S230518h,37228,3.1878035958059394
5726,109.26070038910505,-55.903083700440526,109.98788334201728,-55.48891864894874,110.0034963213264,-56.312872163536376,108.51790445688376,-56.312872163536376,108.53351743619287,-55.48891864894874,3.180204257792701,0.003800187524407187,S230518h,5726,3.180204257792701
1004,317.0642201834862,-76.51982378854626,318.77967526130504,-76.10182559649995,318.8857116292895,-76.92545477824902,315.242728737683,-76.92545477824902,315.34876510566744,-76.10182559649995,3.169026250444137,0.0037868303559266854,S230518h,1004,3.169026250444137
333,98.18181818181817,-82.0704845814978,101.01941435998383,-81.64837791299924,101.32777250533817,-82.47127912354311,95.03586385829834,-82.47127912354311,95.34422200365267,-81.64837791299924,3.1677980546063953,0.003785362722365514,S230518h,333,3.1677980546063953
48816,50.526315789473685,28.942731277533056,50.99899417998902,29.3539088526891,50.995249855011885,28.52991536752204,50.057381723935514,28.52991536752204,50.05363739895839,29.3539088526891,3.1596088384536616,0.003775577012223773,S230518h,48816,3.1596088384536616
36650,336.9026548672567,5.947136563876657,337.3171947307022,6.358982140090027,337.3165741501724,5.53498237126681,336.48873558434093,5.534982371266809,336.4881150038111,6.358982140090027,3.1428187941460517,0.003755513735861672,S230518h,36650,3.1428187941460517
30294,330.53097345132744,-5.154185022026429,330.9443779154464,-4.742051494942333,330.9449145470208,-5.56605132161439,330.1170323556341,-5.56605132161439,330.1175689872084,-4.742051494942333,3.140344710178744,0.0037525573273216044,S230518h,30294,3.140344710178744
7080,118.30388692579506,-51.93832599118943,118.96606599862486,-51.52445148152203,118.97834018485743,-52.3484167351701,117.62943366673271,-52.3484167351701,117.64170785296533,-51.524451481522036,3.1093560616865212,0.0037155274179659957,S230518h,7080,3.1093560616865212
34518,81.67400881057269,2.775330396475771,82.08663644158611,3.187258563601827,82.08634886922793,2.3632586136640596,81.26166875191745,2.3632586136640596,81.26138117955927,3.187258563601827,3.095954549413578,0.0036995132705655467,S230518h,34518,3.095954549413578
13249,111.45205479452054,-36.87224669603523,111.96430284250604,-36.4591416024184,111.9698583950925,-37.2831296171916,110.93425119394863,-37.2831296171916,110.93980674653507,-36.4591416024184,3.0909092340965016,0.0036934843671460028,S230518h,13249,3.0909092340965016
18274,106.76470588235294,-26.563876651982373,107.22367908217853,-26.151138700674466,107.22699118522597,-26.97513337538425,106.30242057947993,-26.975133375384253,106.30573268252738,-26.151138700674466,3.0835239744976697,0.0036846593455068365,S230518h,18274,3.0835239744976697
1995,107.77070063694268,-70.17621145374449,108.96166783028663,-69.76018311462354,109.01013486071128,-70.58401916889026,106.53126641317418,-70.58401916889026,106.57973344359881,-69.76018311462354,3.081628737651687,0.003682394630779708,S230518h,1995,3.081628737651687
17058,100.15037593984962,-28.942731277533042,100.61931000538783,-28.529915367522026,100.62305433036495,-29.353908852689084,99.67769754933433,-29.353908852689077,99.68144187431146,-28.529915367522023,3.0765059705791433,0.003676273176325384,S230518h,17058,3.0765059705791433
34980,88.21192052980132,3.568281938325999,88.62490597088016,3.9801895252945707,88.62453576200424,3.1561896081352105,87.79930529759842,3.15618960813521,87.7989350887225,3.98018952529457,3.065475791809222,0.0036630926557186575,S230518h,34980,3.065475791809222
24639,100.63636363636363,-14.669603524229071,101.06144578714546,-14.25721648393835,101.06304915001041,-15.081215024070618,100.20967812271687,-15.081215024070614,100.21128148558182,-14.25721648393835,3.0595923329774553,0.0036560622120614438,S230518h,24639,3.0595923329774553
12166,104.7457627118644,-39.2511013215859,105.27468723362072,-38.837898089585806,105.28093908218239,-39.66188386745226,104.21058634154645,-39.661883867452254,104.21683819010812,-38.837898089585806,3.0495722633943094,0.00364408872220454,S230518h,12166,3.0495722633943094
33621,90.39647577092511,1.1894273127753414,90.808626093758,1.6013965530507872,90.8085030451251,0.7773965622341497,89.98444849672515,0.7773965622341495,89.98432544809226,1.6013965530507872,3.0201948662115754,0.0036089841788407542,S230518h,33621,3.0201948662115754
46382,65.76923076923076,24.185022026431728,66.22233430117974,24.59635462035921,66.21941721623463,23.772358917114985,65.31904432222694,23.772358917114985,65.3161272372818,24.59635462035921,3.0193315342886766,0.0036079525396953177,S230518h,46382,3.0193315342886766
6249,108.80597014925372,-54.31718061674009,109.5052734830017,-53.903138379742344,109.5194190151289,-54.727097068783834,108.09252128337859,-54.727097068783834,108.1066668155058,-53.903138379742344,3.011342218701234,0.0035984057008878554,S230518h,6249,3.011342218701234
37554,338.4478935698448,7.533039647577099,338.86387575628817,7.944843576662147,338.86308538675974,7.120843949196929,338.0327017529298,7.120843949196929,338.0319113834014,7.944843576662147,3.008873784491062,0.003595456043529423,S230518h,37554,3.008873784491062
10787,105.75667655786351,-42.42290748898678,106.31115011743623,-42.00956265124331,106.31848543755574,-42.83354485987371,105.19486767817132,-42.83354485987371,105.20220299829083,-42.009562651243314,2.998466078194421,0.0035830193468835165,S230518h,10787,2.998466078194421
3854,122.803738317757,-62.24669603524229,123.67651290537897,-61.83191903806384,123.70069429858674,-62.65584209553192,121.90678233692728,-62.65584209553192,121.93096373013506,-61.83191903806384,2.992405325494266,0.0035757770457818783,S230518h,3854,2.992405325494266
564,135.52941176470588,-79.69162995594714,137.743152143452,-79.27179828196577,137.92520320505665,-80.09515405775674,133.13362032435523,-80.09515405775674,133.31567138595986,-79.27179828196577,2.991257061732575,0.003574404927116477,S230518h,564,2.991257061732575
3045,123.74999999999999,-65.41850220264317,124.72500945105462,-65.00331432903268,124.75614714988906,-65.82721251795017,122.74385285011095,-65.82721251795017,122.7749905489454,-65.00331432903268,2.98713846978897,0.0035694834125049985,S230518h,3045,2.98713846978897
1850,126.35761589403974,-70.96916299559471,127.59514652144058,-70.55295666587745,127.64782759594586,-71.37677759201445,125.06740419213367,-71.37677759201445,125.12008526663894,-70.55295666587745,2.973977248043937,0.0035537564004557336,S230518h,1850,2.973977248043937
45958,60.28708133971292,23.3920704845815,60.737375407686415,23.803427718976767,60.73458277572308,22.979431705267228,59.83957990370279,22.979431705267228,59.83678727173944,23.803427718976764,2.97371744377363,0.0035534459471430603,S230518h,45958,2.97371744377363
1778,312.82758620689657,-71.76211453744493,314.1157254457845,-71.3457156953099,314.17318149081666,-72.16951947469762,311.4819909229765,-72.16951947469762,311.53944696800863,-71.3457156953099,2.966576975969766,0.0035449134396476115,S230518h,1778,2.966576975969766
2244,306.9938650306749,-69.38325991189427,308.14185712183456,-68.96739668573589,308.18658639718615,-69.79124615397053,305.80114366416376,-69.79124615397053,305.8458729395153,-68.96739668573589,2.961185096765078,0.0035384704094439516,S230518h,2244,2.961185096765078
7645,108.4931506849315,-50.352422907488986,109.1332836568407,-49.938650771171105,109.14448987648805,-50.76261974775129,107.84181149337499,-50.76261974775129,107.85301771302233,-49.938650771171105,2.9565769582369335,0.0035329639107646656,S230518h,7645,2.9565769582369335
49212,48.18181818181818,29.735682819383257,48.6582503742018,30.146833197483716,48.65435253050364,29.32284014850105,47.70928383313276,29.322840148501058,47.705385989434596,30.146833197483723,2.9248128305946506,0.00349500734200211,S230518h,49212,2.9248128305946506
36326,78.8495575221239,5.947136563876657,79.26409738556947,6.358982140090029,79.2634768050397,5.5349823712668105,78.43563823920813,5.5349823712668105,78.43501765867836,6.358982140090029,2.9229894056514607,0.003492828438963469,S230518h,36326,2.9229894056514607
40355,73.13769751693003,13.083700440528641,73.56138558865696,13.495355601811857,73.55997181931298,12.671356752470958,72.71542321454713,12.671356752470958,72.71400944520315,13.495355601811857,2.9207149648902497,0.003490110594226114,S230518h,40355,2.9207149648902497
5473,110.0,-56.69603524229075,110.74219228862432,-56.28180501119688,110.75861783011722,-57.10575565291882,109.24138216988283,-57.10575565291883,109.25780771137572,-56.28180501119689,2.912268458318665,0.0034800174347004303,S230518h,5473,2.912268458318665
47200,57.073170731707314,25.77092511013217,57.532266234449665,26.182207464696873,57.52908962569062,25.35821243027274,56.617251837724034,25.35821243027274,56.614075228964985,26.182207464696873,2.9096803903387474,0.0034769248208768055,S230518h,47200,2.9096803903387474
44278,71.66276346604215,20.22026431718063,72.1029872348967,20.631717265930444,72.10066145778676,19.807720156086273,71.22486547429759,19.807720156086273,71.22253969718763,20.631717265930444,2.8915486524400023,0.003455258286725802,S230518h,44278,2.8915486524400023
39467,74.26008968609865,11.4977973568282,74.68114243797858,11.909495603172166,74.67991249048788,11.085496484628674,73.84026688170947,11.085496484628674,73.83903693421875,11.909495603172164,2.8827010877063812,0.003444685882440856,S230518h,39467,2.8827010877063812
5224,109.31174089068826,-57.48898678414097,110.06972335384566,-57.07468861283136,110.08702097827396,-57.89863616625649,108.5364608031026,-57.89863616625649,108.5537584275309,-57.07468861283136,2.878362924600234,0.0034395019910997797,S230518h,5224,2.878362924600234
9159,107.08860759493672,-46.38766519823788,107.68141782743506,-45.97412203082243,107.6904344250019,-46.79809855924331,106.48678076487158,-46.79809855924331,106.49579736243842,-45.97412203082243,2.8739092998113573,0.0034341801287321007,S230518h,9159,2.8739092998113573
27738,89.79955456570156,-9.11894273127753,90.2163470393785,-8.706705239018996,90.21731029159068,-9.5307046901511,89.38179883981245,-9.530704690151103,89.3827620920246,-8.706705239018996,2.870551776489871,0.00343016805365612,S230518h,27738,2.870551776489871
7946,117.57575757575758,-49.559471365638764,118.20558594045951,-49.14574791996212,118.21630368827009,-49.96971859197704,116.93521146324511,-49.96971859197704,116.9459292110557,-49.14574791996212,2.8688792514418187,0.003428169468563262,S230518h,7946,2.8688792514418187
35885,87.61061946902655,5.154185022026442,88.02456056471992,5.566051321614405,88.02402393314554,4.742051494942347,87.19721500490759,4.742051494942347,87.1966783733332,5.566051321614405,2.865907880190427,0.003424618826200511,S230518h,35885,2.865907880190427
2857,123.87096774193549,-66.21145374449338,124.87590100282267,-65.79614754145068,124.90922483500708,-66.62003790248761,122.83271064886394,-66.62003790248761,122.86603448104832,-65.79614754145068,2.865906739067327,0.0034246174626145847,S230518h,2857,2.865906739067327
16277,109.00763358778626,-30.528634361233472,109.48391585388619,-30.115764510139417,109.48797241233547,-30.939757101513468,108.52729476323708,-30.939757101513468,108.53135132168634,-30.11576451013942,2.862208969661464,0.0034201988102183236,S230518h,16277,2.862208969661464
28196,96.80000000000001,-8.325991189427315,97.21595076923502,-7.913774634311463,97.21682714958936,-8.737774178046251,96.38317285041067,-8.737774178046251,96.38404923076502,-7.913774634311463,2.8619112977949173,0.003419843106992392,S230518h,28196,2.8619112977949173
14727,102.31578947368422,-33.70044052863436,102.80864425442974,-33.28745733567704,102.8133941872912,-34.111447860069845,101.81818476007727,-34.111447860069845,101.82293469293872,-33.28745733567704,2.861473427844226,0.0034193198739579564,S230518h,14727,2.861473427844226
33474,333.83259911894277,0.3964757709251138,334.2446294854288,0.8084655200133551,334.24458848231035,-0.015534478966531814,333.42060975557524,-0.01553447896653181,333.4205687524568,0.8084655200133553,2.8339389903116734,0.0033864175766459594,S230518h,33474,2.8339389903116734
5734,120.46692607003891,-55.903083700440526,121.19410902295114,-55.48891864894874,121.20972200226026,-56.312872163536376,119.72413013781761,-56.312872163536376,119.73974311712674,-55.48891864894875,2.8237292877246354,0.0033742174846851684,S230518h,5734,2.8237292877246354
891,300.58252427184465,-77.31277533039648,302.399773485515,-76.89440067984016,302.51961058234446,-77.71798023642799,298.64543796134495,-77.71798023642799,298.7652750581743,-76.89440067984016,2.819818261559357,0.0033695440009601837,S230518h,891,2.819818261559357
48013,53.333333333333336,27.356828193832598,53.798942870112704,27.7680589223971,53.79549114823231,26.944064625256555,52.871175518434384,26.944064625256555,52.86772379655398,27.7680589223971,2.808158524874118,0.0033556111896382245,S230518h,48013,2.808158524874118
26844,91.00671140939598,-10.704845814977972,91.42543894256902,-10.292566172931743,91.42657888457543,-11.116565411638508,90.58684393421656,-11.116565411638506,90.58798387622296,-10.292566172931743,2.793339990559125,0.0033379037706585007,S230518h,26844,2.793339990559125
44695,63.529411764705884,21.013215859030844,63.9719839360399,21.424645278266155,63.969545737700116,20.600648421674055,63.08927779171167,20.600648421674055,63.086839593371906,21.424645278266155,2.7873911167290215,0.0033307951592986998,S230518h,44695,2.7873911167290215
32565,333.0396475770925,-1.1894273127753288,333.45167485129247,-0.7773965622341366,333.4517978999254,-1.6013965530507746,332.6274972542596,-1.6013965530507746,332.6276203028925,-0.7773965622341366,2.7843367012092637,0.003327145283123578,S230518h,32565,2.7843367012092637
62,161.37931034482762,-86.82819383259911,167.94149940413232,-86.39261080599432,169.87325058061978,-87.20964603970096,152.88537010903593,-87.20964603970097,154.8171212855233,-86.39261080599432,2.7839512271795974,0.00332668466063528,S230518h,62,2.7839512271795974
9476,106.875,-45.59471365638766,107.45949754980957,-45.181212334793095,107.46814308440531,-46.00519012804661,106.28185691559474,-46.005190128046614,106.29050245019049,-45.1812123347931,2.7815495802539534,0.0033238148107938743,S230518h,9476,2.7815495802539534
31202,332.18543046357615,-3.5682819383259865,332.59804569577904,-3.1561896081351977,332.59841590465504,-3.9801895252945587,331.7724450224974,-3.9801895252945587,331.7728152313733,-3.1561896081351977,2.7723502780400424,0.003312822097536261,S230518h,31202,2.7723502780400424
6257,119.55223880597015,-54.31718061674009,120.25154213971813,-53.90313837974235,120.26568767184533,-54.72709706878384,118.838789940095,-54.72709706878384,118.85293547222221,-53.90313837974235,2.7649722234954037,0.003304005685582146,S230518h,6257,2.7649722234954037
44703,70.30588235294117,21.013215859030844,70.74845452427519,21.424645278266155,70.7460163259354,20.600648421674055,69.86574837994696,20.600648421674055,69.86331018160718,21.424645278266155,2.7633583251650937,0.0033020771565307563,S230518h,44703,2.7633583251650937
1703,126.62068965517243,-71.76211453744493,127.90882889406033,-71.3457156953099,127.96628493909255,-72.16951947469762,125.27509437125234,-72.16951947469762,125.33255041628456,-71.3457156953099,2.7581944629764834,0.003295906595435874,S230518h,1703,2.7581944629764834
31657,333.0396475770925,-2.775330396475771,333.45198763574774,-2.363258613664059,333.4522752081059,-3.187258563601827,332.6270199460791,-3.187258563601827,332.62730751843725,-2.363258613664059,2.7574613439152063,0.0032950305542496063,S230518h,31657,2.7574613439152063
34838,335.4185022026432,2.775330396475771,335.8311298336566,3.187258563601827,335.8308422612984,2.3632586136640596,335.0061621439879,2.363258613664059,335.0058745716298,3.1872585636018265,2.7541525015906743,0.0032910766505683865,S230518h,34838,2.7541525015906743
31808,92.77533039647577,-1.9823788546255436,93.1874745317741,-1.570327595733365,93.18767974384596,-2.3943275702109865,92.3629810491056,-2.3943275702109865,92.36318626117746,-1.570327595733365,2.7416491645007874,0.0032761357782939045,S230518h,31808,2.7416491645007874
10461,114.5945945945946,-43.215859030837,115.1561212610175,-42.80247659158062,115.1637604104331,-43.62645778446824,114.02542877875611,-43.62645778446824,114.03306792817172,-42.80247659158062,2.7409369486715907,0.003275284715440892,S230518h,10461,2.7409369486715907
26398,91.21076233183857,-11.497797356828187,91.63058513622778,-11.085496484628662,91.63181508371848,-11.909495603172155,90.78970957995867,-11.909495603172157,90.79093952744937,-11.085496484628663,2.73482703508806,0.0032679836695038446,S230518h,26398,2.73482703508806
30295,331.3274336283186,-5.154185022026429,331.74083809243757,-4.742051494942333,331.741374724012,-5.56605132161439,330.9134925326253,-5.56605132161439,330.91402916419963,-4.742051494942333,2.730435564162609,0.0032627360779430813,S230518h,30295,2.730435564162609
1113,300.5217391304348,-75.72687224669603,302.14649087460657,-75.3092106384869,302.24096158742026,-76.13288140227372,298.8025166734494,-76.13288140227372,298.8969873862631,-75.3092106384869,2.7284260707025414,0.0032603348321870534,S230518h,1113,2.7284260707025414
35292,336.158940397351,3.568281938325999,336.5719258384298,3.9801895252945707,336.5715556295539,3.156189608135211,335.7463251651481,3.156189608135211,335.7459549562722,3.9801895252945707,2.7239312993162166,0.003254963801661099,S230518h,35292,2.7239312993162166
2588,310.6285714285714,-67.79735682819383,311.6998712129167,-67.38179061975697,311.7382889459727,-68.20566272627582,309.5188539111701,-68.20566272627582,309.5572716442261,-67.38179061975697,2.7184085215920564,0.0032483643541708945,S230518h,2588,2.7184085215920564
23320,94.34482758620689,-17.04845814977973,94.77481530877752,-16.636004903881325,94.77671583020987,-17.460002900567098,93.91293934220394,-17.460002900567098,93.91483986363627,-16.636004903881325,2.7160910732768833,0.003245595117523846,S230518h,23320,2.7160910732768833
33928,333.83259911894277,1.1894273127753414,334.2447494417757,1.6013965530507872,334.24462639314277,0.7773965622341495,333.4205718447428,0.7773965622341495,333.4204487961099,1.6013965530507872,2.7148411977624263,0.003244101577816306,S230518h,33928,2.7148411977624263
896,318.05825242718447,-77.31277533039648,319.8755016408549,-76.89440067984016,319.9953387376843,-77.71798023642799,316.1211661166848,-77.717980236428,316.2410032135142,-76.89440067984016,2.7105519745000928,0.003238976167179245,S230518h,896,2.7105519745000928
29096,95.78713968957871,-6.740088105726872,96.20165456413199,-6.327913192083609,96.20235969579012,-7.1519128945390875,95.37191968336732,-7.1519128945390875,95.37262481502546,-6.327913192083609,2.7104323675469133,0.003238833242758529,S230518h,29096,2.7104323675469133
13607,103.41463414634147,-36.07929515418502,103.92174551579937,-35.666221432287486,103.92708758666942,-36.49021012135984,102.90218070601357,-36.490210121359844,102.90752277688361,-35.666221432287486,2.709906312191072,0.0032382046325063673,S230518h,13607,2.709906312191072
19093,106.34382566585957,-24.97797356828193,106.79681682018506,-24.565285830496272,106.79986182878962,-25.38928120753105,105.88778950292954,-25.38928120753105,105.8908345115341,-24.56528583049627,2.700012432748285,0.0032263819336547646,S230518h,19093,2.700012432748285
31201,331.3907284768212,-3.5682819383259865,331.8033437090241,-3.1561896081351977,331.8037139179,-3.980189525294558,330.9777430357423,-3.980189525294558,330.9781132446183,-3.1561896081351977,2.683013279243603,0.003206068782096754,S230518h,31201,2.683013279243603
3239,123.63636363636364,-64.62555066079294,124.58335576843778,-64.2104742942904,124.61250850721352,-65.03437958642247,122.66021876551382,-65.03437958642247,122.68937150428955,-64.2104742942904,2.68205687357421,0.003204925924406342,S230518h,3239,2.68205687357421
6793,108.77697841726619,-52.731277533039645,109.45095808541463,-52.31734912509883,109.46381704691694,-53.14131233231502,108.09013978761547,-53.14131233231501,108.10299874911779,-52.31734912509883,2.661737953876863,0.0031806458156824814,S230518h,6793,2.661737953876863
48815,49.62406015037594,28.942731277533056,50.09673854089127,29.3539088526891,50.09299421591413,28.52991536752204,49.15512608483776,28.52991536752204,49.151381759860634,29.3539088526891,2.657836523527481,0.0031759837984850843,S230518h,48815,2.657836523527481
48424,59.104477611940304,28.149779735682827,59.57355002513422,28.560984087764993,59.569954315660006,27.736990186852097,58.639000908220616,27.736990186852097,58.635405198746405,28.560984087764993,2.6441111954525605,0.003159582707142948,S230518h,48424,2.6441111954525605
446,325.0,-81.27753303964757,327.59344440910303,-80.85631496766386,327.84811268417525,-81.67940943737075,322.15188731582487,-81.67940943737075,322.4065555908971,-80.85631496766386,2.644048429699893,0.003159507705158512,S230518h,446,2.644048429699893
10131,114.8936170212766,-44.008810572687224,115.46248889046645,-43.59538955550737,115.47044694255939,-44.41936967656474,114.31678709999383,-44.41936967656474,114.32474515208676,-43.59538955550737,2.6413947719012527,0.0031563367147305456,S230518h,10131,2.6413947719012527
35291,335.36423841059604,3.568281938325999,335.7772238516749,3.9801895252945707,335.7768536427989,3.156189608135211,334.95162317839316,3.156189608135211,334.95125296951716,3.9801895252945707,2.639028866437134,0.003153509574176086,S230518h,35291,2.639028866437134
33475,334.62555066079295,0.3964757709251138,335.037581027279,0.8084655200133551,335.03754002416053,-0.015534478966531807,334.21356129742543,-0.015534478966531807,334.21352029430693,0.8084655200133551,2.633529054679033,0.0031469375698846918,S230518h,33475,2.633529054679033
36198,336.9026548672567,5.154185022026442,337.31659596295003,5.566051321614404,337.31605933137564,4.742051494942347,336.4892504031377,4.742051494942347,336.48871377156337,5.566051321614404,2.6327405507955977,0.003145995346562578,S230518h,36198,2.6327405507955977
33019,333.0396475770925,-0.3964757709251011,333.45163694046005,0.015534478966544533,333.45167794357855,-0.8084655200133425,332.6276172106065,-0.8084655200133425,332.62765821372494,0.015534478966544533,2.6276410072494483,0.0031399016430789855,S230518h,33019,2.6276410072494483
29842,330.53097345132744,-5.947136563876644,330.9448927342432,-5.534982371266795,330.945513314773,-6.358982140090014,330.1164335878819,-6.358982140090014,330.1170541684117,-5.534982371266796,2.6154412021062745,0.0031253234765377374,S230518h,29842,2.6154412021062745
29390,330.46563192904654,-6.740088105726872,330.8801468035998,-6.327913192083608,330.88085193525797,-7.151912894539087,330.05041192283517,-7.151912894539087,330.05111705449326,-6.327913192083608,2.6029243728687907,0.0031103664818111047,S230518h,29390,2.6029243728687907
400,95.0,-81.27753303964757,97.59344440910303,-80.85631496766386,97.84811268417526,-81.67940943737075,92.15188731582492,-81.67940943737075,92.40655559089713,-80.85631496766386,2.59172963042433,0.003096989315714887,S230518h,400,2.59172963042433
30749,332.18543046357615,-4.361233480176201,332.5984003838295,-3.949120571219744,332.5988535854871,-4.773120447311668,331.7720073416652,-4.773120447311668,331.7724605433228,-3.949120571219744,2.584066389220802,0.003087832119743335,S230518h,30749,2.584066389220802
1928,312.31788079470203,-70.96916299559471,313.55541142210285,-70.55295666587745,313.6080924966081,-71.37677759201445,311.0276690927959,-71.37677759201445,311.0803501673012,-70.55295666587745,2.5811820703736137,0.0030843855007179574,S230518h,1928,2.5811820703736137
29843,331.3274336283186,-5.947136563876644,331.7413529112344,-5.534982371266797,331.7419734917642,-6.358982140090014,330.91289376487305,-6.358982140090015,330.91351434540286,-5.534982371266797,2.5797632071179573,0.003082690028979067,S230518h,29843,2.5797632071179573
46788,57.530266343825666,24.977973568281943,57.986302506755706,25.389281207531063,57.98325749815114,24.565285830496283,57.07727518950019,24.565285830496283,57.074230180895626,25.389281207531063,2.561739293476133,0.0030611523395068212,S230518h,46788,2.561739293476133
22036,103.21678321678321,-19.427312775330385,103.65255086891773,-19.0147916595889,103.65476681537048,-19.83878900964271,102.77879961819598,-19.83878900964271,102.78101556464873,-19.0147916595889,2.558655309450705,0.0030574671304231015,S230518h,22036,2.558655309450705
17466,107.46268656716418,-28.149779735682813,107.9281632708839,-27.736990186852083,107.9317589803581,-28.560984087764975,106.9936141539703,-28.560984087764975,106.9972098634445,-27.736990186852083,2.5584978601705846,0.003057278986284694,S230518h,17466,2.5584978601705846
32566,333.83259911894277,-1.1894273127753288,334.24462639314277,-0.7773965622341364,334.2447494417757,-1.6013965530507746,333.4204487961099,-1.6013965530507743,333.4205718447428,-0.7773965622341366,2.551835189753387,0.0030493174231440157,S230518h,32566,2.551835189753387
33158,83.25991189427313,0.3964757709251138,83.67194226075914,0.8084655200133553,83.67190125764068,-0.015534478966531807,82.84792253090558,-0.01553447896653181,82.84788152778714,0.8084655200133553,2.551450385019739,0.00304885760043151,S230518h,33158,2.551450385019739
7938,107.87878787878788,-49.559471365638764,108.5086162434898,-49.14574791996211,108.51933399130037,-49.96971859197704,107.23824176627542,-49.96971859197704,107.24895951408598,-49.14574791996211,2.551395402310749,0.0030487918988011033,S230518h,7938,2.551395402310749
33168,91.18942731277534,0.3964757709251138,91.60145767926136,0.8084655200133551,91.6014166761429,-0.015534478966531814,90.7774379494078,-0.015534478966531814,90.77739694628936,0.8084655200133551,2.5451320531645987,0.003041307504920464,S230518h,33168,2.5451320531645987
34839,336.21145374449344,2.775330396475771,336.6240813755068,3.1872585636018274,336.62379380314866,2.3632586136640596,335.79911368583817,2.3632586136640596,335.79882611347995,3.1872585636018274,2.539772864945758,0.0030349035388354917,S230518h,34839,2.539772864945758
28938,329.66740576496676,-7.533039647577087,330.0825975818817,-7.1208439491969155,330.08338795141015,-7.944843576662135,329.2514235785234,-7.944843576662135,329.2522139480518,-7.1208439491969155,2.52795093769788,0.0030207769177759323,S230518h,28938,2.52795093769788
12174,112.88135593220339,-39.2511013215859,113.41028045395971,-38.837898089585806,113.41653230252138,-39.661883867452254,112.34617956188545,-39.661883867452254,112.35243141044711,-38.837898089585806,2.522228182182575,0.003013938506670355,S230518h,12174,2.522228182182575
34837,334.62555066079295,2.775330396475771,335.0381782918064,3.187258563601827,335.0378907194482,2.363258613664059,334.21321060213774,2.363258613664059,334.2129230297796,3.187258563601827,2.5212014985659055,0.0030127116702927796,S230518h,34837,2.5212014985659055
30892,85.82781456953643,-3.5682819383259865,86.24042980173935,-3.1561896081351977,86.24080001061527,-3.9801895252945587,85.41482912845761,-3.9801895252945587,85.41519933733353,-3.1561896081351977,2.520655160609722,0.003012058823331736,S230518h,30892,2.520655160609722
39911,72.97297297297297,12.290748898678414,73.39529882733211,12.702425669697472,73.39397763772487,11.878426680871906,72.5519683082211,11.878426680871906,72.55064711861384,12.702425669697472,2.519336240575779,0.003010482778822519,S230518h,39911,2.519336240575779
47615,61.76470588235294,26.563876651982397,62.22699118522597,26.975133375384278,62.22367908217854,26.151138700674494,61.30573268252736,26.151138700674494,61.30242057947993,26.975133375384278,2.515560973536301,0.0030059715205693507,S230518h,47615,2.515560973536301
37102,337.64966740576494,6.740088105726872,338.0648874119763,7.1519128945390875,338.0641822803182,6.327913192083609,337.23515253121167,6.327913192083608,337.2344473995535,7.1519128945390875,2.5151665113451487,0.0030055001576705697,S230518h,37102,2.5151665113451487
31655,331.4537444933921,-2.775330396475771,331.86608455204737,-2.363258613664059,331.86637212440553,-3.187258563601827,331.04111686237866,-3.187258563601827,331.0414044347369,-2.363258613664059,2.5105624984674364,0.002999998588940442,S230518h,31655,2.5105624984674364
46789,58.401937046004846,24.977973568281943,58.85797320893489,25.389281207531063,58.85492820033033,24.565285830496286,57.94894589167938,24.565285830496286,57.94590088307482,25.389281207531063,2.505318659954207,0.00299373246007493,S230518h,46789,2.505318659954207
30450,94.56953642384107,-4.361233480176201,94.98250634409446,-3.949120571219744,94.98295954575207,-4.773120447311669,94.15611330193012,-4.773120447311669,94.15656650358773,-3.949120571219745,2.4948108229390287,0.002981176112149875,S230518h,30450,2.4948108229390287
22896,102.26327944572748,-17.841409691629956,102.69509410323494,-17.428934021946976,102.6970975627644,-18.252931815023988,101.82946132869057,-18.252931815023988,101.83146478822003,-17.428934021946976,2.492873769223044,0.002978861428321767,S230518h,22896,2.492873769223044
794,319.1752577319588,-78.1057268722467,321.1075322747927,-77.68692818611869,321.24402070422764,-78.51044785863185,317.1064947596902,-78.51044785863185,317.2429831891251,-77.68692818611869,2.486644074950377,0.002971417250358088,S230518h,794,2.486644074950377
33930,335.4185022026432,1.1894273127753414,335.830652525476,1.601396553050787,335.83052947684314,0.7773965622341495,335.00647492844325,0.7773965622341494,335.0063518798103,1.6013965530507868,2.4773028495425904,0.0029602549458707704,S230518h,33930,2.4773028495425904
4751,122.03389830508475,-59.0748898678414,122.82603810789674,-58.66044668574083,122.84528343516209,-59.484387326551065,121.22251317500745,-59.484387326551065,121.24175850227279,-58.66044668574083,2.4724970685862835,0.002954512274219904,S230518h,4751,2.4724970685862835
85,72.0,-86.0352422907489,77.38275563477045,-85.60392149454682,78.61899629677576,-86.42347525027023,65.38100370322461,-86.42347525027024,66.61724436522985,-85.60392149454684,2.470333652164939,0.002951927098102884,S230518h,85,2.470333652164939
1176,130.9090909090909,-74.93392070484582,132.4525277927005,-74.51656193148142,132.53720998120014,-75.34026788245248,129.28097183698176,-75.34026788245248,129.36565402548143,-74.51656193148142,2.4577520085248548,0.0029368926533560012,S230518h,1176,2.4577520085248548
2154,108.22085889570553,-69.38325991189427,109.36885098686521,-68.96739668573589,109.41358026221677,-69.79124615397052,107.02813752919437,-69.79124615397052,107.07286680454592,-68.96739668573589,2.452496383898476,0.002930612440665514,S230518h,2154,2.452496383898476
16670,108.18181818181819,-29.735682819383257,108.65435253050364,-29.322840148501058,108.6582503742018,-30.146833197483716,107.7053859894346,-30.146833197483716,107.70928383313277,-29.322840148501058,2.4415221651213503,0.002917498789495229,S230518h,16670,2.4415221651213503
93,154.28571428571428,-86.0352422907489,159.66846992048474,-85.60392149454682,160.90471058249003,-86.42347525027023,147.6667179889389,-86.42347525027024,148.90295865094416,-85.60392149454684,2.439792834611504,0.0029154323246721,S230518h,93,2.439792834611504
20761,104.68085106382978,-21.80616740088106,105.12332914966889,-21.393576443810286,105.12588251836061,-22.21757303363722,104.23581960929899,-22.21757303363722,104.23837297799071,-21.393576443810286,2.4365704029556463,0.002911581677485889,S230518h,20761,2.4365704029556463
42990,74.82678983833718,17.841409691629956,75.26060795537411,18.252931815023985,75.25860449584465,17.42893402194698,74.39497518082975,17.428934021946976,74.39297172130028,18.252931815023985,2.426636878848929,0.0028997116052126236,S230518h,42990,2.426636878848929
28037,329.53229398663694,-9.11894273127753,329.94908646031394,-8.706705239018996,329.9500497125261,-9.530704690151103,329.11453826074785,-9.530704690151104,329.11550151296,-8.706705239018996,2.412297996471933,0.00288257734668521,S230518h,28037,2.412297996471933
2498,125.48571428571427,-67.79735682819383,126.5570140700596,-67.38179061975697,126.59543180311562,-68.20566272627582,124.37599676831297,-68.20566272627582,124.41441450136897,-67.38179061975697,2.4064692623564743,0.0028756122963698484,S230518h,2498,2.4064692623564743
36197,336.1061946902655,5.154185022026442,336.52013578595887,5.566051321614405,336.51959915438454,4.742051494942347,335.69279022614654,4.742051494942347,335.69225359457215,5.566051321614405,2.3908885675523934,0.0028569941331273527,S230518h,36197,2.3908885675523934
48814,48.7218045112782,28.942731277533056,49.194482901793535,29.3539088526891,49.190738576816415,28.52991536752204,48.25287044574004,28.52991536752204,48.2491261207629,29.3539088526891,2.3889973047613937,0.0028547341672002834,S230518h,48814,2.3889973047613937
45118,62.12765957446808,21.80616740088106,62.572691028998904,22.21757303363722,62.57013766030719,21.393576443810282,61.685181488629006,21.393576443810282,61.682628119937284,22.21757303363722,2.3650587226205695,0.0028261287400549538,S230518h,45118,2.3650587226205695
9484,115.875,-45.59471365638766,116.45949754980954,-45.181212334793095,116.4681430844053,-46.005190128046614,115.28185691559472,-46.005190128046614,115.29050245019047,-45.181212334793095,2.3641049134355385,0.0028249889850355276,S230518h,9484,2.3641049134355385
38005,339.20000000000005,8.325991189427315,339.6168271495894,8.737774178046251,339.6159507692351,7.913774634311463,338.78404923076505,7.913774634311463,338.7831728504107,8.737774178046251,2.353398029574492,0.0028121947859288746,S230518h,38005,2.353398029574492
36199,337.69911504424783,5.154185022026442,338.11305613994114,5.566051321614404,338.1125195083668,4.742051494942347,337.28571058012886,4.742051494942347,337.2851739485544,5.566051321614404,2.3432122883931354,0.0028000233266682363,S230518h,36199,2.3432122883931354
32704,83.25991189427313,-0.3964757709251011,83.67190125764068,0.01553447896654453,83.67194226075914,-0.8084655200133426,82.84788152778714,-0.8084655200133426,82.84792253090558,0.015534478966544533,2.3407897423973063,0.0027971285034668354,S230518h,32704,2.3407897423973063
17869,107.55555555555554,-27.356828193832598,108.01771337045452,-26.94406462525655,108.02116509233491,-27.7680589223971,107.0899460187762,-27.7680589223971,107.0933977406566,-26.944064625256555,2.331496708855707,0.0027860237858870927,S230518h,17869,2.331496708855707
38454,339.1536748329621,9.118942731277542,339.57143055885126,9.530704690151115,339.5704673066391,8.706705239019007,338.7368823592852,8.706705239019007,338.735919107073,9.530704690151115,2.3256588947681065,0.002779047885452035,S230518h,38454,2.3256588947681065
22887,94.78060046189377,-17.841409691629956,95.21241511940123,-17.428934021946976,95.21441857893069,-18.252931815023988,94.34678234485686,-18.252931815023988,94.34878580438632,-17.42893402194698,2.325418847939848,0.0027787610413099375,S230518h,22887,2.325418847939848
1233,300.495867768595,-74.93392070484582,302.0393046522046,-74.51656193148142,302.1239868407042,-75.34026788245248,298.8677486964859,-75.34026788245248,298.9524308849855,-74.51656193148142,2.320641118765753,0.0027730518901578054,S230518h,1233,2.320641118765753
4510,109.09090909090908,-59.86784140969163,109.90154856234359,-59.45332067790705,109.92188408407813,-60.27725744202729,108.25993409774007,-60.27725744202729,108.28026961947462,-59.45332067790705,2.309277298627343,0.0027594726845411306,S230518h,4510,2.309277298627343
270,90.0,-82.86343612334801,93.13310589202652,-82.44025599411538,93.514027504627,-83.26289593133454,86.4859724953732,-83.26289593133454,86.86689410797366,-82.44025599411538,2.307078028673726,0.002756844665218139,S230518h,270,2.307078028673726
369,294.5454545454545,-82.0704845814978,297.38305072362016,-81.64837791299924,297.69140886897446,-82.47127912354311,291.39950022193466,-82.47127912354311,291.707858367289,-81.64837791299924,2.3029588261759524,0.0027519224210244874,S230518h,369,2.3029588261759524
16662,100.9090909090909,-29.735682819383257,101.38162525777635,-29.32284014850106,101.38552310147453,-30.146833197483723,100.43265871670732,-30.146833197483723,100.43655656040549,-29.322840148501058,2.294411022071202,0.0027417082159336185,S230518h,16662,2.294411022071202
21609,103.70023419203747,-20.220264317180614,104.13813218378208,-19.807720156086255,104.14045796089204,-20.631717265930426,103.26001042318295,-20.631717265930426,103.2623362002929,-19.807720156086255,2.2859833238049507,0.002731637531406863,S230518h,21609,2.2859833238049507
37555,339.2461197339246,7.533039647577099,339.662101920368,7.944843576662147,339.66131155083957,7.120843949196929,338.83092791700966,7.120843949196929,338.83013754748123,7.944843576662147,2.279501708746571,0.002723892320506491,S230518h,37555,2.279501708746571
1497,316.69172932330827,-73.34801762114537,318.0954730594083,-72.93118208543437,318.16460444055195,-73.75494392316726,315.21885420606463,-73.75494392316726,315.28798558720825,-72.93118208543437,2.267788858904442,0.0027098960415768455,S230518h,1497,2.267788858904442
28036,328.7305122494432,-9.11894273127753,329.14730472312016,-8.706705239018998,329.1482679753323,-9.530704690151104,328.3127565235541,-9.530704690151104,328.31371977576623,-8.706705239018998,2.26751621295078,0.0027095702430847686,S230518h,28036,2.26751621295078
37687,84.80000000000001,8.325991189427315,85.21682714958938,8.737774178046251,85.21595076923504,7.913774634311463,84.38404923076502,7.913774634311463,84.38317285041069,8.737774178046251,2.263762685026325,0.00270508496200382,S230518h,37687,2.263762685026325
33473,333.0396475770925,0.3964757709251138,333.45167794357855,0.8084655200133551,333.45163694046005,-0.01553447896653181,332.62765821372494,-0.01553447896653181,332.6276172106065,0.8084655200133551,2.24178554475847,0.0026788233613335485,S230518h,33473,2.24178554475847
19913,97.32057416267942,-23.3920704845815,97.76807559868958,-22.97943170526723,97.77086823065292,-23.803427718976764,96.87028009470596,-23.803427718976764,96.87307272666929,-22.97943170526723,2.2263644072859474,0.0026603958612471472,S230518h,19913,2.2263644072859474
948,132.11009174311926,-76.51982378854626,133.82554682093811,-76.10182559649995,133.93158318892256,-76.92545477824902,130.28860029731607,-76.92545477824902,130.3946366653005,-76.10182559649995,2.2243029862933654,0.002657932564646193,S230518h,948,2.2243029862933654
21600,96.11241217798595,-20.220264317180614,96.55031016973054,-19.80772015608625,96.55263594684051,-20.631717265930423,95.67218840913142,-20.631717265930423,95.67451418624138,-19.80772015608625,2.2211234349207505,0.0026541331572874313,S230518h,21600,2.2211234349207505
2675,125.30386740331494,-67.00440528634361,126.34082405009693,-66.58897323601025,126.3765634344913,-67.41285494292622,124.23117137213862,-67.41285494292622,124.266910756533,-66.58897323601025,2.2205040268858003,0.0026533929951795517,S230518h,2675,2.2205040268858003
41,229.0909090909091,-87.62114537444934,237.4917184883551,-87.17891333780612,240.92390514861793,-87.99048668489942,217.2579130332008,-87.99048668489942,220.69009969346348,-87.17891333780612,2.2177797373601096,0.002650137603315009,S230518h,41,2.2177797373601096
9167,116.20253164556964,-46.38766519823788,116.79534187806796,-45.97412203082242,116.8043584756348,-46.79809855924331,115.6007048155045,-46.79809855924331,115.60972141307133,-45.97412203082242,2.2020489211888425,0.0026313400524293046,S230518h,9167,2.2020489211888425
41684,77.26027397260275,15.462555066079299,77.68859780607738,15.874144494227755,77.68689720929108,15.05014612433697,76.83365073591443,15.05014612433697,76.83195013912812,15.874144494227755,2.189430834550697,0.002616262060093853,S230518h,41684,2.189430834550697
27300,98.03571428571429,-9.911894273127745,98.45343204283601,-9.499635754784482,98.45448311810263,-10.32363510429469,97.61694545332598,-10.32363510429469,97.61799652859258,-9.499635754784482,2.1722350420085563,0.002595713934566754,S230518h,27300,2.1722350420085563
3439,124.13793103448276,-63.83259911894273,125.05864230507996,-63.41762804986544,125.085987224886,-64.24153980696411,123.1898748440796,-64.24153980696411,123.21721976388561,-63.417628049865435,2.167049782271487,0.00258951780445488,S230518h,3439,2.167049782271487
42121,76.61327231121281,16.255506607929526,77.04332977801306,16.667073789960494,77.04153016874983,15.843075601114828,76.1850144536758,15.843075601114828,76.18321484441259,16.667073789960494,2.1620102218724115,0.0025834957778790284,S230518h,42121,2.1620102218724115
22456,95.22041763341068,-18.63436123348017,95.6541582428514,-18.22186294430115,95.65626679815375,-19.045860521962172,94.78456846866764,-19.045860521962176,94.78667702396999,-18.22186294430115,2.153654910132177,0.0025735115916872236,S230518h,22456,2.153654910132177
524,323.5443037974684,-80.48458149779735,325.9326805990408,-80.06411137054322,326.14651255088046,-80.88735279819687,320.94209504405643,-80.88735279819687,321.1559269958961,-80.06411137054322,2.1506322082542684,0.002569899611752827,S230518h,524,2.1506322082542684
409,140.0,-81.27753303964757,142.593444409103,-80.85631496766386,142.84811268417525,-81.67940943737075,137.1518873158249,-81.67940943737075,137.4065555908971,-80.85631496766386,2.1492275483246885,0.0025682211122893587,S230518h,409,2.1492275483246885
41246,78.54545454545455,14.669603524229084,78.97214005910132,15.08121502407063,78.97053669623638,14.257216483938363,78.12037239467274,14.257216483938363,78.11876903180779,15.081215024070627,2.1455317215247964,0.002563804781211597,S230518h,41246,2.1455317215247964
1925,305.1655629139073,-70.96916299559471,306.4030935413082,-70.55295666587745,306.4557746158134,-71.37677759201445,303.8753512120012,-71.37677759201445,303.92803228650655,-70.55295666587745,2.1451614761307654,0.0025633623561931666,S230518h,1925,2.1451614761307654
15116,109.97389033942558,-32.90748898678414,110.46235362501547,-32.49453486789272,110.46692072638953,-33.31852594694663,109.48085995246167,-33.31852594694663,109.48542705383572,-32.49453486789272,2.126364616387487,0.0025409010341823544,S230518h,15116,2.126364616387487
1630,303.021582733813,-72.55506607929516,304.36491371416713,-72.13845826697556,304.427809957167,-72.96224250578142,301.6153555104589,-72.96224250578142,301.6782517534588,-72.13845826697556,2.125925939178861,0.002540376836514429,S230518h,1630,2.125925939178861
32109,331.4537444933921,-1.9823788546255436,331.8658886286904,-1.5703275957333647,331.8660938407623,-2.3943275702109865,331.0413951460219,-2.3943275702109865,331.0416003580938,-1.5703275957333647,2.124762790752695,0.0025389869314077617,S230518h,32109,2.124762790752695
42112,69.19908466819223,16.255506607929526,69.62914213499249,16.667073789960494,69.62734252572925,15.843075601114828,68.77082681065522,15.843075601114828,68.769027201392,16.667073789960494,2.1141455887511422,0.002526299897708104,S230518h,42112,2.1141455887511422
4070,122.7272727272727,-61.45374449339207,123.57813936228034,-61.03905717979253,123.60093214889508,-61.8629851909482,121.85361330565038,-61.8629851909482,121.87640609226513,-61.039057179792515,2.102906144837263,0.0025128693155566156,S230518h,4070,2.102906144837263
39921,81.08108108108108,12.290748898678414,81.50340693544024,12.702425669697472,81.50208574583299,11.878426680871906,80.66007641632922,11.878426680871906,80.65875522672195,12.702425669697472,2.091228535678151,0.0024989151475082517,S230518h,39921,2.091228535678151
303,288.0,-82.86343612334801,291.1331058920265,-82.44025599411538,291.51402750462694,-83.26289593133454,284.4859724953732,-83.26289593133454,284.8668941079736,-82.44025599411538,2.0911881564026107,0.002498866896261881,S230518h,303,2.0911881564026107
19084,98.49878934624698,-24.97797356828193,98.95178050057247,-24.565285830496272,98.95482550917703,-25.38928120753105,98.04275318331695,-25.38928120753105,98.0457981919215,-24.565285830496276,2.085637559939432,0.002492234206748085,S230518h,19084,2.085637559939432
40805,79.00452488687782,13.876651982378856,79.42966568047557,14.288285389890966,79.42815788940023,13.46428669003154,78.58089188435544,13.46428669003154,78.5793840932801,14.288285389890966,2.0849349749063513,0.002491394652222301,S230518h,40805,2.0849349749063513
788,296.9072164948454,-78.1057268722467,298.83949103767924,-77.68692818611869,298.97597946711414,-78.51044785863185,294.83845352257674,-78.51044785863185,294.9749419520116,-77.68692818611869,2.082934622038346,0.0024890043290237895,S230518h,788,2.082934622038346
21184,104.18823529411765,-21.01321585903083,104.62836926711188,-20.60064842167404,104.63080746545167,-21.42464527826614,103.74566312278365,-21.424645278266137,103.74810132112344,-20.600648421674038,2.06320847639345,0.002465432556109932,S230518h,21184,2.06320847639345
30902,93.7748344370861,-3.5682819383259865,94.18744966928901,-3.1561896081351972,94.18781987816494,-3.980189525294558,93.36184899600727,-3.980189525294558,93.3622192048832,-3.1561896081351977,2.059297301966382,0.0024607588952194077,S230518h,30902,2.059297301966382
5480,120.00000000000001,-56.69603524229075,120.74219228862434,-56.28180501119689,120.75861783011722,-57.10575565291883,119.24138216988284,-57.10575565291883,119.25780771137573,-56.28180501119689,2.0519950003408347,0.0024520330042742382,S230518h,5480,2.0519950003408347
104,267.42857142857144,-86.0352422907489,272.8113270633418,-85.60392149454684,274.0475677253472,-86.42347525027024,260.809575131796,-86.42347525027024,262.04581579380124,-85.60392149454684,2.049468006881814,0.002449013371496344,S230518h,104,2.049468006881814
36787,86.20842572062084,6.740088105726872,86.62364572683225,7.151912894539087,86.62294059517413,6.327913192083609,85.79391084606759,6.327913192083608,85.79320571440945,7.151912894539087,2.0416580159369704,0.002439680816808512,S230518h,36787,2.0416580159369704
23755,93.91304347826087,-16.255506607929515,94.3413013357979,-15.843075601114815,94.34310094506112,-16.66707378996048,93.48298601146065,-16.66707378996048,93.48478562072388,-15.843075601114815,2.018432645249343,0.002411927642237859,S230518h,23755,2.018432645249343
29998,94.77876106194691,-5.154185022026429,95.1921655260659,-4.742051494942333,95.19270215764028,-5.56605132161439,94.36481996625356,-5.56605132161439,94.36535659782794,-4.742051494942333,2.0000920252120844,0.0023900115042147442,S230518h,29998,2.0000920252120844
843,132.81553398058253,-77.31277533039648,134.63278319425294,-76.89440067984016,134.7526202910823,-77.71798023642799,130.87844767008283,-77.71798023642799,130.99828476691223,-76.89440067984016,1.9921604590082977,0.002380533673077709,S230518h,843,1.9921604590082977
36777,78.22616407982261,6.740088105726872,78.64138408603402,7.1519128945390875,78.64067895437589,6.327913192083608,77.81164920526936,6.327913192083608,77.81094407361122,7.1519128945390875,1.9763178774003969,0.002361602567997517,S230518h,36777,1.9763178774003969
28646,96.58536585365854,-7.533039647577087,97.00055767057351,-7.120843949196915,97.00134804010192,-7.944843576662133,96.16938366721521,-7.944843576662135,96.1701740367436,-7.1208439491969155,1.9761054580860573,0.0023613487373744307,S230518h,28646,1.9761054580860573
47207,63.21951219512194,25.77092511013217,63.67860769786429,26.182207464696873,63.67543108910526,25.358212430272747,62.763593301138656,25.358212430272747,62.76041669237961,26.182207464696877,1.9735202198790531,0.002358259504990126,S230518h,47207,1.9735202198790531
45548,68.57142857142857,22.599118942731284,69.0190329988753,23.01050051854609,69.01636154408656,22.186504209500672,68.12649559877059,22.186504209500672,68.12382414398188,23.01050051854609,1.9705912723329482,0.0023547595568666436,S230518h,45548,1.9705912723329482
1419,105.5639097744361,-73.34801762114537,106.96765351053615,-72.93118208543437,107.03678489167982,-73.75494392316726,104.09103465719245,-73.75494392316726,104.16016603833611,-72.93118208543437,1.970360401197578,0.002354483677225822,S230518h,1419,1.970360401197578
744,133.60824742268042,-78.1057268722467,135.54052196551427,-77.68692818611869,135.67701039494918,-78.51044785863185,131.53948445041178,-78.51044785863185,131.67597287984665,-77.68692818611869,1.9657936601039818,0.002349026646442797,S230518h,744,1.9657936601039818
25079,100.18099547511312,-13.876651982378856,100.60462847763552,-13.464286690031539,100.60613626871086,-14.288285389890964,99.7558546815154,-14.288285389890966,99.75736247259074,-13.46428669003154,1.9648068904031628,0.0023478475052296733,S230518h,25079,1.9648068904031628
14736,110.8421052631579,-33.70044052863436,111.33496004390342,-33.28745733567704,111.33970997676487,-34.111447860069845,110.34450054955096,-34.111447860069845,110.3492504824124,-33.28745733567704,1.9617096017891464,0.002344146397817584,S230518h,14736,1.9617096017891464
48021,60.44444444444445,27.356828193832598,60.910053981223825,27.768058922397096,60.90660225934342,26.944064625256548,59.9822866295455,26.944064625256548,59.97883490766511,27.768058922397096,1.9555547440643402,0.0023367916458443432,S230518h,48021,1.9555547440643402
45966,67.17703349282296,23.3920704845815,67.62732756079645,23.803427718976764,67.62453492883311,22.979431705267228,66.72953205681283,22.979431705267228,66.72673942484948,23.803427718976764,1.9540388561274433,0.002334980234387963,S230518h,45966,1.9540388561274433
483,136.7088607594937,-80.48458149779735,139.0972375610661,-80.06411137054322,139.31106951290582,-80.88735279819687,134.10665200608176,-80.88735279819687,134.32048395792143,-80.06411137054322,1.9412060907341515,0.002319645711508895,S230518h,483,1.9412060907341515
17860,99.55555555555554,-27.356828193832598,100.01771337045453,-26.94406462525655,100.02116509233491,-27.768058922397092,99.0899460187762,-27.768058922397092,99.0933977406566,-26.94406462525655,1.9380086981310383,0.002315824984758024,S230518h,17860,1.9380086981310383
2412,306.7455621301775,-68.59030837004406,307.85377698815404,-68.17459878462348,307.89517553705264,-68.99846020179434,305.59594872330246,-68.99846020179434,305.637347272201,-68.17459878462348,1.93424491056688,0.0023113274439127197,S230518h,2412,1.93424491056688
37237,85.41019955654102,7.533039647577099,85.82618174298439,7.944843576662147,85.82539137345599,7.120843949196929,84.99500773962606,7.120843949196929,84.99421737009767,7.944843576662147,1.9292572170663145,0.0023053673957271446,S230518h,37237,1.9292572170663145
36651,337.69911504424783,5.947136563876657,338.1136549076934,6.358982140090027,338.1130343271636,5.53498237126681,337.2851957613321,5.53498237126681,337.2845751808023,6.358982140090027,1.9210494102919462,0.0022955594707077787,S230518h,36651,1.9210494102919462
17457,99.40298507462687,-28.149779735682813,99.86846177834657,-27.736990186852083,99.87205748782078,-28.560984087764975,98.93391266143297,-28.560984087764975,98.93750837090718,-27.73699018685208,1.9081062332129755,0.002280093011299968,S230518h,17457,1.9081062332129755
35423,80.26490066225165,4.361233480176214,80.67832378416264,4.7731204473116815,80.67787058250504,3.9491205712197575,79.8519307419983,3.9491205712197575,79.8514775403407,4.7731204473116815,1.9034358755320135,0.002274512163796157,S230518h,35423,1.9034358755320135
1059,131.47826086956522,-75.72687224669603,133.103012613737,-75.3092106384869,133.1974833265507,-76.13288140227372,129.75903841257988,-76.13288140227372,129.85350912539354,-75.3092106384869,1.9022639732487314,0.002273111798261195,S230518h,1059,1.9022639732487314
3644,124.01913875598085,-63.039647577092516,124.91515530414503,-62.62477613751,124.94084899485523,-63.44869379522385,123.09742851710652,-63.44869379522385,123.1231222078167,-62.62477613751,1.8990118687886268,0.0022692256935347216,S230518h,3644,1.8990118687886268
17067,108.27067669172934,-28.942731277533042,108.73961075726753,-28.529915367522033,108.74335508224466,-29.353908852689084,107.79799830121402,-29.353908852689084,107.80174262619116,-28.529915367522033,1.8936105804009276,0.002262771419820584,S230518h,17067,1.8936105804009276
35433,88.21192052980132,4.361233480176214,88.62534365171231,4.7731204473116815,88.6248904500547,3.9491205712197575,87.79895060954797,3.949120571219757,87.79849740789035,4.7731204473116815,1.883565291593874,0.0022507677942326704,S230518h,35433,1.883565291593874
4283,108.8,-60.66079295154186,109.63018661197069,-60.24619094539275,109.65170127315855,-61.07012351165851,107.9482987268415,-61.07012351165851,107.96981338802937,-60.24619094539275,1.8759760827681027,0.002241699063307873,S230518h,4283,1.8759760827681027
29537,87.61061946902655,-5.947136563876644,88.02453875194234,-5.534982371266796,88.02515933247213,-6.358982140090014,87.196079605581,-6.358982140090014,87.19670018611077,-5.534982371266796,1.8745016432058013,0.002239937180618602,S230518h,29537,1.8745016432058013
48022,61.33333333333333,27.356828193832598,61.79894287011269,27.768058922397096,61.7954911482323,26.944064625256548,60.87117551843438,26.94406462525655,60.867723796553975,27.768058922397096,1.8723410056830707,0.002237355325148619,S230518h,48022,1.8723410056830707
4292,123.19999999999999,-60.66079295154186,124.03018661197068,-60.24619094539275,124.05170127315853,-61.07012351165851,122.34829872684149,-61.07012351165851,122.36981338802937,-60.24619094539275,1.8694956704634191,0.0022339552896389558,S230518h,4292,1.8694956704634191
29389,329.66740576496676,-6.740088105726872,330.08192063952004,-6.327913192083609,330.08262577117813,-7.1519128945390875,329.25218575875533,-7.1519128945390875,329.2528908904135,-6.32791319208361,1.868473049481131,0.00223273330790946,S230518h,29389,1.868473049481131
7653,118.35616438356165,-50.352422907488986,118.99629735547087,-49.938650771171105,119.0075035751182,-50.762619747751295,117.70482519200513,-50.762619747751295,117.71603141165248,-49.938650771171105,1.8659926410347765,0.0022297693419282894,S230518h,7653,1.8659926410347765
14359,111.06382978723404,-34.49339207048458,111.56125187206268,-34.08037927022353,111.56619161567497,-34.9043692124224,110.56146795879313,-34.9043692124224,110.56640770240543,-34.08037927022353,1.8600085462928502,0.0022226186433128106,S230518h,14359,1.8600085462928502
14350,102.44680851063829,-34.49339207048458,102.94423059546693,-34.08037927022353,102.94917033907922,-34.9043692124224,101.9444466821974,-34.9043692124224,101.94938642580969,-34.08037927022353,1.8509082234996361,0.0022117442055901047,S230518h,14350,1.8509082234996361
53,49.6551724137931,-86.82819383259911,56.217361473097775,-86.39261080599432,58.14911264958526,-87.20964603970096,41.16123217800141,-87.20964603970097,43.09298335448879,-86.39261080599432,1.840548667997739,0.0021993650467734198,S230518h,53,1.840548667997739
33611,82.46696035242292,1.1894273127753414,82.87911067525579,1.6013965530507868,82.8789876266229,0.7773965622341495,82.05493307822296,0.7773965622341495,82.05481002959006,1.601396553050787,1.8199466380551845,0.00217474663524425,S230518h,33611,1.8199466380551845
375,327.27272727272725,-82.0704845814978,330.1103234508929,-81.64837791299924,330.4186815962472,-82.47127912354311,324.1267729492074,-82.47127912354311,324.4351310945617,-81.64837791299924,1.8070504240784406,0.002159336294431574,S230518h,375,1.8070504240784406
28636,88.6031042128603,-7.533039647577087,89.01829602977527,-7.120843949196916,89.01908639930367,-7.944843576662135,88.18712202641697,-7.944843576662135,88.18791239594536,-7.1208439491969155,1.792110597304863,0.0021414839369351536,S230518h,28636,1.792110597304863
78,0.0,-86.0352422907489,5.382755634770438,-85.60392149454682,6.618996296775753,-86.42347525027023,353.38100370322456,-86.42347525027024,354.61724436522985,-85.60392149454684,1.7757663535494226,0.0021219533702858265,S230518h,78,1.7757663535494226
2768,310.2762430939227,-67.00440528634361,311.3131997407047,-66.58897323601025,311.34893912509904,-67.41285494292622,309.2035470627464,-67.41285494292622,309.2392864471408,-66.58897323601025,1.7652508585787248,0.0021093878714809325,S230518h,2768,1.7652508585787248
16268,100.76335877862594,-30.528634361233472,101.23964104472589,-30.115764510139417,101.24369760317515,-30.939757101513468,100.28301995407676,-30.939757101513468,100.28707651252603,-30.115764510139417,1.7594481110745985,0.002102453873886775,S230518h,16268,1.7594481110745985
11815,104.91428571428571,-40.04405286343612,105.44922166390506,-39.6308154610494,105.45572630813555,-40.4548004146187,104.3728451204359,-40.4548004146187,104.37934976466639,-39.6308154610494,1.7584147881967147,0.0021012191039189035,S230518h,11815,1.7584147881967147
32564,332.2466960352423,-1.1894273127753288,332.6587233094423,-0.7773965622341366,332.65884635807515,-1.6013965530507743,331.8345457124094,-1.6013965530507746,331.83466876104234,-0.7773965622341366,1.7525142078200118,0.0020941682008583963,S230518h,32564,1.7525142078200118
38004,338.40000000000003,8.325991189427315,338.81682714958936,8.737774178046251,338.81595076923503,7.913774634311461,337.98404923076504,7.913774634311463,337.98317285041065,8.737774178046251,1.7434130451420722,0.002083292759514792,S230518h,38004,1.7434130451420722
153,351.219512195122,-85.24229074889868,355.7821830736211,-84.8139342246618,356.640449450358,-85.63485327447668,345.7985749398862,-85.63485327447668,346.6568413166231,-84.8139342246618,1.7432832406481484,0.0020831376495349177,S230518h,153,1.7432832406481484
31203,332.98013245033115,-3.5682819383259865,333.39274768253404,-3.1561896081351977,333.39311789140993,-3.9801895252945587,332.56714700925227,-3.9801895252945587,332.5675172181283,-3.1561896081351977,1.7382855850589096,0.0020771656971438185,S230518h,31203,1.7382855850589096
44270,64.91803278688525,20.22026431718063,65.3582565557398,20.631717265930444,65.35593077862983,19.807720156086273,64.48013479514067,19.807720156086273,64.47780901803071,20.631717265930444,1.7374324751922396,0.0020761462728523367,S230518h,44270,1.7374324751922396
15491,101.65803108808291,-32.114537444933916,102.1422723689122,-31.701611891991252,102.14666321266553,-32.52560349957452,101.1693989635003,-32.52560349957452,101.17378980725363,-31.701611891991256,1.7203835456498786,0.0020557736413798077,S230518h,15491,1.7203835456498786
244,286.6666666666667,-83.65638766519824,290.16464730197725,-83.23188432017895,290.6470118209999,-84.05415885427023,282.6863215123336,-84.05415885427023,283.1686860313562,-83.23188432017895,1.7176463523832,0.0020525028301800444,S230518h,244,1.7176463523832
1428,129.92481203007517,-73.34801762114537,131.3285557661752,-72.93118208543437,131.3976871473189,-73.75494392316726,128.45193691283154,-73.75494392316726,128.5210682939752,-72.93118208543437,1.7131071145394459,0.0020470786644265766,S230518h,1428,1.7131071145394459
48823,56.8421052631579,28.942731277533056,57.314783653673224,29.35390885268909,57.31103932869609,28.52991536752204,56.37317119761972,28.52991536752204,56.36942687264259,29.35390885268909,1.7129576976943095,0.0020469001186525335,S230518h,48823,1.7129576976943095
50,12.413793103448276,-86.82819383259911,18.975982162752953,-86.39261080599432,20.907733339240426,-87.20964603970096,3.919852867656578,-87.20964603970097,5.851604044143959,-86.39261080599432,1.7095967258762315,0.0020428839227928973,S230518h,50,1.7095967258762315
12888,112.68698060941828,-37.665198237885456,113.20457060379374,-37.25206112430853,113.2103485538029,-38.07604843049503,112.16361266503372,-38.07604843049503,112.16939061504287,-37.25206112430854,1.7083804747337235,0.002041430562554485,S230518h,12888,1.7083804747337235
46383,66.63461538461537,24.185022026431728,67.08771891656436,24.596354620359214,67.08480183161923,23.77235891711499,66.18442893761154,23.772358917114985,66.18151185266642,24.596354620359214,1.6962168649102056,0.0020268956476383057,S230518h,46383,1.6962168649102056
38126,76.16926503340757,9.118942731277542,76.58702075929669,9.530704690151117,76.58605750708452,8.706705239019009,75.75247255973062,8.706705239019009,75.75150930751846,9.530704690151117,1.6954769985033258,0.0020260115437062192,S230518h,38126,1.6954769985033258
10453,105.94594594594594,-43.215859030837,106.50747261236886,-42.80247659158063,106.51511176178444,-43.62645778446824,105.37678013010748,-43.62645778446824,105.38441927952306,-42.80247659158063,1.6856079538925877,0.002014218521256279,S230518h,10453,1.6856079538925877
4061,108.0,-61.45374449339207,108.85086663500762,-61.039057179792515,108.87365942162238,-61.8629851909482,107.12634057837765,-61.8629851909482,107.14913336499242,-61.039057179792515,1.6764945993176072,0.002003328511195926,S230518h,4061,1.6764945993176072
10795,114.3026706231454,-42.42290748898678,114.85714418271812,-42.009562651243314,114.86447950283764,-42.83354485987371,113.7408617434532,-42.83354485987371,113.74819706357272,-42.009562651243314,1.6764324801184851,0.002003254281811146,S230518h,10795,1.6764324801184851
2767,308.2872928176796,-67.00440528634361,309.32424946446156,-66.58897323601025,309.3599888488559,-67.4128549429262,307.21459678650325,-67.4128549429262,307.25033617089764,-66.58897323601025,1.6702780799551502,0.0019959000766013374,S230518h,2767,1.6702780799551502
34075,90.39647577092511,1.9823788546255565,90.8088251182953,2.394327570211,90.80861990622344,1.5703275957333775,89.9843316356268,1.5703275957333773,89.98412642355494,2.394327570211,1.6674588511789195,0.001992531237006324,S230518h,34075,1.6674588511789195
26408,99.28251121076234,-11.497797356828187,99.70233401515155,-11.085496484628662,99.70356396264226,-11.909495603172157,98.86145845888245,-11.909495603172157,98.86268840637315,-11.085496484628662,1.6592693132762382,0.0019827451423892347,S230518h,26408,1.6592693132762382
144,272.1951219512195,-85.24229074889868,276.75779282971865,-84.8139342246618,277.6160592064556,-85.63485327447668,266.7741846959837,-85.63485327447668,267.63245107272064,-84.8139342246618,1.65081246589915,0.00197263962611006,S230518h,144,1.65081246589915
1929,314.7019867549669,-70.96916299559471,315.93951738236774,-70.55295666587745,315.99219845687304,-71.37677759201445,313.4117750530608,-71.37677759201445,313.4644561275661,-70.55295666587745,1.6492204887576607,0.001970737291800116,S230518h,1929,1.6492204887576607
735,100.20618556701031,-78.1057268722467,102.13846010984417,-77.68692818611869,102.27494853927908,-78.51044785863185,98.13742259474166,-78.51044785863185,98.27391102417656,-77.68692818611869,1.6480133967439032,0.0019692948762696505,S230518h,735,1.6480133967439032
38903,339.9107142857143,9.911894273127757,340.3294831181026,10.323635104294702,340.32843204283597,9.499635754784492,339.4929965285926,9.499635754784492,339.4919454533259,10.323635104294702,1.6451317031030035,0.001965851394236546,S230518h,38903,1.6451317031030035
42548,68.68965517241378,17.04845814977974,69.12154341641676,17.460002900567105,69.11964289498442,16.636004903881336,68.25966744984318,16.636004903881336,68.25776692841083,17.460002900567105,1.6330999116216551,0.0019514739957497507,S230518h,42548,1.6330999116216551
43413,66.82134570765662,18.634361233480185,67.2571948723997,19.045860521962187,67.25508631709734,18.221862944301165,66.38760509821593,18.221862944301165,66.38549654291357,19.045860521962187,1.6314338260831496,0.00194948310555378,S230518h,43413,1.6314338260831496
42981,67.34411085450346,17.841409691629956,67.77792897154038,18.252931815023985,67.77592551201093,17.428934021946972,66.91229619699602,17.428934021946976,66.91029273746656,18.252931815023988,1.626842592157807,0.0019439968070426171,S230518h,42981,1.626842592157807
45539,60.85714285714286,22.599118942731284,61.30474728458959,23.010500518546085,61.302075829800856,22.18650420950067,60.41220988448488,22.18650420950067,60.409538429696156,23.01050051854609,1.6224819252932081,0.0019387860248180672,S230518h,45539,1.6224819252932081
25521,99.9548532731377,-13.083700440528629,100.37712757552063,-12.671356752470947,100.37854134486462,-13.495355601811845,99.5311652014108,-13.495355601811843,99.53257897075478,-12.671356752470947,1.6190915047997643,0.0019347346392411474,S230518h,25521,1.6190915047997643
2858,125.80645161290322,-66.21145374449338,126.8113848737904,-65.79614754145068,126.84470870597481,-66.62003790248761,124.76819451983167,-66.62003790248761,124.80151835201605,-65.79614754145068,1.6187443230350667,0.0019343197741243322,S230518h,2858,1.6187443230350667
1704,129.1034482758621,-71.76211453744493,130.39158751475003,-71.3457156953099,130.4490435597822,-72.16951947469762,127.757852991942,-72.16951947469762,127.81530903697421,-71.3457156953099,1.6179100404774347,0.0019333228475402694,S230518h,1704,1.6179100404774347
26853,98.25503355704699,-10.704845814977972,98.67376109022001,-10.29256617293174,98.67490103222643,-11.116565411638506,97.83516608186757,-11.116565411638506,97.83630602387397,-10.29256617293174,1.616228720487348,0.0019313137529246617,S230518h,26853,1.616228720487348
36649,336.1061946902655,5.947136563876657,336.5207345537111,6.358982140090028,336.5201139731813,5.534982371266809,335.69227540734977,5.53498237126681,335.69165482681996,6.358982140090028,1.6149419385296724,0.001929776111834405,S230518h,36649,1.6149419385296724
15500,110.05181347150261,-32.114537444933916,110.53605475233192,-31.701611891991252,110.54044559608525,-32.52560349957452,109.56318134692002,-32.52560349957452,109.56757219067335,-31.701611891991252,1.61384062686961,0.001928460098618965,S230518h,15500,1.61384062686961
1167,104.13223140495869,-74.93392070484582,105.67566828856825,-74.51656193148142,105.76035047706792,-75.34026788245248,102.50411233284956,-75.34026788245248,102.58879452134923,-74.51656193148142,1.6086347964446044,0.0019222393875477158,S230518h,1167,1.6086347964446044
27748,97.8173719376392,-9.11894273127753,98.23416441131614,-8.706705239018996,98.23512766352833,-9.530704690151103,97.39961621175009,-9.530704690151103,97.40057946396226,-8.706705239018996,1.6046062646904262,0.0019174254904288774,S230518h,27748,1.6046062646904262
2415,313.1360946745562,-68.59030837004406,314.2443095325327,-68.17459878462347,314.2857080814313,-68.99846020179434,311.98648126768114,-68.99846020179434,312.02787981657974,-68.17459878462347,1.6044565356638805,0.0019172465716134188,S230518h,2415,1.6044565356638805
5993,120.45627376425854,-55.110132158590304,121.16917620711752,-54.6960297144893,121.18403077638169,-55.51998590579551,119.72851675213542,-55.51998590579551,119.74337132139964,-54.6960297144893,1.5910775774794792,0.0019012593752384236,S230518h,5993,1.5910775774794792
47607,54.705882352941174,26.563876651982397,55.16816765581421,26.97513337538428,55.16485555276677,26.151138700674498,54.2469091531156,26.151138700674494,54.24359705006817,26.97513337538428,1.5860781831137614,0.001895285345095033,S230518h,47607,1.5860781831137614
31355,93.568281938326,-2.775330396475771,93.98062199698124,-2.3632586136640596,93.98090956933945,-3.187258563601827,93.15565430731259,-3.187258563601827,93.15594187967076,-2.3632586136640596,1.5841607228284156,0.001892994074451941,S230518h,31355,1.5841607228284156
4519,123.11688311688312,-59.86784140969163,123.9275225883176,-59.45332067790705,123.94785811005215,-60.27725744202729,122.2859081237141,-60.27725744202729,122.30624364544865,-59.45332067790705,1.578473482416677,0.0018861981021466923,S230518h,4519,1.578473482416677
35875,79.64601769911505,5.154185022026442,80.05995879480842,5.566051321614404,80.05942216323405,4.742051494942348,79.23261323499608,4.742051494942348,79.2320766034217,5.566051321614405,1.5776923202317688,0.0018852646517928814,S230518h,35875,1.5776923202317688
38902,339.1071428571429,9.911894273127757,339.52591168953126,10.323635104294702,339.52486061426464,9.499635754784492,338.6894251000212,9.499635754784492,338.6883740247546,10.323635104294702,1.5761734073601943,0.0018834496256884812,S230518h,38902,1.5761734073601943
1050,103.30434782608695,-75.72687224669603,104.92909957025873,-75.3092106384869,105.0235702830724,-76.13288140227372,101.58512536910159,-76.13288140227372,101.67959608191526,-75.3092106384869,1.5739577129125786,0.0018808019799037505,S230518h,1050,1.5739577129125786
27290,90.0,-9.911894273127745,90.41771775712174,-9.499635754784482,90.41876883238834,-10.323635104294688,89.58123116761169,-10.323635104294688,89.58228224287829,-9.499635754784482,1.5713944912145004,0.0018777390561637239,S230518h,27290,1.5713944912145004
28186,88.8,-8.325991189427315,89.21595076923501,-7.913774634311463,89.21682714958936,-8.737774178046251,88.38317285041066,-8.737774178046251,88.384049230765,-7.913774634311463,1.5691112718299058,0.001875010721403603,S230518h,28186,1.5691112718299058
48416,51.940298507462686,28.149779735682827,52.4093709206566,28.56098408776499,52.405775211182394,27.736990186852097,51.474821803743,27.736990186852097,51.471226094268786,28.560984087764993,1.5597643001400474,0.001863841550392103,S230518h,48416,1.5597643001400474
3037,108.74999999999999,-65.41850220264317,109.72500945105463,-65.00331432903268,109.75614714988907,-65.82721251795017,107.74385285011097,-65.82721251795017,107.77499054894541,-65.00331432903268,1.557676668108,0.0018613469328893752,S230518h,3037,1.557676668108
30440,86.6225165562914,-4.361233480176201,87.03548647654478,-3.949120571219744,87.03593967820238,-4.773120447311668,86.20909343438043,-4.773120447311669,86.20954663603804,-3.949120571219745,1.556326632615293,0.0018597337069387711,S230518h,30440,1.556326632615293
24201,101.09589041095892,-15.462555066079286,101.52251364764724,-15.05014612433696,101.52421424443355,-15.874144494227744,100.6675665774843,-15.874144494227744,100.6692671742706,-15.05014612433696,1.5355346922624191,0.0018348883618186905,S230518h,24201,1.5355346922624191
13241,103.56164383561644,-36.87224669603523,104.07389188360193,-36.4591416024184,104.0794474361884,-37.283129617191605,103.0438402350445,-37.2831296171916,103.04939578763096,-36.4591416024184,1.5238587816761575,0.0018209362234812613,S230518h,13241,1.5238587816761575
43422,74.33874709976799,18.634361233480185,74.77459626451106,19.045860521962187,74.7724877092087,18.221862944301165,73.90500649032731,18.221862944301165,73.90289793502494,19.045860521962187,1.5194761192462298,0.0018156991576390002,S230518h,43422,1.5194761192462298
11477,114.45086705202313,-40.83700440528634,114.99205748126799,-40.423732040098,114.99882643509399,-41.247716125922146,113.90290766895232,-41.247716125922146,113.9096766227783,-40.423732040098,1.4990003151647566,0.0017912315797996362,S230518h,11477,1.4990003151647566
2586,306.5142857142857,-67.79735682819383,307.5855854986311,-67.38179061975698,307.624003231687,-68.20566272627583,305.4045681968844,-68.20566272627582,305.4429859299404,-67.38179061975698,1.4979980613734234,0.0017900339358606402,S230518h,2586,1.4979980613734234
34528,89.60352422907489,2.775330396475771,90.01615186008834,3.1872585636018274,90.01586428773014,2.363258613664059,89.19118417041966,2.3632586136640596,89.19089659806149,3.1872585636018274,1.4919572699576142,0.0017828154875110876,S230518h,34528,1.4919572699576142
1635,315.9712230215828,-72.55506607929516,317.314554001937,-72.13845826697556,317.3774502449369,-72.96224250578142,314.5649957982288,-72.96224250578142,314.6278920412287,-72.13845826697556,1.4900008678638583,0.0017804776833240774,S230518h,1635,1.4900008678638583
39020,74.09395973154362,10.704845814977984,74.51382720672305,11.11656541163852,74.51268726471665,10.292566172931755,73.67523219837061,10.292566172931755,73.6740922563642,11.11656541163852,1.4808078946694818,0.0017694925329332259,S230518h,39020,1.4808078946694818
40364,80.45146726862303,13.083700440528641,80.87515534034996,13.495355601811855,80.87374157100598,12.671356752470958,80.02919296624013,12.671356752470958,80.02777919689615,13.495355601811855,1.469882327972335,0.0017564370186033402,S230518h,40364,1.469882327972335
19923,105.93301435406698,-23.3920704845815,106.38051579007715,-22.97943170526723,106.38330842204049,-23.803427718976764,105.48272028609352,-23.803427718976764,105.48551291805686,-22.979431705267228,1.4663997981999901,0.0017522755669727374,S230518h,19923,1.4663997981999901
52,37.24137931034483,-86.82819383259911,43.803568369649504,-86.39261080599432,45.735319546136985,-87.20964603970096,28.74743907455313,-87.20964603970097,30.67919025104051,-86.39261080599432,1.450233977786435,0.0017329582074330585,S230518h,52,1.450233977786435
1774,302.89655172413796,-71.76211453744493,304.1846909630259,-71.3457156953099,304.24214700805805,-72.16951947469762,301.5509564402179,-72.16951947469762,301.6084124852501,-71.3457156953099,1.4408635839990809,0.001721761048168137,S230518h,1774,1.4408635839990809
1842,107.28476821192054,-70.96916299559471,108.52229883932141,-70.55295666587745,108.57497991382668,-71.37677759201445,105.99455651001448,-71.37677759201445,106.04723758451975,-70.55295666587745,1.4403621185077216,0.0017211618215934557,S230518h,1842,1.4403621185077216
84,61.714285714285715,-86.0352422907489,67.09704134905616,-85.60392149454682,68.33328201106147,-86.42347525027023,55.095289417510315,-86.42347525027024,56.33153007951557,-85.60392149454684,1.427182614140731,0.0017054129627110174,S230518h,84,1.427182614140731
40,212.72727272727272,-87.62114537444934,221.12808212471873,-87.17891333780612,224.5602687849816,-87.99048668489942,200.89427666956445,-87.99048668489942,204.32646332982713,-87.17891333780612,1.422320707318966,0.0016996032234140434,S230518h,40,1.422320707318966
37677,76.80000000000001,8.325991189427315,77.21682714958936,8.737774178046251,77.21595076923502,7.913774634311463,76.38404923076502,7.913774634311461,76.38317285041067,8.737774178046251,1.4167641363892554,0.001692963394706869,S230518h,37677,1.4167641363892554
44704,71.15294117647059,21.013215859030844,71.59551334780461,21.424645278266155,71.59307514946484,20.600648421674055,70.71280720347639,20.600648421674055,70.71036900513663,21.424645278266155,1.4069364749805855,0.0016812198231460765,S230518h,44704,1.4069364749805855
39031,82.95302013422818,10.704845814977984,83.37288760940763,11.11656541163852,83.37174766740122,10.292566172931753,82.53429260105517,10.292566172931755,82.53315265904877,11.11656541163852,1.400124321385171,0.0016730796349665893,S230518h,39031,1.400124321385171
199,344.6808510638298,-84.44933920704845,348.6405960442499,-84.02316364812863,349.2709172733899,-84.84490493230915,340.0907848542699,-84.84490493230915,340.7211060834099,-84.02316364812863,1.3883606512998365,0.0016590226283482287,S230518h,199,1.3883606512998365
2163,128.09815950920247,-69.38325991189427,129.24615160036214,-68.96739668573589,129.29088087571373,-69.79124615397053,126.90543814269131,-69.79124615397053,126.95016741804287,-68.96739668573589,1.3813856539228466,0.0016506878498666708,S230518h,2163,1.3813856539228466
51,24.82758620689655,-86.82819383259911,31.389775266201227,-86.39261080599432,33.321526442688715,-87.20964603970096,16.333645971104854,-87.20964603970097,18.265397147592235,-86.39261080599432,1.376092219083161,0.0016443624558327046,S230518h,51,1.376092219083161
29547,95.57522123893806,-5.947136563876644,95.98914052185386,-5.534982371266796,95.98976110238362,-6.358982140090014,95.16068137549252,-6.358982140090014,95.16130195602229,-5.534982371266796,1.363278221920122,0.0016290503600648158,S230518h,29547,1.363278221920122
63,173.79310344827587,-86.82819383259911,180.35529250758054,-86.39261080599432,182.287043684068,-87.20964603970096,165.2991632124842,-87.20964603970097,167.23091438897157,-86.39261080599432,1.3622589058186874,0.0016278323275052378,S230518h,63,1.3622589058186874
517,291.6455696202532,-80.48458149779735,294.0339464218256,-80.06411137054322,294.2477783736653,-80.88735279819687,289.04336086684117,-80.88735279819687,289.2571928186809,-80.06411137054322,1.3617292591828896,0.0016271994258503298,S230518h,517,1.3617292591828896
47199,56.19512195121951,25.77092511013217,56.654217453961856,26.182207464696877,56.651040845202814,25.358212430272744,55.73920305723622,25.358212430272744,55.736026448477176,26.182207464696873,1.3596996674725483,0.0016247741636746756,S230518h,47199,1.3596996674725483
1119,319.30434782608694,-75.72687224669603,320.9290995702587,-75.3092106384869,321.0235702830724,-76.13288140227372,317.58512536910155,-76.13288140227372,317.67959608191524,-75.3092106384869,1.359070766145197,0.001624022657549738,S230518h,1119,1.359070766145197
29988,86.8141592920354,-5.154185022026429,87.2275637561544,-4.7420514949423325,87.22810038772877,-5.566051321614391,86.40021819634205,-5.566051321614391,86.40075482791643,-4.742051494942333,1.3410532952036693,0.001602492666787168,S230518h,29988,1.3410532952036693
49211,47.27272727272727,29.735682819383257,47.7491594651109,30.146833197483716,47.74526162141272,29.322840148501058,46.80019292404185,29.322840148501058,46.7962950803437,30.146833197483716,1.3290194764444756,0.001588112845803152,S230518h,49211,1.3290194764444756
41675,69.86301369863014,15.462555066079299,70.29133753210478,15.874144494227755,70.28963693531848,15.05014612433697,69.43639046194184,15.050146124336973,69.43468986515553,15.874144494227755,1.3249294616889138,0.0015832254795245108,S230518h,41675,1.3249294616889138
32251,84.05286343612336,-1.1894273127753288,84.46489071032333,-0.7773965622341364,84.46501375895623,-1.6013965530507743,83.6407131132905,-1.6013965530507743,83.6408361619234,-0.7773965622341364,1.319907864402909,0.0015772249179844423,S230518h,32251,1.319907864402909
252,340.0,-83.65638766519824,343.4979806353107,-83.23188432017895,343.9803451543333,-84.05415885427023,336.019654845667,-84.05415885427023,336.5020193646896,-83.23188432017895,1.309811707052489,0.0015651605069914995,S230518h,252,1.309811707052489
33021,334.62555066079295,-0.3964757709251011,335.03754002416053,0.01553447896654453,335.037581027279,-0.8084655200133425,334.21352029430693,-0.8084655200133425,334.21356129742543,0.01553447896654453,1.3080327369861076,0.0015630347253421004,S230518h,33021,1.3080327369861076
8539,107.05882352941175,-47.97356828193832,107.66934851494375,-47.55993770453136,107.67916897674269,-48.38391147608005,106.43847808208088,-48.38391147608005,106.44829854387982,-47.55993770453136,1.2997046439570006,0.0015530830641700972,S230518h,8539,1.2997046439570006
28939,330.46563192904654,-7.533039647577087,330.8808237459615,-7.1208439491969155,330.8816141154899,-7.944843576662135,330.04964974260315,-7.944843576662135,330.0504401121316,-7.1208439491969155,1.297777776342603,0.0015507805522319174,S230518h,28939,1.297777776342603
34064,81.67400881057269,1.9823788546255565,82.08635815794288,2.394327570211,82.08615294587102,1.5703275957333775,81.26186467527438,1.5703275957333773,81.26165946320252,2.394327570211,1.294474248555528,0.0015468329991613207,S230518h,34064,1.294474248555528
1359,300.4724409448819,-74.1409691629956,301.9425805890297,-73.72388440822797,302.0189049815048,-74.54762039818306,298.9259769082591,-74.54762039818306,299.0023013007341,-73.72388440822797,1.2898338564068907,0.0015412879589934139,S230518h,1359,1.2898338564068907
31798,84.84581497797357,-1.9823788546255436,85.25795911327191,-1.5703275957333651,85.25816432534377,-2.394327570210987,84.4334656306034,-2.394327570210987,84.43367084267527,-1.570327595733365,1.2875344265319202,0.001538540253495347,S230518h,31798,1.2875344265319202
19497,97.78846153846153,-24.185022026431714,98.23864798546539,-23.77235891711498,98.24156507041052,-24.5963546203592,97.33535800651258,-24.596354620359204,97.33827509145772,-23.77235891711498,1.2665106843802934,0.0015134179166375196,S230518h,19497,1.2665106843802934
34385,336.21145374449344,1.9823788546255565,336.6238030918636,2.394327570211,336.6235978797917,1.5703275957333775,335.7993096091951,1.5703275957333775,335.79910439712324,2.394327570211,1.2618684689670205,0.001507870697758134,S230518h,34385,1.2618684689670205
34382,333.83259911894277,1.9823788546255565,334.24494846631296,2.394327570211,334.2447432542411,1.5703275957333775,333.4204549836445,1.5703275957333775,333.4202497715726,2.394327570211,1.2616163878487812,0.0015075694732319656,S230518h,34382,1.2616163878487812
1239,318.34710743801656,-74.93392070484582,319.8905443216261,-74.51656193148142,319.97522651012576,-75.34026788245248,316.7189883659074,-75.34026788245248,316.80367055440706,-74.51656193148142,1.2614440068576644,0.0015073634864340166,S230518h,1239,1.2614440068576644
29086,87.80487804878048,-6.740088105726872,88.21939292333376,-6.327913192083609,88.2200980549919,-7.1519128945390875,87.3896580425691,-7.1519128945390875,87.39036317422723,-6.327913192083609,1.2576390119178549,0.0015028167048034766,S230518h,29086,1.2576390119178549
28487,329.6,-8.325991189427315,330.015950769235,-7.913774634311461,330.01682714958935,-8.737774178046251,329.18317285041064,-8.737774178046251,329.184049230765,-7.913774634311461,1.2564045651636848,0.001501341601704911,S230518h,28487,1.2564045651636848
20331,96.85714285714286,-22.599118942731273,97.30207582980087,-22.186504209500654,97.3047472845896,-23.010500518546078,96.40953842969616,-23.010500518546078,96.41220988448488,-22.186504209500654,1.240081127446901,0.0014818358972474826,S230518h,20331,1.240081127446901
29391,331.2638580931264,-6.740088105726872,331.67837296767965,-6.327913192083609,331.6790780993378,-7.1519128945390875,330.848638086915,-7.1519128945390875,330.8493432185731,-6.327913192083609,1.234336493413267,0.0014749713423895965,S230518h,29391,1.234336493413267
37103,338.4478935698448,6.740088105726872,338.86311357605615,7.1519128945390875,338.86240844439806,6.327913192083609,338.0333786952915,6.327913192083609,338.03267356363335,7.1519128945390875,1.2207354372055255,0.0014587187498107492,S230518h,37103,1.2207354372055255
15887,109.84615384615384,-31.3215859030837,110.32633665829766,-30.908688431840126,110.33055743931118,-31.732680543125166,109.36175025299653,-31.732680543125166,109.36597103401006,-30.908688431840126,1.2201804091813804,0.0014580555186463093,S230518h,15887,1.2201804091813804
35744,335.36423841059604,4.361233480176214,335.777661532507,4.7731204473116815,335.7772083308494,3.949120571219757,334.95126849034267,3.949120571219757,334.9508152886851,4.7731204473116815,1.2160145892882461,0.0014530775689602083,S230518h,35744,1.2160145892882461
474,95.69620253164558,-80.48458149779735,98.08457933321799,-80.06411137054322,98.2984112850577,-80.88735279819687,93.09399377823364,-80.88735279819687,93.30782573007332,-80.06411137054322,1.2151457683614242,0.0014520393707253114,S230518h,474,1.2151457683614242
3635,108.51674641148324,-63.039647577092516,109.41276295964744,-62.62477613751,109.43845665035761,-63.44869379522385,107.59503617260891,-63.44869379522385,107.6207298633191,-62.62477613751,1.2103417548460995,0.0014462988110794063,S230518h,3635,1.2103417548460995
39,196.36363636363635,-87.62114537444934,204.76444576108236,-87.17891333780612,208.19663242134524,-87.99048668489942,184.53064030592807,-87.99048668489942,187.96282696619076,-87.17891333780612,1.2048062296360829,0.0014396841309711709,S230518h,39,1.2048062296360829
4980,108.59504132231405,-58.281938325991185,109.36965196599945,-57.86756924693668,109.38788724162328,-58.69151347490754,107.80219540300487,-58.69151347490754,107.8204306786287,-57.86756924693668,1.196034774905462,0.0014292026743928617,S230518h,4980,1.196034774905462
11125,105.26315789473684,-41.629955947136565,105.810856920762,-41.2166477849728,105.81790248311918,-42.040630956822966,104.70841330635452,-42.040630956822966,104.71545886871169,-41.21664778497281,1.1896384226652286,0.0014215593483626273,S230518h,11125,1.1896384226652286
8855,116.91318327974278,-47.1806167400881,117.51466289820924,-46.767030511068754,117.5240706213492,-47.59100570076907,116.3022959381364,-47.59100570076907,116.31170366127635,-46.767030511068754,1.1836335275598273,0.001414383794336812,S230518h,8855,1.1836335275598273
32112,333.83259911894277,-1.9823788546255436,334.2447432542411,-1.570327595733365,334.24494846631296,-2.394327570210987,333.4202497715726,-2.394327570210987,333.4204549836445,-1.570327595733365,1.1824904260332527,0.001413017844288234,S230518h,32112,1.1824904260332527
13986,111.95710455764076,-35.2863436123348,112.4592764635973,-34.873300645065186,112.46441343137863,-35.697289976030866,111.44979568390293,-35.697289976030866,111.45493265168427,-34.873300645065186,1.1815329393682568,0.0014118736948612947,S230518h,13986,1.1815329393682568
48415,51.04477611940299,28.149779735682827,51.513848532596896,28.560984087764993,51.5102528231227,27.736990186852097,50.5792994156833,27.7369901868521,50.57570370620908,28.560984087764993,1.1705440701033567,0.001398742537079373,S230518h,48415,1.1705440701033567
18265,98.82352941176471,-26.563876651982373,99.2825026115903,-26.151138700674466,99.28581471463774,-26.97513337538425,98.3612441088917,-26.97513337538425,98.36455621193913,-26.151138700674466,1.1687678415554714,0.00139662003140961,S230518h,18265,1.1687678415554714
38455,339.9554565701559,9.118942731277542,340.373212296045,9.530704690151113,340.3722490438328,8.706705239019009,339.5386640964789,8.706705239019009,339.53770084426674,9.530704690151115,1.1586957054055014,0.0013845843245686245,S230518h,38455,1.1586957054055014
27587,328.6607142857143,-9.911894273127745,329.078432042836,-9.49963575478448,329.07948311810264,-10.323635104294688,328.241945453326,-10.323635104294688,328.2429965285926,-9.49963575478448,1.1586438475169334,0.0013845223569447856,S230518h,27587,1.1586438475169334
32715,91.98237885462555,-0.3964757709251011,92.39436821799312,0.015534478966544533,92.39440922111157,-0.8084655200133425,91.57034848813957,-0.8084655200133424,91.57038949125801,0.015534478966544533,1.1568044652672407,0.001382324385710463,S230518h,32715,1.1568044652672407
47606,53.8235294117647,26.563876651982397,54.285814714637745,26.975133375384278,54.28250261159031,26.151138700674494,53.36455621193914,26.151138700674494,53.361244108891704,26.97513337538428,1.1406008639827214,0.0013629618798899606,S230518h,47606,1.1406008639827214
28488,330.40000000000003,-8.325991189427315,330.8159507692351,-7.913774634311463,330.8168271495894,-8.737774178046251,329.9831728504107,-8.737774178046251,329.98404923076504,-7.913774634311463,1.1403104523097545,0.0013626148522379324,S230518h,28488,1.1403104523097545
37101,336.85144124168517,6.740088105726872,337.2666612478966,7.1519128945390875,337.26595611623844,6.327913192083608,336.43692636713195,6.327913192083608,336.4362212354738,7.1519128945390875,1.1348473705557056,0.0013560867384931371,S230518h,37101,1.1348473705557056
33476,335.4185022026432,0.3964757709251138,335.8305325691292,0.8084655200133553,335.8304915660108,-0.01553447896653181,335.0065128392756,-0.015534478966531807,335.0064718361572,0.8084655200133551,1.1346048985822406,0.0013557969964219094,S230518h,33476,1.1346048985822406
834,101.35922330097087,-77.31277533039648,103.17647251464126,-76.89440067984016,103.29630961147066,-77.71798023642799,99.42213699047117,-77.71798023642799,99.54197408730056,-76.89440067984016,1.1234949386806086,0.0013425211412904689,S230518h,834,1.1234949386806086
30296,332.1238938053097,-5.154185022026429,332.5372982694287,-4.742051494942333,332.53783490100307,-5.56605132161439,331.70995270961635,-5.56605132161439,331.71048934119074,-4.742051494942333,1.1211547546165987,0.0013397247365428571,S230518h,30296,1.1211547546165987
35290,334.5695364238411,3.568281938325999,334.98252186491993,3.9801895252945707,334.98215165604404,3.156189608135211,334.1569211916382,3.156189608135211,334.15655098276227,3.9801895252945707,1.1165863668403997,0.001334265738055189,S230518h,35290,1.1165863668403997
2243,304.7852760736196,-69.38325991189427,305.9332681647793,-68.96739668573589,305.9779974401309,-69.79124615397053,303.5925547071085,-69.79124615397053,303.63728398246,-68.96739668573589,1.1129940455852454,0.0013299730910077397,S230518h,2243,1.1129940455852454
16671,109.0909090909091,-29.735682819383257,109.56344343959455,-29.32284014850106,109.5673412832927,-30.146833197483723,108.61447689852551,-30.146833197483723,108.61837474222368,-29.32284014850106,1.1103553996989395,0.001326820039075966,S230518h,16671,1.1103553996989395
27588,329.4642857142857,-9.911894273127745,329.8820034714075,-9.49963575478448,329.8830545466741,-10.323635104294688,329.0455168818974,-10.323635104294688,329.04656795716403,-9.499635754784482,1.1103415255431108,0.001326803460142785,S230518h,27588,1.1103415255431108
36337,87.61061946902655,5.947136563876657,88.02515933247213,6.358982140090028,88.02453875194234,5.53498237126681,87.19670018611077,5.53498237126681,87.196079605581,6.358982140090028,1.0714602002241524,0.0012803421905411662,S230518h,36337,1.0714602002241524
890,297.0873786407767,-77.31277533039648,298.904627854447,-76.89440067984016,299.0244649512765,-77.71798023642799,295.150292330277,-77.71798023642799,295.2701294271064,-76.89440067984016,1.0706288269324686,0.0012793487403866862,S230518h,890,1.0706288269324686
279,144.0,-82.86343612334801,147.1331058920265,-82.44025599411538,147.514027504627,-83.26289593133454,140.48597249537318,-83.26289593133454,140.86689410797365,-82.44025599411538,1.067671484940568,0.0012758148622983565,S230518h,279,1.067671484940568
43851,73.00699300699301,19.4273127753304,73.44497660558028,19.838789009642724,73.44276065912753,19.014791659588916,72.57122535485853,19.014791659588916,72.56900940840576,19.838789009642724,1.0541766182820353,0.0012596891610030289,S230518h,43851,1.0541766182820353
2849,108.38709677419354,-66.21145374449338,109.39203003508074,-65.79614754145068,109.42535386726513,-66.62003790248761,107.348839681122,-66.62003790248761,107.3821635133064,-65.79614754145068,1.0490325928989825,0.001253542303914208,S230518h,2849,1.0490325928989825
30293,329.7345132743363,-5.154185022026429,330.14791773845525,-4.742051494942333,330.14845437002964,-5.56605132161439,329.320572178643,-5.566051321614391,329.3211088102173,-4.742051494942333,1.047824153030072,0.0012520982777631906,S230518h,30293,1.047824153030072
1290,104.88188976377953,-74.1409691629956,106.3520294079274,-73.72388440822797,106.42835380040242,-74.54762039818306,103.3354257271567,-74.54762039818306,103.41175011963172,-73.72388440822797,1.0436656264194204,0.001247129043190603,S230518h,1290,1.0436656264194204
36652,338.495575221239,5.947136563876657,338.9101150846846,6.358982140090028,338.9094945041548,5.5349823712668105,338.0816559383232,5.53498237126681,338.08103535779344,6.358982140090028,1.040159612474035,0.0012429395291293588,S230518h,36652,1.040159612474035
2489,106.97142857142856,-67.79735682819383,108.04272835577392,-67.38179061975698,108.08114608882993,-68.20566272627583,105.86171105402727,-68.20566272627583,105.90012878708328,-67.38179061975698,1.0168656252848962,0.0012151043612174377,S230518h,2489,1.0168656252848962
1695,106.75862068965519,-71.76211453744493,108.04675992854314,-71.3457156953099,108.10421597357534,-72.16951947469762,105.41302540573511,-72.16951947469762,105.47048145076732,-71.3457156953099,1.012265152617631,0.0012096070228645069,S230518h,1695,1.012265152617631
38453,338.3518930957684,9.118942731277542,338.7696488216575,9.530704690151115,338.7686855694453,8.706705239019009,337.9351006220914,8.706705239019009,337.9341373698793,9.530704690151115,1.0092248197450775,0.0012059739747594955,S230518h,38453,1.0092248197450775
38573,74.73214285714285,9.911894273127757,75.15091168953118,10.323635104294702,75.14986061426458,9.499635754784492,74.31442510002114,9.499635754784492,74.31337402475454,10.323635104294702,1.0064238790734152,0.0012026269885491057,S230518h,38573,1.0064238790734152
31200,330.5960264900662,-3.5682819383259865,331.00864172226915,-3.1561896081351986,331.00901193114504,-3.9801895252945587,330.1830410489874,-3.9801895252945587,330.1834112578633,-3.1561896081351986,0.9885642552311182,0.0011812856172991944,S230518h,31200,0.9885642552311182
35747,337.74834437086093,4.361233480176214,338.1617674927719,4.7731204473116815,338.1613142911143,3.949120571219757,337.33537445060756,3.949120571219757,337.33492124894997,4.7731204473116815,0.9865144346097929,0.0011788361825707976,S230518h,35747,0.9865144346097929
44279,72.50585480093677,20.22026431718063,72.94607856979133,20.63171726593044,72.94375279268137,19.807720156086273,72.0679568091922,19.807720156086273,72.06563103208224,20.631717265930444,0.981861557479043,0.0011732762234639106,S230518h,44279,0.981861557479043
34836,333.83259911894277,2.775330396475771,334.2452267499562,3.187258563601827,334.24493917759804,2.363258613664059,333.42025906028755,2.3632586136640596,333.4199714879294,3.187258563601827,0.9781458347177643,0.001168836117691784,S230518h,34836,0.9781458347177643
49209,45.45454545454546,29.735682819383257,45.930977646929065,30.146833197483716,45.9270798032309,29.322840148501058,44.98201110586003,29.322840148501058,44.97811326216187,30.146833197483716,0.9750650328041366,0.0011651547110750077,S230518h,49209,0.9750650328041366
40796,71.67420814479637,13.876651982378856,72.0993489383941,14.288285389890964,72.09784114731877,13.464286690031539,71.25057514227399,13.46428669003154,71.24906735119865,14.288285389890966,0.9661272779809094,0.0011544745340731025,S230518h,40796,0.9661272779809094
46787,56.65859564164649,24.977973568281943,57.11463180457654,25.389281207531063,57.11158679597198,24.565285830496286,56.20560448732103,24.565285830496283,56.20255947871646,25.389281207531063,0.9626480254972942,0.0011503169986411886,S230518h,46787,0.9626480254972942
8245,118.0132450331126,-48.76651982378854,118.63321213392861,-48.352843534885146,118.64346864789,-49.176815802767905,117.38302141833525,-49.176815802767905,117.39327793229664,-48.352843534885146,0.9585199309602079,0.0011453841288983197,S230518h,8245,0.9585199309602079
47616,62.64705882352941,26.563876651982397,63.10934412640244,26.975133375384274,63.106032023355006,26.151138700674494,62.18808562370384,26.151138700674494,62.1847735206564,26.975133375384278,0.9470321478383634,0.0011316567936192237,S230518h,47616,0.9470321478383634
30750,332.98013245033115,-4.361233480176201,333.39310237058453,-3.949120571219744,333.3935555722421,-4.773120447311668,332.5667093284202,-4.773120447311667,332.5671625300778,-3.949120571219744,0.9434927737226897,0.0011274274157968291,S230518h,30750,0.9434927737226897
18275,107.6470588235294,-26.563876651982373,108.10603202335501,-26.151138700674466,108.10934412640245,-26.975133375384253,107.18477352065639,-26.97513337538425,107.18808562370384,-26.151138700674466,0.9377857372480303,0.0011206077881709639,S230518h,18275,0.9377857372480303
39477,82.33183856502242,11.4977973568282,82.75289131690234,11.909495603172166,82.75166136941162,11.085496484628674,81.91201576063324,11.085496484628674,81.91078581314251,11.909495603172166,0.9325709856097295,0.0011143764166890243,S230518h,39477,0.9325709856097295
1554,106.18705035971223,-72.55506607929516,107.53038134006643,-72.13845826697556,107.59327758306631,-72.96224250578142,104.78082313635824,-72.96224250578142,104.84371937935812,-72.13845826697556,0.9171382191610694,0.0010959350205486413,S230518h,1554,0.9171382191610694
41237,71.18181818181817,14.669603524229084,71.60850369546496,15.08121502407063,71.6069003326,14.257216483938365,70.75673603103638,14.257216483938365,70.75513266817143,15.08121502407063,0.9166632933181015,0.0010953675075472222,S230518h,41237,0.9166632933181015
33018,332.2466960352423,-0.3964757709251011,332.65868539860986,0.01553447896654453,332.6587264017283,-0.8084655200133425,331.83466566875626,-0.8084655200133425,331.8347066718747,0.01553447896654453,0.8767085418129648,0.0010476235464986338,S230518h,33018,0.8767085418129648
223,146.66666666666666,-83.65638766519824,150.16464730197728,-83.23188432017895,150.64701182099992,-84.05415885427023,142.68632151233362,-84.05415885427023,143.16868603135623,-83.23188432017895,0.8731890790129682,0.0010434179617182257,S230518h,223,0.8731890790129682
34840,337.0044052863436,2.775330396475771,337.41703291735706,3.1872585636018265,337.4167453449989,2.363258613664059,336.5920652276884,2.363258613664059,336.59177765533025,3.1872585636018265,0.8659132448601792,0.0010347236980999901,S230518h,34840,0.8659132448601792
36200,338.495575221239,5.154185022026442,338.90951631693235,5.566051321614405,338.90897968535796,4.742051494942348,338.08217075712,4.742051494942347,338.08163412554563,5.566051321614404,0.8651768696835572,0.0010338437660161862,S230518h,36200,0.8651768696835572
36325,78.05309734513276,5.947136563876657,78.46763720857832,6.358982140090028,78.46701662804854,5.53498237126681,77.63917806221698,5.534982371266809,77.6385574816872,6.358982140090028,0.8563971025061318,0.001023352376473173,S230518h,36325,0.8563971025061318
43842,65.45454545454545,19.4273127753304,65.89252905313272,19.838789009642724,65.89031310667997,19.014791659588916,65.01877780241097,19.014791659588916,65.01656185595822,19.838789009642724,0.8508260219544895,0.0010166952094821094,S230518h,43842,0.8508260219544895
49208,44.54545454545455,29.735682819383257,45.021886737838166,30.146833197483716,45.017988894140004,29.322840148501058,44.07292019676913,29.322840148501058,44.06902235307096,30.146833197483716,0.8506657824861569,0.0010165037312061516,S230518h,49208,0.8506657824861569
2247,313.6196319018405,-69.38325991189427,314.76762399300014,-68.96739668573589,314.8123532683517,-69.79124615397053,312.42691053532934,-69.79124615397053,312.47163981068087,-68.96739668573589,0.8392693291565004,0.0010028855305324917,S230518h,2247,0.8392693291565004
48812,46.9172932330827,28.942731277533056,47.389971623598036,29.353908852689102,47.3862272986209,28.52991536752204,46.448359167544524,28.52991536752204,46.4446148425674,29.353908852689102,0.8392158161278779,0.0010028215850977711,S230518h,48812,0.8392158161278779
13616,112.1951219512195,-36.07929515418502,112.70223332067741,-35.666221432287486,112.70757539154744,-36.490210121359844,111.68266851089162,-36.490210121359844,111.68801058176163,-35.666221432287486,0.8342169430184089,0.0009968481778299362,S230518h,13616,0.8342169430184089
24629,92.45454545454545,-14.669603524229071,92.87962760532727,-14.257216483938356,92.88123096819223,-15.081215024070618,92.02785994089871,-15.081215024070618,92.02946330376365,-14.257216483938356,0.8210278703322554,0.0009810878852771529,S230518h,24629,0.8210278703322554
32262,92.77533039647577,-1.1894273127753288,93.18735767067575,-0.7773965622341366,93.18748071930865,-1.6013965530507746,92.36318007364292,-1.6013965530507743,92.36330312227581,-0.7773965622341364,0.8187612949953885,0.0009783794393346682,S230518h,32262,0.8187612949953885
49221,56.36363636363637,29.735682819383257,56.84006855601998,30.146833197483723,56.83617071232182,29.322840148501058,55.89110201495093,29.32284014850106,55.887204171252776,30.146833197483723,0.8009538031221,0.0009571003632212294,S230518h,49221,0.8009538031221
39910,72.16216216216216,12.290748898678414,72.58448801652132,12.702425669697472,72.58316682691405,11.878426680871907,71.74115749741028,11.878426680871907,71.73983630780303,12.702425669697472,0.7904229136967732,0.0009445164688009336,S230518h,39910,0.7904229136967732
8236,107.28476821192054,-48.76651982378854,107.90473531273653,-48.352843534885146,107.91499182669793,-49.176815802767905,106.65454459714319,-49.17681580276791,106.66480111110457,-48.352843534885146,0.703279647330481,0.0008403845556164873,S230518h,8236,0.703279647330481
35293,336.953642384106,3.568281938325999,337.36662782518476,3.9801895252945707,337.36625761630887,3.1561896081352105,336.5410271519031,3.1561896081352105,336.54065694302716,3.9801895252945707,0.6770285984438924,0.0008090158445543062,S230518h,35293,0.6770285984438924
341,141.8181818181818,-82.0704845814978,144.65577799634747,-81.64837791299924,144.9641361417018,-82.47127912354311,138.67222749466197,-82.47127912354311,138.9805856400163,-81.64837791299924,0.6649482181681194,0.0007945803848502335,S230518h,341,0.6649482181681194
2081,304.96815286624206,-70.17621145374449,306.15912005958603,-69.76018311462354,306.20758709001063,-70.58401916889026,303.72871864247355,-70.58401916889026,303.77718567289816,-69.76018311462354,0.6347383282694287,0.0007584810536750714,S230518h,2081,0.6347383282694287
20751,96.17021276595744,-21.80616740088106,96.61269085179654,-21.393576443810286,96.61524422048826,-22.217573033637223,95.72518131142665,-22.21757303363722,95.72773468011836,-21.393576443810286,0.613034692266756,0.0007325462771368886,S230518h,20751,0.613034692266756
49210,46.36363636363637,29.735682819383257,46.84006855601998,30.146833197483716,46.8361707123218,29.322840148501058,45.89110201495094,29.322840148501058,45.887204171252776,30.146833197483723,0.5993907195930285,0.0007162424014939952,S230518h,49210,0.5993907195930285
29841,329.7345132743363,-5.947136563876644,330.1484325572521,-5.534982371266796,330.14905313778183,-6.358982140090014,329.3199734108907,-6.358982140090014,329.32059399142054,-5.534982371266797,0.5957726853320893,0.0007119190286705018,S230518h,29841,0.5957726853320893
439,290.0,-81.27753303964757,292.59344440910303,-80.85631496766386,292.84811268417525,-81.67940943737075,287.1518873158249,-81.67940943737075,287.40655559089714,-80.85631496766386,0.574862604780009,0.0006869325118284932,S230518h,439,0.574862604780009
28486,328.8,-8.325991189427315,329.215950769235,-7.913774634311461,329.21682714958934,-8.737774178046251,328.38317285041063,-8.737774178046251,328.384049230765,-7.913774634311461,0.5747807052934841,0.0006868346459740644,S230518h,28486,0.5747807052934841
40354,72.32505643340859,13.083700440528641,72.7487445051355,13.495355601811855,72.74733073579152,12.671356752470958,71.90278213102567,12.67135675247096,71.90136836168169,13.495355601811857,0.5723169817689607,0.0006838906176530721,S230518h,40354,0.5723169817689607
5232,120.97165991902833,-57.48898678414097,121.72964238218573,-57.074688612831366,121.74694000661403,-57.89863616625649,120.19637983144266,-57.89863616625647,120.21367745587095,-57.074688612831366,0.5615914869538362,0.0006710741793725259,S230518h,5232,0.5615914869538362
26692,328.52017937219733,-11.497797356828187,328.9400021765865,-11.085496484628662,328.94123212407726,-11.909495603172155,328.0991266203174,-11.909495603172155,328.10035656780815,-11.085496484628662,0.5615881446159109,0.0006710701854432508,S230518h,26692,0.5615881446159109
29844,332.1238938053097,-5.947136563876644,332.5378130882255,-5.534982371266797,332.5384336687553,-6.358982140090014,331.70935394186415,-6.358982140090014,331.7099745223939,-5.534982371266797,0.5601508341950502,0.0006693526702501082,S230518h,29844,0.5601508341950502
27140,329.3959731543624,-10.704845814977972,329.8147006875355,-10.29256617293174,329.81584062954187,-11.116565411638506,328.97610567918304,-11.116565411638508,328.9772456211894,-10.29256617293174,0.5569947171072169,0.0006655812657079746,S230518h,27140,0.5569947171072169
27139,328.59060402684565,-10.704845814977972,329.0093315600187,-10.29256617293174,329.0104715020251,-11.116565411638508,328.17073655166627,-11.116565411638508,328.17187649367264,-10.292566172931743,0.5569947171072169,0.0006655812657079746,S230518h,27139,0.5569947171072169
