#id,ra,dec,ra1,dec1,ra2,dec2,ra3,dec3,ra4,dec4,sum_p3d,nor_sum_p3d,obj,note,weight
13985,97.33333333333334,-15.283018867924524,98.04448353085131,-14.824394260728182,98.04759356442366,-15.739389342596445,96.61907310224301,-15.739389342596445,96.62218313581539,-14.824394260728182,1114.2280051277414,1.0,S230518h,13985,1114.2280051277414
13716,97.69516728624535,-16.132075471698105,98.40919615945921,-15.673385202064159,98.41250194505612,-16.58837969145113,96.9778326274346,-16.58837969145113,96.98113841303149,-15.673385202064159,1098.1504192376162,0.9855706499781596,S230518h,13716,1098.1504192376162
13448,98.05970149253731,-16.9811320754717,98.77679053209583,-16.522375595057774,98.78029606440059,-17.437369452738842,97.33910692067406,-17.437369452738842,97.34261245297881,-16.522375595057774,1097.7541604215837,0.9852150146735281,S230518h,13448,1097.7541604215837
14255,96.97416974169742,-14.433962264150942,97.68261931105273,-13.975402806323313,97.6855373138685,-14.890398442613018,96.26280216952635,-14.890398442613018,96.26572017234211,-13.975402806323313,1076.1720076788824,0.9658454129013783,S230518h,14255,1076.1720076788824
14526,96.61764705882354,-13.58490566037736,97.32357084727253,-13.126410873126575,97.32630027845647,-14.041407026855122,95.9089938391906,-14.041407026855124,95.91172327037454,-13.126410873126577,1043.2861585441644,0.9363309428078468,S230518h,14526,1043.2861585441644
13181,98.42696629213484,-17.83018867924528,99.14730068506495,-17.37136540335807,99.15101024444374,-18.286358588851233,97.70292233982593,-18.286358588851236,97.70663189920474,-17.37136540335807,1039.283454443307,0.9327385864118157,S230518h,13181,1039.283454443307
15895,93.91304347826087,-9.339622641509429,94.6088649208934,-8.881445164577427,94.61069488249794,-9.796443382880847,93.21539207402382,-9.796443382880847,93.21722203562837,-8.881445164577427,1028.0383510084016,0.9226463042369335,S230518h,15895,1028.0383510084016
14798,96.26373626373626,-12.735849056603767,96.9673061515331,-12.277418494495377,96.96985021840958,-13.192415129674442,95.55762230906296,-13.192415129674442,95.56016637593945,-12.277418494495375,1011.3547348407204,0.907673052720276,S230518h,14798,1011.3547348407204
16171,93.5740072202166,-8.49056603773585,94.26829725106847,-8.032451031867678,94.26995441191536,-8.94744956396248,92.87806002851785,-8.94744956396248,92.87971718936473,-8.032451031867678,964.7643139343422,0.8658589709596611,S230518h,16171,964.7643139343422
15619,93.91304347826087,-10.18867924528301,94.61055659604064,-9.730439007282735,94.61256143317381,-10.645436879666907,93.21352552334795,-10.645436879666907,93.21553036048111,-9.730439007282735,934.9586452607484,0.8391089085519435,S230518h,15619,934.9586452607484
15071,95.91240875912409,-11.886792452830186,96.61379388403674,-11.428425702940485,96.61615555160235,-12.343422784497243,95.20866196664585,-12.343422784497243,95.21102363421146,-11.428425702940487,895.1043273487215,0.8033403605271092,S230518h,15071,895.1043273487215
12915,98.79699248120302,-18.679245283018858,99.52076137551752,-18.220354589450892,99.5246795413547,-19.135347060918647,98.06930542105135,-19.135347060918647,98.07322358688853,-18.220354589450892,874.1971729392704,0.7845765578644269,S230518h,12915,874.1971729392704
12651,99.54545454545455,-19.528301886792452,100.27285132709272,-19.069343114568056,100.27698299227441,-19.984334828713234,98.8139260986347,-19.984334828713234,98.81805776381637,-19.06934311456806,868.0657013479773,0.7790736701582521,S230518h,12651,868.0657013479773
15345,95.56363636363636,-11.037735849056604,96.26300333746015,-10.579432530195424,96.26518533703951,-11.494430023897557,94.86208739023321,-11.494430023897557,94.86426938981259,-10.579432530195424,825.4329579180328,0.740811534191694,S230518h,15345,825.4329579180328
15344,94.25454545454546,-11.037735849056604,94.95391242836925,-10.579432530195424,94.95609442794861,-11.494430023897557,93.55299648114233,-11.494430023897555,93.5551784807217,-10.579432530195424,815.1855060970105,0.7316146267599449,S230518h,15344,815.1855060970105
12388,99.92395437262357,-20.377358490566035,100.65517695578721,-19.91833093859087,100.6595273424221,-20.8333218505458,99.18838140282506,-20.8333218505458,99.19273178945994,-19.91833093859087,799.2983494263398,0.7173561836068765,S230518h,12388,799.2983494263398
15620,95.21739130434781,-10.18867924528301,95.91490442212758,-9.730439007282735,95.91690925926075,-10.645436879666907,94.5178733494349,-10.645436879666905,94.51987818656805,-9.730439007282735,741.0886640853018,0.6651140167674562,S230518h,15620,741.0886640853018
15070,94.59854014598541,-11.886792452830186,95.29992527089806,-11.428425702940487,95.30228693846365,-12.343422784497239,93.89479335350715,-12.343422784497239,93.89715502107278,-11.428425702940485,694.646688261259,0.6234331618523812,S230518h,15070,694.646688261259
16448,93.5740072202166,-7.641509433962255,94.26692437636146,-7.183456638413367,94.2684106048991,-8.09845545274348,92.8796038355341,-8.09845545274348,92.88109006407174,-7.183456638413367,693.7851660874643,0.6226599608828938,S230518h,16448,693.7851660874643
16447,92.27436823104694,-7.641509433962255,92.9672853871918,-7.183456638413367,92.96877161572944,-8.098455452743478,91.57996484636443,-8.098455452743478,91.58145107490208,-7.183456638413367,690.6278997643576,0.6198263699943353,S230518h,16447,690.6278997643576
16724,91.94244604316546,-6.792452830188674,92.63414732181509,-6.334462013002484,92.63546428537268,-7.249461078522781,91.24942780095826,-7.249461078522781,91.25074476451584,-6.334462013002485,672.860044685217,0.603880033160786,S230518h,16724,672.860044685217
14797,94.94505494505493,-12.735849056603767,95.64862483285177,-12.277418494495377,95.65116889972823,-13.192415129674442,94.23894099038164,-13.19241512967444,94.24148505725812,-12.277418494495375,632.5295135169778,0.5676840921301929,S230518h,14797,632.5295135169778
14525,95.29411764705883,-13.58490566037736,96.00004143550784,-13.126410873126577,96.00277086669176,-14.041407026855126,94.5854644274259,-14.041407026855124,94.58819385860983,-13.126410873126577,565.8724588150259,0.5078605601464407,S230518h,14525,565.8724588150259
12127,100.68965517241381,-21.226415094339615,101.42490630444306,-20.76731801994763,101.42948098091868,-21.682308083156066,99.94982936390893,-21.682308083156066,99.95440404038455,-20.767318019947634,535.5228296366342,0.4806223027711809,S230518h,12127,535.5228296366342
16725,93.23741007194245,-6.792452830188674,93.92911135059208,-6.334462013002484,93.93042831414967,-7.249461078522783,92.54439182973525,-7.249461078522781,92.54570879329283,-6.334462013002483,478.8660036551068,0.42977379984288483,S230518h,16725,478.8660036551068
17002,91.94244604316546,-5.943396226415093,92.63308708384487,-5.485467184005646,92.63423625324211,-6.400466470123058,91.25065583308883,-6.4004664701230585,91.25180500248607,-5.485467184005647,452.0655883829089,0.4057208994052178,S230518h,17002,452.0655883829089
14254,95.64575645756457,-14.433962264150942,96.35420602691988,-13.975402806323313,96.35712402973564,-14.890398442613018,94.9343888853935,-14.890398442613018,94.93730688820926,-13.975402806323313,450.9789917948358,0.4047456981151116,S230518h,14254,450.9789917948358
13182,99.7752808988764,-17.83018867924528,100.49561529180652,-17.371365403358066,100.4993248511853,-18.28635858885123,99.05123694656751,-18.28635858885123,99.05494650594629,-17.371365403358066,416.1367987350735,0.373475443822977,S230518h,13182,416.1367987350735
13984,96.00000000000001,-15.283018867924524,96.71115019751798,-14.824394260728182,96.71426023109035,-15.739389342596443,95.28573976890969,-15.73938934259644,95.28884980248205,-14.824394260728182,373.75163694413084,0.33543550801461125,S230518h,13984,373.75163694413084
13449,99.40298507462687,-16.9811320754717,100.12007411418539,-16.522375595057774,100.12357964649013,-17.43736945273884,98.6823905027636,-17.43736945273884,98.68589603506835,-16.522375595057774,365.46745034805633,0.3280005965261635,S230518h,13449,365.46745034805633
16170,92.27436823104694,-8.49056603773585,92.96865826189881,-8.032451031867678,92.9703154227457,-8.947449563962477,91.57842103934817,-8.94744956396248,91.58007820019506,-8.03245103186768,353.6724792968777,0.3174148178552833,S230518h,16170,353.6724792968777
13717,99.03345724907062,-16.132075471698105,99.74748612228449,-15.673385202064155,99.75079190788138,-16.58837969145113,98.31612259025987,-16.58837969145113,98.31942837585676,-15.673385202064155,342.8122006231703,0.30766790912230607,S230518h,13717,342.8122006231703
11867,101.07692307692307,-22.07547169811321,101.81641065894763,-21.616304315504323,101.82121555843113,-22.531293481595387,100.332630595415,-22.531293481595384,100.33743549489851,-21.616304315504323,340.9874941320126,0.3060302672009396,S230518h,11867,340.9874941320126
13715,96.35687732342008,-16.132075471698105,97.07090619663394,-15.673385202064159,97.07421198223084,-16.58837969145113,95.63954266460932,-16.58837969145113,95.64284845020622,-15.673385202064159,340.407720976021,0.3055099310100312,S230518h,13715,340.407720976021
12126,99.3103448275862,-21.226415094339615,100.04559595961547,-20.767318019947634,100.05017063609108,-21.682308083156066,98.57051901908133,-21.682308083156066,98.57509369555696,-20.767318019947634,331.27200406398555,0.2973107860684283,S230518h,12126,331.27200406398555
12916,100.15037593984962,-18.679245283018858,100.87414483416413,-18.220354589450892,100.87806300000129,-19.135347060918644,99.42268887969796,-19.135347060918647,99.42660704553514,-18.220354589450892,316.65200769189266,0.2841895969538029,S230518h,12916,316.65200769189266
15896,95.21739130434781,-9.339622641509429,95.91321274698034,-8.881445164577427,95.91504270858488,-9.796443382880847,94.51973990011076,-9.796443382880847,94.5215698617153,-8.881445164577427,300.34556904935846,0.2695548556194521,S230518h,15896,300.34556904935846
17280,91.61290322580646,-5.094339622641511,92.30263848880044,-4.6364721794291,92.30362114238773,-5.551471655945463,90.9221853092252,-5.551471655945463,90.92316796281249,-4.6364721794291,296.5515868261512,0.2661498234305759,S230518h,17280,296.5515868261512
12650,98.18181818181817,-19.528301886792452,98.90921496345635,-19.069343114568056,98.91334662863804,-19.984334828713234,97.45028973499832,-19.98433482871323,97.45442140018001,-19.069343114568056,295.9101956101407,0.2655741861166161,S230518h,12650,295.9101956101407
13986,98.66666666666667,-15.283018867924524,99.37781686418464,-14.824394260728182,99.380926897757,-15.739389342596443,97.95240643557634,-15.739389342596443,97.95551646914872,-14.824394260728182,293.1807309563245,0.26312453968764915,S230518h,13986,293.1807309563245
11866,99.6923076923077,-22.07547169811321,100.43179527433226,-21.616304315504323,100.43660017381576,-22.531293481595387,98.94801521079962,-22.531293481595387,98.95282011028313,-21.616304315504323,292.8250430749222,0.26280531608191904,S230518h,11866,292.8250430749222
15894,92.60869565217392,-9.339622641509429,93.30451709480644,-8.881445164577427,93.30634705641098,-9.796443382880847,91.91104424793687,-9.796443382880847,91.91287420954141,-8.881445164577427,282.03354862458275,0.2531201399773189,S230518h,15894,282.03354862458275
11608,100.46511627906976,-22.92452830188679,101.20905370377129,-22.465289780447886,101.21409514427492,-23.38027799910132,99.71613741386463,-23.38027799910132,99.72117885436823,-22.46528978044789,281.1447610537177,0.2523224687944238,S230518h,11608,281.1447610537177
11351,100.85603112840467,-23.77358490566037,101.60463763633777,-23.314274368161644,101.60992234248253,-24.229261586963453,100.10213991432681,-24.229261586963453,100.10742462047158,-23.314274368161644,274.0942547178736,0.24599476359997777,S230518h,11351,274.0942547178736
13447,96.71641791044776,-16.9811320754717,97.43350695000628,-16.522375595057774,97.43701248231103,-17.437369452738842,95.9958233385845,-17.43736945273884,95.99932887088926,-16.522375595057774,273.9886081780829,0.2458999476921883,S230518h,13447,273.9886081780829
17279,90.3225806451613,-5.094339622641511,91.01231590815527,-4.636472179429101,91.01329856174256,-5.551471655945463,89.63186272858003,-5.551471655945462,89.63284538216732,-4.6364721794291,272.41133984069785,0.24448437715354954,S230518h,17279,272.41133984069785
11609,101.86046511627906,-22.92452830188679,102.60440254098059,-22.46528978044789,102.60944398148422,-23.38027799910132,101.11148625107391,-23.38027799910132,101.11652769157753,-22.465289780447893,266.4963452927259,0.2391757737790599,S230518h,11609,266.4963452927259
17558,90.3225806451613,-4.245283018867918,91.01156358674098,-3.7874770269662488,91.01238081389086,-4.702476664022691,89.63278047643173,-4.70247666402269,89.63359770358161,-3.787477026966248,263.7242323297877,0.23668785124419203,S230518h,17558,263.7242323297877
11352,102.25680933852139,-23.77358490566037,103.0054158464545,-23.314274368161644,103.01070055259926,-24.229261586963453,101.50291812444354,-24.229261586963453,101.5082028305883,-23.314274368161644,261.4234994710986,0.23462298404636447,S230518h,11352,261.4234994710986
10591,102.85714285714286,-26.320754716981128,103.62113631645515,-25.861222371828283,103.62719559972274,-26.77620625326197,102.08709011456297,-26.776206253261968,102.09314939783056,-25.86122237182828,259.20904602232815,0.23263555109854822,S230518h,10591,259.20904602232815
17837,90.3225806451613,-3.396226415094337,91.01096389008266,-2.9384817540480896,91.01161659415037,-3.8534815220706875,89.63354469617222,-3.8534815220706866,89.63419740023994,-2.938481754048089,257.7641081365818,0.23133874480836644,S230518h,17837,257.7641081365818
12387,98.5551330798479,-20.377358490566035,99.28635566301155,-19.918330938590877,99.29070604964642,-20.8333218505458,97.8195601100494,-20.8333218505458,97.82391049668428,-19.918330938590874,254.54781397291492,0.22845217747307664,S230518h,12387,254.54781397291492
18116,90.3225806451613,-2.5471698113207557,91.01051615691381,-2.089486387892505,91.01100505768188,-3.0044862575390323,89.6341562326407,-3.004486257539032,89.63464513340878,-2.0894863878925047,249.70694931141264,0.2241075867436888,S230518h,18116,249.70694931141264
10092,103.06451612903226,-28.0188679245283,103.83998896473211,-27.559182372764482,103.84660687018823,-28.474163721306052,102.2824253878763,-28.474163721306052,102.28904329333243,-27.559182372764482,248.271582725794,0.22281937052670897,S230518h,10092,248.271582725794
14256,98.30258302583027,-14.433962264150942,99.0110325951856,-13.975402806323315,99.01395059800134,-14.890398442613021,97.59121545365922,-14.890398442613021,97.59413345647496,-13.975402806323315,248.03025588299735,0.22260278393789049,S230518h,14256,248.03025588299735
9846,103.90243902439023,-28.867924528301884,104.68404191065646,-28.40816059901167,104.6909534418653,-29.32314057970997,103.11392460691516,-29.32314057970997,103.12083613812402,-28.408160599011673,244.84005915593593,0.21973963859207263,S230518h,9846,244.84005915593593
11096,101.6470588235294,-24.622641509433965,102.40055987957174,-24.163258030091654,102.4060950061971,-25.07824419437932,100.8880226408617,-25.07824419437932,100.89355776748705,-24.163258030091654,244.53284955851254,0.21946392339194337,S230518h,11096,244.53284955851254
18115,89.03225806451613,-2.5471698113207557,89.72019357626866,-2.0894863878925043,89.72068247703672,-3.004486257539032,88.34383365199555,-3.0044862575390323,88.34432255276361,-2.0894863878925047,241.90897253441125,0.21710904000001097,S230518h,18115,241.90897253441125
18394,88.71428571428571,-1.698113207547162,89.40192496355789,-1.2404909555528811,89.40225059917735,-2.1554908976604223,88.02632082939408,-2.1554908976604223,88.02664646501353,-1.2404909555528811,240.49399824870414,0.21583912551285456,S230518h,18394,240.49399824870414
10341,103.68,-27.169811320754707,104.44960585135611,-26.710202943497556,104.45593986828868,-27.62518559121119,102.90406013171136,-27.625185591211185,102.91039414864393,-26.710202943497553,240.35323355816206,0.21571279168360752,S230518h,10341,240.35323355816206
9602,104.75409836065573,-29.716981132075464,105.54210337663459,-29.257137558643326,105.54931889203655,-30.17211609936472,103.95887782927493,-30.17211609936473,103.96609334467688,-29.257137558643333,238.92053006754745,0.21442696554746551,S230518h,9602,238.92053006754745
10843,102.45059288537549,-25.471698113207545,103.20922057701411,-25.012240715603443,103.21501373479735,-25.927225768299653,101.68617203595362,-25.92722576829965,101.69196519373686,-25.01224071560344,237.53452837034104,0.21318305344794194,S230518h,10843,237.53452837034104
18953,87.42857142857143,0.0,88.11607142857143,0.4575000000000001,88.11607142857143,-0.4575000000000001,86.74107142857143,-0.4575000000000001,86.74107142857143,0.4575000000000001,237.23576105243092,0.21291491504490848,S230518h,18953,237.23576105243092
16172,94.8736462093863,-8.49056603773585,95.56793624023818,-8.03245103186768,95.56959340108506,-8.94744956396248,94.17769901768754,-8.94744956396248,94.17935617853442,-8.03245103186768,236.95154864698162,0.21265983941932617,S230518h,16172,236.95154864698162
13180,97.07865168539325,-17.83018867924528,97.79898607832337,-17.37136540335807,97.80269563770214,-18.28635858885123,96.35460773308435,-18.286358588851233,96.35831729246314,-17.371365403358073,230.3461059066631,0.20673157095908293,S230518h,13180,230.3461059066631
17559,91.61290322580646,-4.245283018867918,92.30188616738614,-3.7874770269662488,92.30270339453602,-4.702476664022691,90.92310305707689,-4.702476664022691,90.92392028422678,-3.7874770269662488,228.9796576642312,0.2055052077406542,S230518h,17559,228.9796576642312
17001,90.64748201438849,-5.943396226415093,91.3381230550679,-5.485467184005646,91.33927222446513,-6.400466470123058,89.95569180431185,-6.400466470123058,89.95684097370908,-5.485467184005647,227.45498099151132,0.2041368372942974,S230518h,17001,227.45498099151132
10340,102.24,-27.169811320754707,103.0096058513561,-26.710202943497553,103.01593986828867,-27.625185591211185,101.46406013171134,-27.625185591211185,101.4703941486439,-26.710202943497553,226.26213431731932,0.20306627842420757,S230518h,10340,226.26213431731932
18674,88.71428571428571,-0.849056603773581,89.4017798461053,-0.39149548396610345,89.4019425745431,-1.3064954694993454,88.02662885402833,-1.3064954694993454,88.02679158246613,-0.39149548396610345,225.95889967282233,0.2027941306742843,S230518h,18674,225.95889967282233
776,117.0,-73.86792452830188,119.40655587391609,-73.39655303540636,119.54303861737472,-74.31076612063245,114.4569613826253,-74.31076612063245,114.59344412608391,-73.39655303540636,221.46107093786577,0.19875740864409186,S230518h,776,221.46107093786577
372,115.71428571428571,-78.9622641509434,119.1599795548511,-78.48446823005999,119.4533436463476,-79.39773913471271,111.97522778222383,-79.39773913471271,112.26859187372033,-78.48446823005999,216.57729124002708,0.1943743024258284,S230518h,372,216.57729124002708
556,116.47058823529412,-76.41509433962264,119.30173710357548,-75.94108089228301,119.49490468375875,-76.85495372502506,113.44627178682948,-76.85495372502506,113.63943936701276,-75.94108089228301,212.4634059977991,0.19068216291461915,S230518h,556,212.4634059977991
10093,104.51612903225806,-28.0188679245283,105.2916018679579,-27.55918237276448,105.29821977341403,-28.474163721306052,103.7340382911021,-28.474163721306056,103.7406561965582,-27.559182372764482,210.7982125866202,0.18918768117164053,S230518h,10093,210.7982125866202
18954,88.71428571428571,0.0,89.40178571428571,0.4575000000000001,89.40178571428571,-0.4575000000000001,88.02678571428572,-0.4575000000000001,88.02678571428572,0.4575000000000001,210.0726345917583,0.18853648770717657,S230518h,18954,210.0726345917583
113,116.12903225806453,-84.05660377358491,122.27222853342478,-83.5624109828508,123.28314654868734,-84.47135848394804,108.97491796744171,-84.47135848394804,109.98583598270427,-83.5624109828508,210.06019906562767,0.18852532704160957,S230518h,113,210.06019906562767
319,117.6923076923077,-79.81132075471697,121.40851186258121,-79.33186951589033,121.75300180728864,-80.24483309344546,113.63161357732675,-80.24483309344546,113.9761035220342,-79.33186951589033,207.46849076295754,0.18619931451029376,S230518h,319,207.46849076295754
491,118.125,-77.26415094339622,121.1344789328879,-76.78903594165526,121.3544784909851,-77.70274763531974,114.89552150901493,-77.70274763531974,115.11552106711211,-76.78903594165526,206.8467497360669,0.18564131289479913,S230518h,491,206.8467497360669
1032,117.3913043478261,-71.32075471698113,119.48756166207428,-70.85133948025174,119.58889033201498,-71.7657634060181,115.1937183636372,-71.7657634060181,115.29504703357789,-70.85133948025174,206.82499181302103,0.18562178554227726,S230518h,1032,206.82499181302103
2,51.42857142857143,-89.15094339622642,79.18340200529899,-88.52361237902466,111.76812440884592,-89.20885555083653,351.08901844829694,-89.20885555083653,23.67374085184386,-88.52361237902466,206.7173448071306,0.18552517425141485,S230518h,2,206.7173448071306
224,114.54545454545455,-81.50943396226415,118.95688108203372,-81.02574501336248,119.45320592306028,-81.93779521133476,109.6377031678488,-81.93779521133476,110.13402800887538,-81.02574501336248,206.423495983135,0.18526145010999742,S230518h,224,206.423495983135
19233,87.42857142857143,0.8490566037735938,88.11622828882882,1.3064954694993582,88.11606556039102,0.3914954839661163,86.74107729675184,0.3914954839661163,86.74091456831404,1.3064954694993582,205.4358498618274,0.1843750551201368,S230518h,19233,205.4358498618274
857,115.71428571428571,-73.01886792452831,118.00717581171466,-72.54820988239366,118.13017474875828,-73.46250385953338,113.29839667981315,-73.46250385953338,113.42139561685677,-72.54820988239366,205.09529388176475,0.1840694121292091,S230518h,857,205.09529388176475
9601,103.27868852459017,-29.716981132075464,104.06669354056902,-29.257137558643333,104.07390905597099,-30.17211609936473,102.48346799320936,-30.17211609936473,102.49068350861131,-29.257137558643333,204.952207578924,0.1839409946938348,S230518h,9601,204.952207578924
12652,100.9090909090909,-19.528301886792452,101.63648769072908,-19.06934311456806,101.64061935591077,-19.984334828713234,100.17756246227104,-19.984334828713234,100.18169412745273,-19.06934311456806,204.34066246557046,0.18339214373107027,S230518h,12652,204.34066246557046
15618,92.60869565217392,-10.18867924528301,93.3062087699537,-9.730439007282733,93.30821360708686,-10.645436879666908,91.909177697261,-10.645436879666908,91.91118253439416,-9.730439007282735,203.31983379594416,0.18247596798882687,S230518h,15618,203.31983379594416
429,114.0,-78.11320754716981,117.21251098039058,-77.6368426452814,117.46527965942126,-78.55035748923345,110.53472034057876,-78.55035748923345,110.78748901960944,-77.6368426452814,203.21946891177643,0.18238589227388716,S230518h,429,203.21946891177643
183,117.0,-82.35849056603773,121.86820720789028,-81.87202600229362,122.48085653316384,-82.78337578419338,111.51914346683614,-82.78337578419338,112.13179279210974,-81.87202600229362,202.887147071238,0.1820876392780828,S230518h,183,202.887147071238
1125,116.25,-70.47169811320755,118.26068849106461,-70.00282786643594,118.35323544389708,-70.91730442677544,114.14676455610291,-70.91730442677543,114.23931150893539,-70.00282786643592,202.434566900074,0.18168145654969942,S230518h,1125,202.434566900074
625,115.0,-75.56603773584906,117.67330969256312,-75.09300281892446,117.84423047869936,-76.00700921925686,112.15576952130061,-76.00700921925686,112.32669030743686,-75.09300281892446,202.4241256605501,0.18167208572121918,S230518h,625,202.4241256605501
19792,86.45161290322581,2.5471698113207557,87.1400373157464,3.0044862575390314,87.13954841497832,2.0894863878925043,85.76367739147328,2.0894863878925043,85.76318849070522,3.004486257539032,200.91741187036632,0.18031983664540185,S230518h,19792,200.91741187036632
699,118.42105263157895,-74.71698113207546,120.95370834589389,-74.24482159494406,121.10597941823289,-75.15893993753988,115.73612584492501,-75.15893993753988,115.88839691726402,-74.24482159494406,200.80764855207087,0.180221326001449,S230518h,699,200.80764855207087
18673,87.42857142857143,-0.849056603773581,88.11606556039102,-0.39149548396610345,88.11622828882882,-1.3064954694993454,86.74091456831404,-1.3064954694993454,86.74107729675184,-0.39149548396610345,199.46613524739536,0.17901734145026038,S230518h,18673,199.46613524739536
18395,90.0,-1.698113207547162,90.68763924927218,-1.2404909555528811,90.68796488489163,-2.155490897660422,89.31203511510837,-2.155490897660422,89.31236075072782,-1.2404909555528811,198.80059738605192,0.17842003294761946,S230518h,18395,198.80059738605192
19512,86.14285714285714,1.6981132075471748,86.83082202774878,2.155490897660435,86.83049639212932,1.2404909555528938,85.45521789358496,1.240490955552894,85.45489225796551,2.1554908976604352,197.73120573830363,0.17746027278827425,S230518h,19512,197.73120573830363
60,109.56521739130436,-85.75471698113206,117.891663093902,-85.24731211215168,119.8602571032149,-86.15045612028003,99.27017767939383,-86.15045612028003,101.23877168870673,-85.24731211215168,197.40504224282816,0.17716754679864335,S230518h,60,197.40504224282816
1323,115.33980582524272,-68.77358490566037,117.19987282718293,-68.30568173409746,117.27790619333548,-69.22024523564167,113.40170545714996,-69.22024523564167,113.47973882330251,-68.30568173409746,197.35354984963521,0.17712133328313667,S230518h,1323,197.35354984963521
1222,115.2,-69.62264150943396,117.13223629853134,-69.15427361423606,117.21707415628563,-70.06879636334293,113.1829258437144,-70.06879636334293,113.26776370146868,-69.15427361423606,197.0407347681209,0.17684058725981405,S230518h,1222,197.0407347681209
14527,97.94117647058823,-13.58490566037736,98.64710025903724,-13.126410873126577,98.64982969022117,-14.041407026855124,97.2325232509553,-14.041407026855124,97.23525268213923,-13.126410873126577,196.6133754685882,0.17645703981928487,S230518h,14527,196.6133754685882
942,114.54545454545455,-72.16981132075472,116.7353856054713,-71.69980251664518,116.84677750473183,-72.61416610681106,112.24413158617725,-72.61416610681106,112.3555234854378,-71.69980251664518,194.4577675665831,0.17452241971273139,S230518h,942,194.4577675665831
11,98.18181818181817,-88.30188679245282,115.87503609639793,-87.73743212585558,127.17828247266088,-88.58169408717343,69.18535389097546,-88.58169408717343,80.48860026723841,-87.73743212585558,194.00078438098552,0.17411228535648246,S230518h,11,194.00078438098552
8412,106.60944206008584,-33.9622641509434,107.43389690044293,-33.502000893228534,107.44281264133018,-34.41697101110396,105.77607147884153,-34.41697101110395,105.78498721972876,-33.502000893228534,193.81815866674637,0.1739483819961301,S230518h,8412,193.81815866674637
17003,93.23741007194245,-5.943396226415093,93.92805111262186,-5.485467184005648,93.92920028201908,-6.4004664701230585,92.54561986186582,-6.400466470123058,92.54676903126305,-5.485467184005648,193.57479428865312,0.17372996675528776,S230518h,17003,193.57479428865312
12914,97.4436090225564,-18.679245283018858,98.1673779168709,-18.220354589450892,98.17129608270808,-19.135347060918647,96.71592196240474,-19.135347060918644,96.71984012824191,-18.220354589450892,193.2367633936115,0.17342658998367014,S230518h,12914,193.2367633936115
1648,115.82608695652173,-66.22641509433963,117.50075690516358,-65.75971991330341,117.56255917714459,-66.67438053436891,114.08961473589888,-66.67438053436891,114.1514170078799,-65.7597199133034,192.9238979313626,0.173145798744526,S230518h,1648,192.9238979313626
9359,104.13223140495869,-30.566037735849058,104.92692021763912,-30.106113184860245,104.93445073918586,-31.021090209745193,103.33001207073154,-31.021090209745186,103.33754259227827,-30.10611318486024,191.99279087379637,0.17231014656805832,S230518h,9359,191.99279087379637
269,112.49999999999999,-80.66037735849056,116.53368901980929,-80.17898843380384,116.9438152975127,-81.09155728932656,108.05618470248727,-81.09155728932656,108.46631098019068,-80.17898843380384,191.84369986276877,0.17217634001289953,S230518h,269,191.84369986276877
23,96.0,-87.45283018867924,108.89379449385844,-86.91772302298592,114.21548519236977,-87.80022755457108,77.78451480763025,-87.80022755457108,83.10620550614158,-86.91772302298592,191.68741813222306,0.172036079913686,S230518h,23,191.68741813222306
12389,101.29277566539923,-20.377358490566035,102.02399824856286,-19.918330938590874,102.02834863519774,-20.8333218505458,100.55720269560071,-20.8333218505458,100.56155308223559,-19.918330938590874,191.30221575464913,0.17169036756773776,S230518h,12389,191.30221575464913
145,110.0,-83.20754716981132,115.43151592545767,-82.7176655849038,116.20644768889882,-83.62803729667446,103.79355231110118,-83.62803729667446,104.56848407454233,-82.7176655849038,191.2175688306918,0.17161439844510956,S230518h,145,191.2175688306918
17836,89.03225806451613,-3.396226415094337,89.7206413094375,-2.938481754048089,89.7212940135052,-3.8534815220706875,88.34322211552707,-3.8534815220706875,88.34387481959477,-2.9384817540480896,190.762121760774,0.17120564272561425,S230518h,17836,190.762121760774
270,119.99999999999999,-80.66037735849056,124.03368901980929,-80.17898843380384,124.44381529751271,-81.09155728932656,115.55618470248727,-81.09155728932656,115.96631098019067,-80.17898843380384,190.60110612438694,0.17106113402932765,S230518h,270,190.60110612438694
9119,105.0,-31.41509433962264,105.80166447824867,-30.95508740741601,105.80952173751069,-31.87006283659303,104.19047826248932,-31.87006283659303,104.19833552175135,-30.95508740741601,190.36123768957017,0.17084585633597146,S230518h,9119,190.36123768957017
40,113.68421052631578,-86.60377358490567,123.80684230612628,-86.08549181835642,126.85737906526762,-86.9820319810307,100.51104198736394,-86.9820319810307,103.56157874650528,-86.08549181835642,190.04916956824994,0.1705657806962603,S230518h,40,190.04916956824994
430,119.99999999999999,-78.11320754716981,123.21251098039056,-77.6368426452814,123.46527965942124,-78.55035748923345,116.53472034057874,-78.55035748923345,116.78748901960942,-77.6368426452814,189.74996490783533,0.17029724978603578,S230518h,430,189.74996490783533
943,118.63636363636364,-72.16981132075472,120.82629469638037,-71.69980251664518,120.93768659564094,-72.61416610681106,116.33504067708635,-72.61416610681106,116.44643257634688,-71.69980251664518,187.9383365496318,0.16867134525853664,S230518h,943,187.9383365496318
1536,116.75675675675677,-67.0754716981132,118.4886036683111,-66.60840149892661,118.55522109490698,-67.52303332468944,114.95829241860656,-67.52303332468944,115.02490984520243,-66.60840149892663,186.61351277428312,0.16748233926582082,S230518h,1536,186.61351277428312
11097,103.05882352941177,-24.622641509433965,103.8123245854541,-24.16325803009165,103.81785971207947,-25.07824419437932,102.29978734674408,-25.07824419437932,102.30532247336942,-24.163258030091654,186.60064366629717,0.16747078946817912,S230518h,11097,186.60064366629717
84,106.66666666666667,-84.90566037735849,113.73684666531707,-84.40585709272172,115.1096896167533,-85.312615855454,98.22364371658003,-85.312615855454,99.59648666801627,-84.40585709272172,186.34390144009683,0.16724036784440122,S230518h,84,186.34390144009683
146,119.99999999999999,-83.20754716981132,125.43151592545767,-82.7176655849038,126.20644768889882,-83.62803729667446,113.79355231110117,-83.62803729667446,114.56848407454231,-82.7176655849038,185.21923587385683,0.16623100031723062,S230518h,146,185.21923587385683
14799,97.58241758241758,-12.735849056603767,98.28598747021441,-12.277418494495375,98.28853153709089,-13.19241512967444,96.87630362774428,-13.19241512967444,96.87884769462075,-12.277418494495375,185.09141246322184,0.16611628105865273,S230518h,14799,185.09141246322184
16446,90.97472924187726,-7.641509433962255,91.66764639802211,-7.183456638413367,91.66913262655976,-8.09845545274348,90.28032585719475,-8.098455452743478,90.2818120857324,-7.183456638413367,184.74984552214505,0.16580973074802968,S230518h,16446,184.74984552214505
1428,117.75700934579439,-67.9245283018868,119.55048171144557,-67.45705648255577,119.62247881006635,-68.37165611948272,115.89153988152243,-68.37165611948272,115.96353698014322,-67.45705648255577,184.46763664015694,0.1655564532494483,S230518h,1428,184.46763664015694
1884,115.08196721311475,-64.52830188679245,116.65388672658234,-64.06228741000734,116.70745877627571,-64.97699720338055,113.4564756499538,-64.97699720338055,113.51004769964717,-64.06228741000734,183.45192193226072,0.16464486719774088,S230518h,1884,183.45192193226072
626,119.99999999999999,-75.56603773584906,122.67330969256312,-75.09300281892446,122.84423047869936,-76.00700921925686,117.15576952130063,-76.00700921925686,117.32669030743686,-75.09300281892446,182.35478120628898,0.1636602027296763,S230518h,626,182.35478120628898
20627,83.87096774193549,5.094339622641511,84.56168565851675,5.551471655945462,84.56070300492947,4.6364721794291,83.18123247894151,4.6364721794291,83.18024982535422,5.551471655945462,182.1473451452671,0.16347403252028717,S230518h,20627,182.1473451452671
19232,86.14285714285714,0.8490566037735938,86.83051400311453,1.306495469499358,86.83035127467673,0.3914954839661163,85.45536301103756,0.3914954839661163,85.45520028259976,1.306495469499358,181.49069133957863,0.16288469730104432,S230518h,19232,181.49069133957863
10590,101.42857142857143,-26.320754716981128,102.19256488788372,-25.861222371828283,102.19862417115132,-26.77620625326197,100.65851868599155,-26.77620625326197,100.66457796925913,-25.86122237182828,180.91002713968103,0.16236356141393204,S230518h,10590,180.91002713968103
1427,114.39252336448598,-67.9245283018868,116.18599573013715,-67.45705648255577,116.25799282875793,-68.37165611948272,112.52705390021401,-68.37165611948272,112.5990509988348,-67.45705648255577,179.65895149453675,0.16124074306850655,S230518h,1427,179.65895149453675
16723,90.64748201438849,-6.792452830188674,91.3391832930381,-6.334462013002482,91.3405002565957,-7.249461078522781,89.95446377218128,-7.249461078522781,89.95578073573887,-6.334462013002483,179.63717771232615,0.1612212014826638,S230518h,16723,179.63717771232615
1,0.0,-89.15094339622642,27.754830576727567,-88.52361237902466,60.33955298027449,-89.20885555083653,299.6604470197255,-89.20885555083653,332.24516942327244,-88.52361237902466,179.57103044903786,0.16116183547949042,S230518h,1,179.57103044903786
1764,114.95798319327731,-65.37735849056604,116.57947443892185,-64.91101443265092,116.6369495770124,-65.8257009148699,113.27901680954221,-65.8257009148699,113.33649194763277,-64.91101443265092,179.4238100152604,0.16102970773445083,S230518h,1764,179.4238100152604
19791,85.16129032258065,2.5471698113207557,85.84971473510124,3.0044862575390323,85.84922583433317,2.0894863878925047,84.47335481082814,2.0894863878925043,84.47286591006007,3.004486257539032,178.94573629364032,0.16060064499377302,S230518h,19791,178.94573629364032
85,119.99999999999999,-84.90566037735849,127.07017999865042,-84.40585709272172,128.44302295008663,-85.312615855454,111.55697704991334,-85.312615855454,112.92982000134958,-84.40585709272172,178.70314932337635,0.16038292746275823,S230518h,85,178.70314932337635
10842,101.02766798418972,-25.471698113207545,101.78629567582834,-25.012240715603447,101.79208883361159,-25.927225768299653,100.26324713476785,-25.927225768299653,100.2690402925511,-25.012240715603443,177.76873868108072,0.15954431037721073,S230518h,10842,177.76873868108072
8645,105.70212765957447,-33.11320754716981,106.51866321293706,-32.65303134171315,106.527212236975,-33.56800332223071,104.87704308217393,-33.56800332223071,104.88559210621189,-32.65303134171315,177.35364587838583,0.15917177190143683,S230518h,8645,177.35364587838583
3,102.85714285714286,-89.15094339622642,130.61197343387045,-88.52361237902466,163.19669583741737,-89.20885555083653,42.517589876868364,-89.20885555083653,75.10231228041529,-88.52361237902466,176.42302737643953,0.15833655819502884,S230518h,3,176.42302737643953
490,112.5,-77.26415094339622,115.5094789328879,-76.78903594165526,115.7294784909851,-77.70274763531974,109.2705215090149,-77.70274763531974,109.4905210671121,-76.78903594165526,175.99614831696746,0.15795344176149143,S230518h,490,175.99614831696746
19513,87.42857142857143,1.6981132075471748,88.11653631346306,2.1554908976604352,88.11621067784361,1.2404909555528938,86.74093217929925,1.2404909555528938,86.7406065436798,2.155490897660435,175.75515905705987,0.15773715814736705,S230518h,19513,175.75515905705987
8180,105.97402597402598,-34.811320754716974,106.80673983147264,-34.350968719977146,106.81603741115741,-35.26593687589358,105.13201453689453,-35.26593687589359,105.14131211657931,-34.350968719977146,175.71252600487833,0.15769889573430138,S230518h,8180,175.71252600487833
8881,105.88235294117648,-32.26415094339622,106.69129581240814,-31.80406015235267,106.6994923008797,-32.71903390162755,105.06521358147324,-32.71903390162755,105.07341006994481,-31.80406015235267,175.35742731617177,0.15738020091863317,S230518h,8881,175.35742731617177
698,113.68421052631578,-74.71698113207546,116.21686624063071,-74.24482159494406,116.36913731296973,-75.15893993753988,110.99928373966185,-75.15893993753988,111.15155481200085,-74.24482159494406,175.24288601232507,0.15727740211684432,S230518h,698,175.24288601232507
8411,105.06437768240343,-33.9622641509434,105.88883252276052,-33.502000893228534,105.89774826364776,-34.41697101110396,104.23100710115911,-34.41697101110396,104.23992284204634,-33.50200089322853,174.16665952939348,0.1563115078133636,S230518h,8411,174.16665952939348
2135,116.3076923076923,-62.83018867924528,117.78996456055954,-62.364776707267914,117.8367955008132,-63.279526716180385,114.77858911457142,-63.279526716180385,114.82542005482507,-62.3647767072679,173.73415848778401,0.15592334574992678,S230518h,2135,173.73415848778401
17838,91.61290322580646,-3.396226415094337,92.30128647072782,-2.9384817540480896,92.30193917479554,-3.8534815220706875,90.92386727681739,-3.8534815220706875,90.9245199808851,-2.9384817540480896,173.5398592680085,0.15574896562406265,S230518h,17838,173.5398592680085
39,94.73684210526316,-86.60377358490567,104.85947388507368,-86.08549181835642,107.91001064421502,-86.9820319810307,81.56367356631134,-86.9820319810307,84.61421032545267,-86.08549181835642,172.14833771830595,0.15450009955419303,S230518h,39,172.14833771830595
2400,115.62043795620438,-61.132075471698116,117.0239002705775,-60.667201439544186,117.0651392093177,-61.58198474835436,114.17573670309108,-61.581984748354344,114.21697564183127,-60.667201439544186,171.3606506050516,0.15379316425044068,S230518h,2400,171.3606506050516
2008,117.14285714285715,-63.67924528301886,118.66847021789472,-63.21354090053841,118.718509389665,-64.12827177829537,115.5672048960493,-64.12827177829537,115.61724406781958,-63.21354090053841,170.46933202386774,0.15299322153038522,S230518h,2008,170.46933202386774
7952,107.36842105263158,-35.660377358490564,108.20974765278841,-35.19993473001253,108.21944320592084,-36.114900818781194,106.51739889934233,-36.1149008187812,106.52709445247476,-35.19993473001254,170.015083469183,0.1525855414571917,S230518h,7952,170.015083469183
9360,105.61983471074382,-30.566037735849058,106.41452352342425,-30.106113184860245,106.42205404497098,-31.021090209745193,104.81761537651666,-31.021090209745186,104.8251458980634,-30.10611318486024,169.07040419274716,0.15173770845345425,S230518h,9360,169.07040419274716
2538,114.8936170212766,-60.28301886792453,116.26116979900769,-59.81839301715441,116.29996331157031,-60.73319086476167,113.48727073098289,-60.73319086476167,113.5260642435455,-59.81839301715441,168.9780213478361,0.15165479647809021,S230518h,2538,168.9780213478361
1223,118.80000000000001,-69.62264150943396,120.73223629853135,-69.15427361423606,120.81707415628564,-70.06879636334293,116.7829258437144,-70.06879636334293,116.86776370146868,-69.15427361423606,168.90673034605476,0.1515908140602608,S230518h,1223,168.90673034605476
18,327.2727272727273,-88.30188679245282,344.965945187307,-87.73743212585558,356.26919156356996,-88.58169408717343,298.27626298188454,-88.58169408717343,309.5795093581475,-87.73743212585558,168.6828061033791,0.15138984599838734,S230518h,18,168.6828061033791
2007,114.28571428571429,-63.67924528301886,115.81132736075185,-63.21354090053841,115.86136653252213,-64.12827177829539,112.71006203890646,-64.12827177829537,112.76010121067672,-63.21354090053841,168.3743777442115,0.15111303698106934,S230518h,2007,168.3743777442115
9847,105.36585365853658,-28.867924528301884,106.14745654480281,-28.408160599011673,106.15436807601165,-29.323140579709964,104.57733924106151,-29.323140579709964,104.58425077227037,-28.408160599011673,168.1980654076384,0.15095479976591974,S230518h,9847,168.1980654076384
2266,116.39097744360902,-61.9811320754717,117.83261056006384,-61.51599641863672,117.87651914277919,-62.43076383822156,114.90543574443883,-62.43076383822156,114.9493443271542,-61.51599641863672,167.50773697897262,0.15033524216595917,S230518h,2266,167.50773697897262
7,308.57142857142856,-89.15094339622642,336.3262591481561,-88.52361237902466,8.91098155170305,-89.20885555083653,248.23187559115405,-89.20885555083653,280.816597994701,-88.52361237902466,167.37264187149722,0.15021399668760674,S230518h,7,167.37264187149722
112,104.51612903225806,-84.05660377358491,110.65932530761832,-83.5624109828508,111.67024332288088,-84.47135848394804,97.36201474163524,-84.47135848394804,98.37293275689781,-83.5624109828508,167.12593981354712,0.1499925859379085,S230518h,112,167.12593981354712
9845,102.43902439024389,-28.867924528301884,103.22062727651011,-28.40816059901167,103.22753880771896,-29.323140579709964,101.65050997276882,-29.32314057970997,101.65742150397767,-28.40816059901167,167.0858745981071,0.14995662811306867,S230518h,9845,167.0858745981071
10,65.45454545454545,-88.30188679245282,83.14776336912522,-87.73743212585558,94.45100974538816,-88.58169408717343,36.458081163702744,-88.58169408717343,47.7613275399657,-87.73743212585558,166.97487503702072,0.14985700796299567,S230518h,10,166.97487503702072
2680,115.0,-59.43396226415094,116.33372012831731,-58.96957226246887,116.37026783545645,-59.88438344604802,113.62973216454353,-59.88438344604802,113.66627987168269,-58.96957226246887,166.39021343058303,0.14933228447395477,S230518h,2680,166.39021343058303
225,122.72727272727273,-81.50943396226415,127.13869926385189,-81.02574501336248,127.63502410487848,-81.93779521133477,117.81952134966699,-81.93779521133476,118.31584619069358,-81.02574501336248,166.2368808503753,0.1491946711852005,S230518h,225,166.2368808503753
18952,86.14285714285714,0.0,86.83035714285714,0.45749999999999996,86.83035714285714,-0.45749999999999996,85.45535714285715,-0.4575000000000001,85.45535714285715,0.4575000000000001,166.11331538551477,0.14908377335792292,S230518h,18952,166.11331538551477
7501,107.67857142857143,-37.35849056603773,108.5382454306303,-36.89786090455481,108.5487897883789,-37.812822517519514,106.80835306876396,-37.812822517519514,106.81889742651256,-36.89786090455481,165.82773697000712,0.14882747176238464,S230518h,7501,165.82773697000712
17281,92.90322580645162,-5.094339622641511,93.5929610694456,-4.636472179429101,93.59394372303288,-5.5514716559454635,92.21250788987035,-5.5514716559454635,92.21349054345764,-4.6364721794291,165.7332525891268,0.14874267369552088,S230518h,17281,165.7332525891268
10592,104.28571428571429,-26.320754716981128,105.04970774502658,-25.86122237182828,105.05576702829417,-26.77620625326197,103.51566154313441,-26.77620625326197,103.52172082640199,-25.86122237182828,165.42285341396138,0.14846409590557397,S230518h,10592,165.42285341396138
18114,87.74193548387098,-2.5471698113207557,88.4298709956235,-2.0894863878925047,88.43035989639156,-3.004486257539032,87.0535110713504,-3.004486257539032,87.05399997211846,-2.0894863878925047,165.29848581114413,0.14835247817361527,S230518h,18114,165.29848581114413
15343,92.94545454545455,-11.037735849056604,93.64482151927832,-10.579432530195422,93.6470035188577,-11.494430023897555,92.2439055720514,-11.494430023897557,92.24608757163077,-10.579432530195424,163.71257368720865,0.1469291499888658,S230518h,15343,163.71257368720865
318,110.76923076923076,-79.81132075471697,114.48543493950426,-79.33186951589033,114.82992488421172,-80.24483309344546,106.70853665424981,-80.24483309344546,107.05302659895725,-79.33186951589033,163.68487165645388,0.14690428790442053,S230518h,318,163.68487165645388
15072,97.22627737226277,-11.886792452830186,97.9276624971754,-11.428425702940483,97.93002416474103,-12.343422784497239,96.52253057978453,-12.343422784497239,96.52489224735012,-11.428425702940483,163.50646744484183,0.1467441732682859,S230518h,15072,163.50646744484183
0,0.0,-90.0,56.356843984748565,-89.1741958739488,123.64315601525104,-89.1741958739488,236.35684398474896,-89.1741958739488,303.64315601525146,-89.1741958739488,163.288171773975,0.1465482567504258,S230518h,0,163.288171773975
182,108.0,-82.35849056603773,112.86820720789026,-81.87202600229362,113.48085653316384,-82.7833757841934,102.51914346683614,-82.7833757841934,103.13179279210974,-81.87202600229362,162.58108302065534,0.14591365705443396,S230518h,182,162.58108302065534
2825,114.32432432432431,-58.584905660377345,115.62612398452698,-58.1207401684546,115.66060418553481,-59.03556361311078,112.98804446311382,-59.03556361311078,113.02252466412165,-58.12074016845459,162.03011017037412,0.14541916863039003,S230518h,2825,162.03011017037412
858,120.00000000000001,-73.01886792452831,122.29289009742894,-72.54820988239366,122.41588903447258,-73.46250385953338,117.58411096552743,-73.46250385953338,117.70710990257106,-72.54820988239366,161.85350511487894,0.14526066870516607,S230518h,858,161.85350511487894
1031,113.47826086956522,-71.32075471698113,115.57451818381342,-70.85133948025174,115.6758468537541,-71.7657634060181,111.28067488537634,-71.7657634060181,111.38200355531703,-70.85133948025174,161.62143551092038,0.1450523903250764,S230518h,1031,161.62143551092038
1324,118.83495145631066,-68.77358490566037,120.69501845825087,-68.30568173409746,120.77305182440344,-69.22024523564167,116.8968510882179,-69.22024523564167,116.97488445437045,-68.30568173409746,161.4065171709022,0.1448595049021386,S230518h,1324,161.4065171709022
20348,83.87096774193549,4.245283018867931,84.56076791066506,4.7024766640227025,84.55995068351517,3.7874770269662608,83.1819848003558,3.7874770269662608,83.18116757320593,4.7024766640227025,160.97821130812713,0.14447510793777946,S230518h,20348,160.97821130812713
2974,114.43708609271523,-57.73584905660377,115.70872988349427,-57.27189762535238,115.74130232180016,-58.18673236751173,113.13286986363032,-58.18673236751173,113.1654423019362,-57.27189762535238,160.63962165314416,0.14417122968896076,S230518h,2974,160.63962165314416
7725,106.72566371681417,-36.509433962264154,107.57597171771826,-36.04889882595669,107.5860824706849,-36.963862736035296,105.86524496294344,-36.963862736035296,105.87535571591006,-36.04889882595669,160.6155011722011,0.14414958198235847,S230518h,7725,160.6155011722011
20070,85.16129032258065,3.3962264150943495,85.85032627156973,3.853481522070701,85.84967356750201,2.9384817540481025,84.47290707765929,2.9384817540481025,84.47225437359158,3.853481522070701,160.39430191636566,0.14395105954815518,S230518h,20070,160.39430191636566
1765,117.98319327731093,-65.37735849056604,119.6046845229555,-64.91101443265092,119.66215966104603,-65.8257009148699,116.30422689357583,-65.82570091486991,116.3617020316664,-64.91101443265092,160.16440849247152,0.1437447342513253,S230518h,1765,160.16440849247152
373,122.14285714285714,-78.9622641509434,125.58855098342254,-78.48446823005999,125.88191507491904,-79.39773913471271,118.40379921079526,-79.39773913471271,118.69716330229174,-78.48446823005999,160.14467956185905,0.1437270278837581,S230518h,373,160.14467956185905
3126,113.80645161290323,-56.886792452830186,115.04957151113138,-56.42304543366415,115.0803797201892,-57.33789060698522,112.53252350561729,-57.33789060698523,112.56333171467512,-56.42304543366415,159.42699260488425,0.14308291648674423,S230518h,3126,159.42699260488425
18393,87.42857142857143,-1.698113207547162,88.11621067784361,-1.2404909555528811,88.11653631346306,-2.1554908976604223,86.7406065436798,-2.155490897660422,86.74093217929925,-1.2404909555528811,159.38761005793484,0.14304757134484494,S230518h,18393,159.38761005793484
3282,113.9240506329114,-56.0377358490566,115.14015911168492,-55.574184315219824,115.16933241361008,-56.48903913859058,112.67876885221273,-56.48903913859058,112.70794215413788,-55.574184315219824,159.37765223024036,0.14303863436996309,S230518h,3282,159.37765223024036
7060,108.49315068493152,-39.056603773584904,109.37277979935993,-38.59577856433333,109.38425178302731,-39.51073519731472,107.60204958683575,-39.51073519731473,107.61352157050312,-38.59577856433333,158.23695171277743,0.14201487575663316,S230518h,7060,158.23695171277743
557,121.76470588235296,-76.41509433962264,124.59585475063432,-75.94108089228301,124.78902233081759,-76.85495372502506,118.74038943388832,-76.85495372502506,118.93355701407158,-75.94108089228301,156.7195793051774,0.14065306075950781,S230518h,557,156.7195793051774
8880,104.36974789915966,-32.26415094339622,105.17869077039133,-31.80406015235267,105.1868872588629,-32.71903390162755,103.55260853945644,-32.71903390162755,103.560805027928,-31.80406015235267,155.63280629425157,0.1396777011330001,S230518h,8880,155.63280629425157
6843,108.33333333333333,-39.90566037735849,109.22358925689619,-39.44473390498161,109.23555813636288,-40.35968783819192,107.43110853030377,-40.359687838191924,107.44307740977047,-39.44473390498161,155.58045899826936,0.13963072035730492,S230518h,6843,155.58045899826936
24,119.99999999999999,-87.45283018867924,132.8937944938584,-86.91772302298592,138.21548519236975,-87.80022755457108,101.78451480763023,-87.80022755457108,107.10620550614156,-86.91772302298592,154.55040564803423,0.13870626562676971,S230518h,24,154.55040564803423
8,0.0,-88.30188679245282,17.69321791457976,-87.73743212585558,28.996464290842702,-88.58169408717343,331.0035357091573,-88.58169408717343,342.30678208542025,-87.73743212585558,154.39408624638054,0.1385659717184006,S230518h,8,154.39408624638054
2265,113.6842105263158,-61.9811320754717,115.12584364277062,-61.51599641863672,115.16975222548598,-62.43076383822157,112.19866882714561,-62.43076383822156,112.24257740986097,-61.51599641863672,154.12459426000035,0.13832410740953385,S230518h,2265,154.12459426000035
5801,110.49504950495049,-44.15094339622641,111.44581529446883,-43.68947014319047,111.46066909118925,-44.60440806846607,109.5294299187117,-44.60440806846607,109.54428371543213,-43.68947014319047,153.92741442547148,0.13814714198268996,S230518h,5801,153.92741442547148
11095,100.23529411764706,-24.622641509433965,100.9887951736894,-24.16325803009165,100.99433030031476,-25.07824419437932,99.47625793497936,-25.07824419437932,99.4817930616047,-24.16325803009165,153.57358876200024,0.13782958968473755,S230518h,11095,153.57358876200024
1535,113.51351351351352,-67.0754716981132,115.24536042506786,-66.60840149892663,115.31197785166373,-67.52303332468944,111.7150491753633,-67.52303332468944,111.78166660195919,-66.60840149892663,153.24833986950557,0.13753768453516504,S230518h,1535,153.24833986950557
6418,109.19431279620854,-41.60377358490565,110.10722531183251,-41.14263694632089,110.12026228042724,-42.057585012457885,108.26836331198983,-42.057585012457885,108.28140028058455,-41.1426369463209,152.84393094514223,0.1371747346519255,S230518h,6418,152.84393094514223
3939,113.68421052631578,-52.64150943396226,114.80538475733752,-52.17866275157255,114.82908247011683,-53.093549738023256,112.53933858251473,-53.093549738023256,112.56303629529404,-52.17866275157255,152.48357634849816,0.13685132275150147,S230518h,3939,152.48357634849816
8181,107.53246753246752,-34.811320754716974,108.36518138991418,-34.350968719977146,108.37447896959897,-35.26593687589358,106.69045609533609,-35.26593687589358,106.69975367502086,-34.350968719977146,152.4330128910051,0.13680594293941598,S230518h,8181,152.4330128910051
1885,118.03278688524588,-64.52830188679245,119.60470639871347,-64.06228741000734,119.65827844840683,-64.97699720338056,116.40729532208493,-64.97699720338055,116.46086737177829,-64.06228741000734,152.1781601813735,0.13657721712346202,S230518h,1885,152.1781601813735
2134,113.53846153846153,-62.83018867924528,115.0207337913288,-62.3647767072679,115.06756473158244,-63.279526716180385,112.00935834534064,-63.279526716180385,112.05618928559429,-62.3647767072679,151.72447871959923,0.1361700460061625,S230518h,2134,151.72447871959923
775,112.5,-73.86792452830188,114.90655587391609,-73.39655303540636,115.04303861737472,-74.31076612063245,109.9569613826253,-74.31076612063245,110.09344412608392,-73.39655303540636,151.69959331020544,0.13614771178975504,S230518h,775,151.69959331020544
17557,89.03225806451613,-4.245283018867918,89.72124100609581,-3.7874770269662488,89.7220582332457,-4.70247666402269,88.34245789578655,-4.702476664022691,88.34327512293645,-3.7874770269662488,151.21994338913612,0.13571723443784686,S230518h,17557,151.21994338913612
1126,119.99999999999999,-70.47169811320755,122.01068849106461,-70.00282786643594,122.10323544389708,-70.91730442677544,117.89676455610291,-70.91730442677544,117.98931150893537,-70.00282786643594,150.8669331557092,0.13540041397398997,S230518h,1126,150.8669331557092
3604,113.45454545454545,-54.33962264150943,114.62074685028658,-53.876437847506146,114.64698976718856,-54.79130991866087,112.26210114190236,-54.79130991866087,112.28834405880433,-53.876437847506146,150.64754176776677,0.13520351406936293,S230518h,3604,150.64754176776677
7726,108.31858407079646,-36.509433962264154,109.16889207170057,-36.0488988259567,109.1790028246672,-36.9638627360353,107.45816531692574,-36.963862736035296,107.46827606989237,-36.0488988259567,149.68810990518224,0.13434244087952282,S230518h,7726,149.68810990518224
32,312.0,-87.45283018867924,324.8937944938584,-86.91772302298592,330.2154851923697,-87.80022755457108,293.7845148076302,-87.80022755457108,299.1062055061416,-86.91772302298592,149.4930134333309,0.13416734523396956,S230518h,32,149.4930134333309
5601,110.35175879396985,-45.0,111.31628310336653,-44.53840816405273,111.3318087653207,-45.453342298185596,109.371708822619,-45.453342298185596,109.38723448457316,-44.53840816405273,149.0791582522495,0.13379591750178477,S230518h,5601,149.0791582522495
5020,111.78947368421053,-47.54716981132076,112.79914765413147,-47.08520029603243,112.81692639106532,-48.000121593723044,110.76202097735576,-48.000121593723044,110.7797997142896,-47.08520029603243,148.64012710758172,0.13340189478592468,S230518h,5020,148.64012710758172
51,322.10526315789474,-86.60377358490567,332.22789493770523,-86.08549181835642,335.27843169684655,-86.9820319810307,308.93209461894287,-86.9820319810307,311.9826313780842,-86.08549181835642,147.84722807611814,0.13269028187742246,S230518h,51,147.84722807611814
21460,81.87725631768954,7.641509433962268,82.57165970237206,8.09845545274349,82.5701734738344,7.18345663841338,81.1843391615447,7.18345663841338,81.18285293300704,8.098455452743492,147.2998748443587,0.132199041997218,S230518h,21460,147.2998748443587
11868,102.46153846153845,-22.07547169811321,103.20102604356302,-21.616304315504323,103.20583094304652,-22.531293481595384,101.71724598003038,-22.531293481595387,101.7220508795139,-21.616304315504323,146.63870741427073,0.13160565587961437,S230518h,11868,146.63870741427073
7951,105.78947368421053,-35.660377358490564,106.63080028436737,-35.19993473001254,106.6404958374998,-36.1149008187812,104.9384515309213,-36.114900818781194,104.94814708405372,-35.19993473001254,146.4606499598367,0.13144585245193655,S230518h,7951,146.4606499598367
4832,111.65775401069517,-48.39622641509434,112.68389450273514,-47.934122925332645,112.70251454548463,-48.849039390211146,110.61299347590571,-48.849039390211146,110.6316135186552,-47.934122925332645,145.7566152841181,0.1308139937367736,S230518h,4832,145.7566152841181
61,125.21739130434783,-85.75471698113206,133.54383700694544,-85.24731211215168,135.51243101625835,-86.15045612028003,114.92235159243728,-86.15045612028003,116.89094560175019,-85.24731211215168,145.67700366270168,0.1307425437094452,S230518h,61,145.67700366270168
12128,102.06896551724138,-21.226415094339615,102.80421664927064,-20.767318019947638,102.80879132574626,-21.682308083156066,101.3291397087365,-21.682308083156066,101.33371438521213,-20.767318019947634,145.65029339979708,0.1307185717191688,S230518h,12128,145.65029339979708
6630,109.85915492957746,-40.75471698113208,110.76049786305786,-40.293686745980466,110.77298781564025,-41.208637827054545,108.94532204351465,-41.20863782705454,108.95781199609706,-40.293686745980466,145.30689615804627,0.13041037874594388,S230518h,6630,145.30689615804627
8646,107.2340425531915,-33.11320754716981,108.05057810655407,-32.653031341713145,108.05912713059203,-33.56800332223071,106.40895797579097,-33.56800332223071,106.41750699982892,-32.653031341713145,144.59373217338654,0.1297703266368803,S230518h,8646,144.59373217338654
777,121.5,-73.86792452830188,123.90655587391609,-73.39655303540636,124.04303861737469,-74.31076612063245,118.95696138262528,-74.31076612063245,119.09344412608391,-73.39655303540636,144.23989858685087,0.1294527672281172,S230518h,777,144.23989858685087
4466,113.37016574585635,-50.094339622641506,114.43162341421994,-49.63195447278354,114.45208528799226,-50.54686029891829,112.28824620372045,-50.5468602989183,112.30870807749277,-49.63195447278355,144.18170728609869,0.1294005415611223,S230518h,4466,144.18170728609869
4111,113.14285714285712,-51.79245283018868,114.24315001518187,-51.32976566712455,114.26569843159719,-52.24465936318111,112.02001585411708,-52.24465936318111,112.0425642705324,-51.32976566712455,144.15251545136246,0.12937434240385656,S230518h,4111,144.15251545136246
9120,106.49999999999999,-31.41509433962264,107.30166447824865,-30.95508740741601,107.30952173751068,-31.87006283659303,105.69047826248931,-31.87006283659303,105.69833552175133,-30.95508740741601,144.0599843326554,0.12929129735537345,S230518h,9120,144.0599843326554
6629,108.16901408450704,-40.75471698113208,109.07035701798745,-40.293686745980466,109.08284697056985,-41.208637827054545,107.25518119844425,-41.208637827054545,107.26767115102665,-40.29368674598047,143.60620451805488,0.12888403796814554,S230518h,6629,143.60620451805488
20349,85.16129032258065,4.245283018867931,85.85109049131022,4.702476664022704,85.85027326416034,3.7874770269662608,84.47230738100097,3.7874770269662608,84.4714901538511,4.702476664022703,143.57736827648336,0.12885815794947897,S230518h,20349,143.57736827648336
20626,82.58064516129032,5.094339622641511,83.27136307787158,5.551471655945463,83.2703804242843,4.636472179429101,81.89090989829636,4.6364721794291,81.88992724470907,5.551471655945463,143.49628872382777,0.1287853904797309,S230518h,20626,143.49628872382777
1649,118.95652173913044,-66.22641509433963,120.63119168777226,-65.75971991330341,120.6929939597533,-66.67438053436891,117.2200495185076,-66.67438053436891,117.2818517904886,-65.7597199133034,143.45808083743577,0.12875109957498235,S230518h,1649,143.45808083743577
6209,109.03846153846153,-42.45283018867924,109.96345021264487,-41.99158435534406,109.97706206308452,-42.90652923235743,108.09986101383856,-42.90652923235743,108.11347286427821,-41.99158435534407,142.37929995080097,0.12778291273919093,S230518h,6209,142.37929995080097
18675,90.0,-0.849056603773581,90.68749413181959,-0.39149548396610345,90.68765686025739,-1.3064954694993451,89.31234313974261,-1.3064954694993451,89.31250586818041,-0.39149548396610345,142.2870883032201,0.12770015441041396,S230518h,18675,142.2870883032201
33,335.99999999999994,-87.45283018867924,348.89379449385837,-86.91772302298592,354.2154851923697,-87.80022755457108,317.78451480763016,-87.80022755457108,323.1062055061415,-86.91772302298592,142.0759857916148,0.12751069362623535,S230518h,33,142.0759857916148
20071,86.45161290322581,3.3962264150943495,87.14064885221488,3.8534815220707,87.13999614814716,2.938481754048103,85.76322965830444,2.938481754048103,85.76257695423674,3.853481522070701,141.99908753868885,0.12744167879931295,S230518h,20071,141.99908753868885
15346,96.87272727272727,-11.037735849056604,97.57209424655105,-10.579432530195422,97.57427624613041,-11.494430023897555,96.17117829932413,-11.494430023897555,96.17336029890349,-10.579432530195424,141.88089698076365,0.12733560485629475,S230518h,15346,141.88089698076365
12,130.9090909090909,-88.30188679245282,148.60230882367068,-87.73743212585558,159.90555519993362,-88.58169408717343,101.9126266182482,-88.58169408717343,113.21587299451114,-87.73743212585558,141.1163361593151,0.1266494249919133,S230518h,12,141.1163361593151
4287,113.25842696629213,-50.94339622641509,114.33883483622539,-50.48086278266235,114.36030669546525,-51.39576274630834,112.15654723711901,-51.39576274630834,112.1780190963589,-50.480862782662356,140.75007391485113,0.12632071108167375,S230518h,4287,140.75007391485113
20069,83.87096774193549,3.3962264150943495,84.56000369092456,3.8534815220707,84.55935098685686,2.9384817540481025,83.18258449701413,2.9384817540481025,83.18193179294641,3.8534815220707,139.85491409521308,0.12551732091779483,S230518h,20069,139.85491409521308
73,313.0434782608695,-85.75471698113206,321.36992396346716,-85.24731211215168,323.33851797278004,-86.15045612028003,302.748438548959,-86.15045612028003,304.71703255827185,-85.24731211215168,139.69890832923429,0.12537730849191717,S230518h,73,139.69890832923429
6210,110.76923076923076,-42.45283018867924,111.6942194434141,-41.99158435534405,111.70783129385374,-42.90652923235743,109.83063024460778,-42.90652923235743,109.84424209504743,-41.99158435534405,139.46126083223513,0.12516402405111554,S230518h,6210,139.46126083223513
10091,101.61290322580645,-28.0188679245283,102.3883760615063,-27.559182372764482,102.39499396696242,-28.474163721306056,100.83081248465048,-28.474163721306056,100.83743039010662,-27.559182372764482,138.92946016237357,0.12468674232115168,S230518h,10091,138.92946016237357
9,32.72727272727273,-88.30188679245282,50.420490641852474,-87.73743212585558,61.72373701811543,-88.58169408717343,3.7308084364300194,-88.58169408717343,15.034054812692965,-87.73743212585558,138.77506439454856,0.12454817484024609,S230518h,9,138.77506439454856
5404,110.20408163265306,-45.84905660377358,111.18298654431239,-45.38734267538702,111.19922158649055,-46.302272786848334,109.20894167881555,-46.302272786848334,109.22517672099373,-45.38734267538702,138.3820475495606,0.12419544914749805,S230518h,5404,138.3820475495606
4647,111.52173913043478,-49.24528301886792,112.56512495474259,-48.78304108150047,112.58463788159406,-49.697952398127825,110.4588403792755,-49.697952398127825,110.47835330612698,-48.78304108150048,138.27156537053992,0.12409629333871183,S230518h,4647,138.27156537053992
15621,96.52173913043478,-10.18867924528301,97.21925224821454,-9.730439007282735,97.2212570853477,-10.645436879666907,95.82222117552186,-10.645436879666908,95.82422601265502,-9.730439007282735,137.6080574584433,0.12350080667974876,S230518h,15621,137.6080574584433
21183,82.87769784172662,6.792452830188687,83.57071608393383,7.2494610785227955,83.56939912037625,6.334462013002497,82.185996563077,6.334462013002497,82.18467959951941,7.2494610785227955,136.931610562994,0.12289370751123364,S230518h,21183,136.931610562994
16449,94.8736462093863,-7.641509433962255,95.56656336553115,-7.183456638413369,95.56804959406881,-8.09845545274348,94.17924282470379,-8.09845545274348,94.18072905324145,-7.183456638413369,136.54861891155454,0.12254997925303433,S230518h,16449,136.54861891155454
19511,84.85714285714286,1.6981132075471748,85.54510774203449,2.155490897660435,85.54478210641504,1.2404909555528936,84.16950360787068,1.2404909555528938,84.16917797225122,2.155490897660435,136.38981954760342,0.12240745962220445,S230518h,19511,136.38981954760342
19234,88.71428571428571,0.8490566037735938,89.4019425745431,1.3064954694993582,89.4017798461053,0.3914954839661163,88.02679158246613,0.3914954839661163,88.02662885402833,1.3064954694993582,135.7671169246908,0.12184859499122506,S230518h,19234,135.7671169246908
4648,113.47826086956522,-49.24528301886792,114.52164669387302,-48.78304108150048,114.5411596207245,-49.697952398127825,112.41536211840592,-49.697952398127825,112.43487504525741,-48.78304108150048,135.5975652642189,0.12169642536374162,S230518h,4648,135.5975652642189
3441,113.33333333333333,-55.18867924528302,114.52383490322163,-54.72531492264701,114.55149011868741,-55.64017868991569,112.11517654797926,-55.6401786899157,112.14283176344505,-54.725314922647016,135.48581615855576,0.12159613251061922,S230518h,3441,135.48581615855576
5405,112.0408163265306,-45.84905660377358,113.01972123818993,-45.38734267538702,113.0359562803681,-46.30227278684834,111.0456763726931,-46.302272786848334,111.06191141487128,-45.38734267538702,134.97220284621855,0.12113517361354113,S230518h,5405,134.97220284621855
1124,112.49999999999999,-70.47169811320755,114.5106884910646,-70.00282786643592,114.60323544389705,-70.91730442677543,110.39676455610291,-70.91730442677543,110.48931150893537,-70.00282786643594,134.17428355667795,0.12041905511188031,S230518h,1124,134.17428355667795
130,313.5483870967742,-84.05660377358491,319.69158337213446,-83.5624109828508,320.702501387397,-84.47135848394804,306.3942728061514,-84.47135848394804,307.40519082141395,-83.5624109828508,133.94172657800178,0.12021033932156995,S230518h,130,133.94172657800178
2539,117.4468085106383,-60.28301886792453,118.81436128836937,-59.81839301715441,118.853154800932,-60.73319086476167,116.04046222034458,-60.73319086476167,116.07925573290721,-59.81839301715441,133.00229122768027,0.11936721264911318,S230518h,2539,133.00229122768027
20905,82.87769784172662,5.943396226415093,83.56948805180326,6.400466470123059,83.56833888240602,5.485467184005647,82.18705680104722,5.485467184005647,82.18590763164998,6.4004664701230585,132.83983269419443,0.1192214089781067,S230518h,20905,132.83983269419443
18117,91.61290322580646,-2.5471698113207557,92.30083873755898,-2.0894863878925043,92.30132763832705,-3.0044862575390323,90.92447881328587,-3.0044862575390323,90.92496771405395,-2.0894863878925043,132.76624874272633,0.11915536867833909,S230518h,18117,132.76624874272633
2826,116.75675675675677,-58.584905660377345,118.05855641695945,-58.1207401684546,118.09303661796727,-59.03556361311078,115.42047689554626,-59.03556361311078,115.45495709655411,-58.1207401684546,132.73031364901192,0.11912311756496818,S230518h,2826,132.73031364901192
15069,93.28467153284672,-11.886792452830186,93.98605665775935,-11.428425702940483,93.98841832532497,-12.34342278449724,92.58092474036847,-12.343422784497239,92.58328640793407,-11.428425702940483,132.681932620915,0.11907969644480763,S230518h,15069,132.681932620915
3127,116.1290322580645,-56.886792452830186,117.37215215629263,-56.42304543366415,117.40296036535047,-57.33789060698523,114.85510415077856,-57.33789060698523,114.88591235983638,-56.42304543366415,132.6669958750721,0.11906629097862462,S230518h,3127,132.6669958750721
3442,115.55555555555554,-55.18867924528302,116.74605712544383,-54.72531492264701,116.77371234090963,-55.64017868991569,114.33739877020147,-55.64017868991569,114.36505398566726,-54.72531492264701,132.10856467946095,0.11856510882107588,S230518h,3442,132.10856467946095
10844,103.87351778656127,-25.471698113207545,104.63214547819989,-25.012240715603447,104.63793863598313,-25.927225768299653,103.1090969371394,-25.927225768299653,103.11489009492264,-25.012240715603447,132.10622236568116,0.11856300663573409,S230518h,10844,132.10622236568116
3770,113.57142857142857,-53.490566037735846,114.71454777061687,-53.02755362730562,114.7394744102858,-53.94243342086948,112.40338273257136,-53.94243342086948,112.42830937224028,-53.02755362730563,131.8438760745007,0.11832755546238975,S230518h,3770,131.8438760745007
20628,85.16129032258065,5.094339622641511,85.85200823916192,5.5514716559454635,85.85102558557463,4.6364721794291,84.47155505958668,4.6364721794291,84.47057240599939,5.5514716559454635,131.66145870432027,0.11816383908715869,S230518h,20628,131.66145870432027
555,111.1764705882353,-76.41509433962264,114.00761945651668,-75.94108089228301,114.20078703669994,-76.85495372502506,108.15215413977069,-76.85495372502506,108.34532171995394,-75.94108089228301,131.4226021877648,0.11794946957261028,S230518h,555,131.4226021877648
5602,112.1608040201005,-45.0,113.12532832949718,-44.538408164052726,113.14085399145137,-45.453342298185596,111.18075404874966,-45.453342298185596,111.1962797107038,-44.538408164052726,130.81225872096417,0.11740169706645195,S230518h,5602,130.81225872096417
6844,110.0,-39.90566037735849,110.89025592356286,-39.44473390498161,110.90222480302955,-40.35968783819192,109.09777519697046,-40.35968783819192,109.10974407643714,-39.44473390498161,130.72727463794746,0.11732542534950927,S230518h,6844,130.72727463794746
11607,99.06976744186046,-22.92452830188679,99.81370486656199,-22.46528978044789,99.81874630706562,-23.38027799910132,98.32078857665532,-23.38027799910132,98.32583001715895,-22.465289780447893,130.47842145906992,0.11710208400668509,S230518h,11607,130.47842145906992
4465,111.38121546961327,-50.094339622641506,112.44267313797687,-49.63195447278354,112.46313501174917,-50.54686029891829,110.29929592747736,-50.54686029891829,110.31975780124968,-49.631954472783534,130.35334476951633,0.11698982988187581,S230518h,4465,130.35334476951633
21182,81.58273381294964,6.792452830188687,82.27575205515686,7.2494610785227955,82.27443509159926,6.334462013002496,80.89103253430002,6.334462013002495,80.88971557074244,7.2494610785227955,130.18390809924,0.11683776345606658,S230518h,21182,130.18390809924
20906,84.1726618705036,5.943396226415093,84.86445208058024,6.400466470123059,84.86330291118301,5.485467184005647,83.4820208298242,5.485467184005648,83.48087166042696,6.400466470123059,130.0803344703656,0.11674480794929622,S230518h,20906,130.0803344703656
7279,107.51131221719457,-38.20754716981132,108.38075385340011,-37.74682085618726,108.39175149495193,-38.6617800461527,106.63087293943721,-38.6617800461527,106.64187058098904,-37.746820856187256,129.3148415518812,0.11605779154425022,S230518h,7279,129.3148415518812
2399,112.99270072992701,-61.132075471698116,114.39616304430012,-60.667201439544186,114.43740198304035,-61.58198474835436,111.5479994768137,-61.58198474835436,111.58923841555391,-60.667201439544186,129.0253277430719,0.1157979580025721,S230518h,2399,129.0253277430719
14796,93.62637362637362,-12.735849056603767,94.32994351417044,-12.277418494495375,94.33248758104692,-13.19241512967444,92.92025967170032,-13.19241512967444,92.92280373857679,-12.277418494495375,128.13263522323365,0.11499678219678547,S230518h,14796,128.13263522323365
59,93.91304347826087,-85.75471698113206,102.2394891808585,-85.24731211215168,104.20808319017141,-86.15045612028003,83.61800376635036,-86.15045612028003,85.58659777566325,-85.24731211215168,127.87406133124045,0.11476471668523558,S230518h,59,127.87406133124045
184,126.0,-82.35849056603773,130.86820720789026,-81.87202600229362,131.48085653316386,-82.78337578419338,120.51914346683614,-82.7833757841934,121.13179279210975,-81.87202600229362,127.53140135629661,0.11445718539597799,S230518h,184,127.53140135629661
6419,110.9004739336493,-41.60377358490565,111.81338644927328,-41.1426369463209,111.826423417868,-42.057585012457885,109.97452444943059,-42.057585012457885,109.98756141802532,-41.1426369463209,127.17449407011213,0.1141368673959439,S230518h,6419,127.17449407011213
11350,99.45525291828793,-23.77358490566037,100.20385942622103,-23.314274368161644,100.2091441323658,-24.229261586963453,98.70136170421007,-24.229261586963453,98.70664641035484,-23.314274368161644,126.82583043093463,0.11382394792383144,S230518h,11350,126.82583043093463
6004,110.63414634146342,-43.30188679245283,111.57174353296249,-42.84052881186335,111.58596022875477,-43.755470313126786,109.68233245417206,-43.75547031312678,109.69654914996437,-42.84052881186335,126.1261939282346,0.11319603649144933,S230518h,6004,126.1261939282346
100,320.0,-84.90566037735849,327.07017999865036,-84.40585709272172,328.44302295008663,-85.312615855454,311.5569770499133,-85.312615855454,312.9298200013496,-84.40585709272172,126.01429508399426,0.11309560925059253,S230518h,100,126.01429508399426
9118,103.5,-31.41509433962264,104.30166447824867,-30.955087407416006,104.30952173751068,-31.87006283659303,102.69047826248931,-31.87006283659303,102.69833552175133,-30.95508740741601,125.70821462468844,0.11282090743202648,S230518h,9118,125.70821462468844
3283,116.20253164556964,-56.0377358490566,117.41864012434317,-55.574184315219824,117.44781342626833,-56.48903913859057,114.95724986487095,-56.48903913859057,114.9864231667961,-55.574184315219824,125.44543119764035,0.11258506393694401,S230518h,3283,125.44543119764035
1033,121.30434782608694,-71.32075471698113,123.40060514033514,-70.85133948025174,123.50193381027583,-71.7657634060181,119.10676184189805,-71.7657634060181,119.20809051183875,-70.85133948025174,124.7828796001022,0.11199043555344526,S230518h,1033,124.7828796001022
5211,111.91709844559587,-46.698113207547166,112.91104074530658,-46.23627346299393,112.92802570413137,-47.15119930225128,110.90617118706038,-47.15119930225128,110.92315614588517,-46.23627346299393,124.45289693246924,0.11169428192410337,S230518h,5211,124.45289693246924
165,310.0,-83.20754716981132,315.4315159254577,-82.7176655849038,316.20644768889883,-83.62803729667446,303.79355231110117,-83.62803729667446,304.5684840745423,-82.7176655849038,123.99687349447258,0.11128500892441388,S230518h,165,123.99687349447258
9603,106.2295081967213,-29.716981132075464,107.01751321270015,-29.257137558643326,107.0247287281021,-30.17211609936472,105.43428766534049,-30.17211609936472,105.44150318074244,-29.257137558643333,123.9143903098355,0.11121098171969682,S230518h,9603,123.9143903098355
1647,112.69565217391305,-66.22641509433963,114.37032212255488,-65.7597199133034,114.43212439453589,-66.6743805343689,110.95917995329017,-66.6743805343689,111.02098222527121,-65.7597199133034,123.7391285183676,0.11105368735026673,S230518h,1647,123.7391285183676
4833,113.58288770053476,-48.39622641509434,114.60902819257474,-47.934122925332645,114.62764823532422,-48.849039390211146,112.53812716574531,-48.849039390211146,112.55674720849478,-47.93412292533265,123.65073399437308,0.11097435482264428,S230518h,4833,123.65073399437308
3605,115.63636363636363,-54.33962264150943,116.80256503210475,-53.876437847506146,116.82880794900676,-54.79130991866088,114.44391932372051,-54.79130991866087,114.4701622406225,-53.876437847506146,123.61012519337218,0.11093790913934246,S230518h,3605,123.61012519337218
50,303.1578947368421,-86.60377358490567,313.2805265166526,-86.08549181835642,316.3310632757939,-86.9820319810307,289.9847261978902,-86.9820319810307,293.0352629570316,-86.08549181835642,123.20814426001269,0.11057713833524352,S230518h,50,123.20814426001269
320,124.61538461538461,-79.81132075471697,128.3315887856581,-79.33186951589033,128.67607873036556,-80.24483309344546,120.55469050040364,-80.24483309344546,120.8991804451111,-79.33186951589033,123.08001550476172,0.11046214503525346,S230518h,320,123.08001550476172
99,306.6666666666667,-84.90566037735849,313.7368466653171,-84.40585709272172,315.1096896167533,-85.312615855454,298.22364371658006,-85.312615855454,299.5964866680163,-84.40585709272172,122.88991650798842,0.11029153453551871,S230518h,99,122.88991650798842
2681,117.5,-59.43396226415094,118.83372012831731,-58.96957226246887,118.87026783545645,-59.88438344604802,116.12973216454354,-59.88438344604802,116.16627987168268,-58.96957226246886,121.54334297885309,0.10908300852204722,S230518h,2681,121.54334297885309
7061,110.13698630136987,-39.056603773584904,111.01661541579828,-38.59577856433333,111.02808739946566,-39.51073519731472,109.2458852032741,-39.51073519731472,109.25735718694148,-38.59577856433332,121.54024615821497,0.10908022918009577,S230518h,7061,121.54024615821497
371,109.28571428571429,-78.9622641509434,112.73140812627969,-78.48446823005999,113.02477221777617,-79.39773913471271,105.54665635365242,-79.39773913471271,105.84002044514891,-78.48446823005999,121.34277188729435,0.10890299950177874,S230518h,371,121.34277188729435
223,106.36363636363636,-81.50943396226415,110.77506290021553,-81.02574501336248,111.27138774124211,-81.93779521133476,101.45588498603063,-81.93779521133476,101.9522098270572,-81.02574501336248,120.92795773384786,0.108530711108795,S230518h,223,120.92795773384786
2975,116.82119205298014,-57.73584905660377,118.09283584375918,-57.27189762535238,118.12540828206507,-58.18673236751173,115.51697582389522,-58.18673236751173,115.5495482622011,-57.27189762535238,120.79478418904505,0.10841119019908,S230518h,2975,120.79478418904505
22288,79.56521739130434,10.188679245283023,80.26473534621728,10.645436879666917,80.26273050908412,9.730439007282746,78.86770427352458,9.730439007282747,78.86569943639142,10.64543687966692,120.5859588241166,0.10822377311391661,S230518h,22288,120.5859588241166
8413,108.15450643776825,-33.9622641509434,108.97896127812534,-33.50200089322853,108.98787701901257,-34.41697101110395,107.32113585652392,-34.41697101110395,107.33005159741116,-33.50200089322853,120.56170793093233,0.10820200836462592,S230518h,8413,120.56170793093233
11353,103.65758754863813,-23.77358490566037,104.40619405657124,-23.314274368161644,104.411478762716,-24.229261586963453,102.90369633456028,-24.229261586963453,102.90898104070504,-23.314274368161644,119.53719073465521,0.10728252223471155,S230518h,11353,119.53719073465521
17278,89.03225806451613,-5.094339622641511,89.7219933275101,-4.6364721794291,89.72297598109739,-5.551471655945462,88.34154014793488,-5.551471655945463,88.34252280152215,-4.636472179429101,119.2486860648813,0.10702359437753492,S230518h,17278,119.2486860648813
21736,80.57761732851985,8.49056603773585,81.27356452021861,8.94744956396248,81.27190735937172,8.03245103186768,79.88332729766798,8.032451031867678,79.8816701368211,8.94744956396248,119.0356483616086,0.10683239679293617,S230518h,21736,119.0356483616086
7280,109.14027149321267,-38.20754716981132,110.0097131294182,-37.746820856187256,110.02071077097003,-38.66178004615269,108.2598322154553,-38.6617800461527,108.27082985700713,-37.74682085618726,118.9962068667686,0.10679699874634384,S230518h,7280,118.9962068667686
492,123.74999999999999,-77.26415094339622,126.75947893288789,-76.78903594165526,126.97947849098509,-77.70274763531974,120.52052150901488,-77.70274763531974,120.74052106711208,-76.78903594165526,118.91572937536843,0.10672477161596315,S230518h,492,118.91572937536843
21459,80.57761732851985,7.641509433962268,81.27202071320235,8.098455452743492,81.2705344846647,7.18345663841338,79.88470017237499,7.18345663841338,79.88321394383735,8.09845545274349,118.48029898160145,0.10633398051058517,S230518h,21459,118.48029898160145
7502,109.28571428571429,-37.35849056603773,110.14538828777317,-36.89786090455482,110.15593264552177,-37.812822517519514,108.41549592590682,-37.812822517519514,108.42604028365541,-36.89786090455481,118.28410902271466,0.10615790347968672,S230518h,7502,118.28410902271466
5802,112.27722772277228,-44.15094339622641,113.22799351229064,-43.689470143190476,113.24284730901107,-44.60440806846607,111.31160813653352,-44.60440806846607,111.32646193325394,-43.689470143190476,118.10272223680606,0.10599511203567899,S230518h,5802,118.10272223680606
19793,87.74193548387098,2.5471698113207557,88.43035989639156,3.004486257539032,88.4298709956235,2.0894863878925047,87.05399997211846,2.0894863878925047,87.0535110713504,3.004486257539032,117.3487876479201,0.1053184690277701,S230518h,19793,117.3487876479201
22,72.0,-87.45283018867924,84.89379449385842,-86.91772302298592,90.21548519236977,-87.80022755457108,53.78451480763024,-87.80022755457108,59.10620550614157,-86.91772302298592,115.95918580075927,0.10407132585710323,S230518h,22,115.95918580075927
11610,103.25581395348837,-22.92452830188679,103.9997513781899,-22.465289780447893,104.00479281869353,-23.38027799910132,102.50683508828322,-23.38027799910132,102.51187652878684,-22.46528978044789,115.50532005831643,0.10366398935115102,S230518h,11610,115.50532005831643
1537,120.00000000000001,-67.0754716981132,121.73184691155433,-66.60840149892663,121.79846433815023,-67.52303332468944,118.2015356618498,-67.52303332468944,118.26815308844567,-66.60840149892663,114.9362439899361,0.1031532536078728,S230518h,1537,114.9362439899361
114,127.74193548387098,-84.05660377358491,133.88513175923123,-83.5624109828508,134.89604977449378,-84.47135848394804,120.58782119324815,-84.47135848394804,121.59873920851072,-83.5624109828508,114.71397929957597,0.10295377496495836,S230518h,114,114.71397929957597
10342,105.12,-27.169811320754707,105.8896058513561,-26.710202943497553,105.89593986828866,-27.625185591211185,104.34406013171133,-27.625185591211185,104.3503941486439,-26.710202943497553,114.21219588621906,0.10250343319375205,S230518h,10342,114.21219588621906
3938,111.57894736842104,-52.64150943396226,112.70012159944278,-52.17866275157255,112.72381931222209,-53.093549738023256,110.43407542462,-53.093549738023256,110.45777313739931,-52.17866275157255,114.09131120322522,0.10239494132095983,S230518h,3938,114.09131120322522
17,294.5454545454545,-88.30188679245282,312.23867246003425,-87.73743212585558,323.5419188362972,-88.58169408717343,265.5489902546118,-88.58169408717343,276.85223663087476,-87.73743212585558,113.63966628342756,0.10198959796419697,S230518h,17,113.63966628342756
4,154.28571428571428,-89.15094339622642,182.04054486244183,-88.52361237902466,214.62526726598875,-89.20885555083653,93.94616130543979,-89.20885555083653,126.5308837089867,-88.52361237902466,113.63396125641043,0.10198447780298144,S230518h,4,113.63396125641043
22012,79.56521739130434,9.339622641509443,80.26286879554141,9.796443382880861,80.26103883393687,8.881445164577443,78.86939594867184,8.881445164577443,78.8675659870673,9.796443382880861,113.53215977333713,0.1018931127658393,S230518h,22012,113.53215977333713
8644,104.17021276595746,-33.11320754716981,104.98674831932003,-32.65303134171315,104.99529734335799,-33.56800332223071,103.34512818855693,-33.56800332223071,103.35367721259489,-32.65303134171315,113.35634662844816,0.10173532356642961,S230518h,8644,113.35634662844816
19790,83.87096774193549,2.5471698113207557,84.55939215445608,3.004486257539032,84.55890325368802,2.0894863878925047,83.18303223018297,2.0894863878925047,83.1825433294149,3.004486257539032,112.65322397885102,0.10110428337863919,S230518h,19790,112.65322397885102
7059,106.84931506849315,-39.056603773584904,107.72894418292155,-38.59577856433333,107.74041616658894,-39.51073519731472,105.95821397039737,-39.51073519731473,105.96968595406476,-38.59577856433333,111.96980002920779,0.10049092242693267,S230518h,7059,111.96980002920779
41,132.6315789473684,-86.60377358490567,142.75421072717893,-86.08549181835642,145.80474748632025,-86.9820319810307,119.45841040841657,-86.9820319810307,122.50894716755793,-86.08549181835642,111.82463452177507,0.10036063894207618,S230518h,41,111.82463452177507
248,310.90909090909093,-81.50943396226415,315.3205174456701,-81.02574501336248,315.81684228669667,-81.93779521133477,306.00133953148514,-81.93779521133477,306.49766437251174,-81.02574501336248,111.29398612302111,0.0998843913551264,S230518h,248,111.29398612302111
2401,118.24817518248176,-61.132075471698116,119.65163749685487,-60.667201439544186,119.69287643559508,-61.58198474835436,116.80347392936844,-61.581984748354344,116.84471286810864,-60.667201439544186,109.8313009030598,0.09857165714522506,S230518h,2401,109.8313009030598
22013,80.8695652173913,9.339622641509443,81.56721662162836,9.796443382880861,81.5653866600238,8.881445164577443,80.17374377475879,8.881445164577443,80.17191381315425,9.796443382880861,108.44840417491609,0.0973305317007204,S230518h,22013,108.44840417491609
4112,115.19999999999999,-51.79245283018868,116.30029287232473,-51.32976566712455,116.32284128874005,-52.24465936318111,114.07715871125993,-52.24465936318111,114.09970712767525,-51.32976566712454,108.38389174656129,0.09727263293309124,S230518h,4112,108.38389174656129
21737,81.87725631768954,8.49056603773585,82.5732035093883,8.94744956396248,82.57154634854143,8.032451031867678,81.18296628683767,8.032451031867678,81.1813091259908,8.94744956396248,108.20036042648955,0.09710791680746245,S230518h,21737,108.20036042648955
8882,107.39495798319328,-32.26415094339622,108.20390085442494,-31.804060152352676,108.21209734289651,-32.71903390162755,106.57781862349006,-32.71903390162755,106.58601511196163,-31.804060152352676,108.14307469675612,0.09705650387449917,S230518h,8882,108.14307469675612
14524,93.97058823529412,-13.58490566037736,94.67651202374311,-13.126410873126577,94.67924145492705,-14.041407026855124,93.26193501566118,-14.041407026855124,93.26466444684512,-13.126410873126577,106.07731371731906,0.09520251979769415,S230518h,14524,106.07731371731906
856,111.42857142857143,-73.01886792452831,113.72146152600038,-72.54820988239366,113.84446046304402,-73.46250385953338,109.01268239409886,-73.46250385953338,109.1356813311425,-72.54820988239366,105.98267441451436,0.09511758269113323,S230518h,856,105.98267441451436
21461,83.17689530685921,7.641509433962268,83.87129869154171,8.098455452743492,83.86981246300407,7.18345663841338,82.48397815071435,7.18345663841338,82.4824919221767,8.098455452743492,104.57401343853847,0.09385333428820927,S230518h,21461,104.57401343853847
2679,112.5,-59.43396226415094,113.83372012831731,-58.96957226246887,113.87026783545646,-59.88438344604802,111.12973216454354,-59.88438344604802,111.16627987168269,-58.96957226246887,104.47332217134225,0.09376296565025291,S230518h,2679,104.47332217134225
2537,112.34042553191489,-60.28301886792453,113.70797830964598,-59.81839301715441,113.7467718222086,-60.73319086476167,110.93407924162119,-60.73319086476165,110.9728727541838,-59.81839301715441,103.618060719154,0.09299538356808276,S230518h,2537,103.618060719154
16169,90.97472924187726,-8.49056603773585,91.66901927272913,-8.032451031867678,91.670676433576,-8.94744956396248,90.27878205017849,-8.947449563962477,90.28043921102538,-8.032451031867678,103.17784883464316,0.0926003011590202,S230518h,16169,103.17784883464316
205,315.0,-82.35849056603773,319.8682072078903,-81.87202600229362,320.48085653316383,-82.78337578419338,309.51914346683617,-82.78337578419338,310.1317927921097,-81.87202600229362,103.11187872542091,0.09254109414849933,S230518h,205,103.11187872542091
20904,81.58273381294964,5.943396226415093,82.27452402302629,6.400466470123059,82.27337485362905,5.485467184005648,80.89209277227023,5.485467184005648,80.89094360287301,6.4004664701230585,102.72805340368483,0.09219661768589948,S230518h,20904,102.72805340368483
18955,90.0,0.0,90.6875,0.4575000000000001,90.6875,-0.4575000000000001,89.3125,-0.4575000000000001,89.3125,0.4575000000000001,102.15761742362126,0.09168466144584952,S230518h,18955,102.15761742362126
700,123.1578947368421,-74.71698113207546,125.69055045115704,-74.24482159494406,125.84282152349604,-75.15893993753988,120.47296795018815,-75.15893993753988,120.62523902252717,-74.24482159494406,102.11725291581804,0.09164843501138777,S230518h,700,102.11725291581804
2136,119.07692307692308,-62.83018867924528,120.55919532979031,-62.3647767072679,120.60602627004397,-63.279526716180385,117.54781988380218,-63.279526716180385,117.59465082405582,-62.3647767072679,101.8516198826878,0.0914100340450615,S230518h,2136,101.8516198826878
7500,106.07142857142857,-37.35849056603773,106.93110257348744,-36.89786090455481,106.94164693123604,-37.812822517519514,105.2012102116211,-37.812822517519514,105.2117545693697,-36.89786090455482,101.1725776400515,0.09080060559818051,S230518h,7500,101.1725776400515
4286,111.23595505617978,-50.94339622641509,112.31636292611303,-50.48086278266235,112.3378347853529,-51.39576274630834,110.13407532700666,-51.39576274630835,110.15554718624654,-50.48086278266235,101.15519950318698,0.09078500902657707,S230518h,4286,101.15519950318698
18672,86.14285714285714,-0.849056603773581,86.83035127467673,-0.39149548396610345,86.83051400311453,-1.3064954694993451,85.45520028259976,-1.3064954694993451,85.45536301103756,-0.39149548396610345,100.66538603762628,0.09034541007258692,S230518h,18672,100.66538603762628
22563,78.54545454545455,11.037735849056604,79.2470035188577,11.494430023897554,79.24482151927832,10.579432530195424,77.84608757163076,10.579432530195424,77.84390557205141,11.494430023897552,100.20884662570677,0.08993567399539402,S230518h,22563,100.20884662570677
74,328.69565217391306,-85.75471698113206,337.02209787651066,-85.24731211215168,338.9906918858236,-86.15045612028003,318.4006124620025,-86.15045612028003,320.3692064713154,-85.24731211215168,100.13879640835356,0.08987280515972408,S230518h,74,100.13879640835356
16726,94.53237410071942,-6.792452830188674,95.22407537936904,-6.334462013002483,95.22539234292664,-7.249461078522781,93.8393558585122,-7.249461078522781,93.8406728220698,-6.334462013002483,99.74201433308757,0.0895167002391513,S230518h,16726,99.74201433308757
204,306.0,-82.35849056603773,310.86820720789024,-81.87202600229362,311.48085653316383,-82.7833757841934,300.51914346683617,-82.7833757841934,301.1317927921097,-81.87202600229362,99.5825399707152,0.08937357480913298,S230518h,204,99.5825399707152
5021,113.68421052631581,-47.54716981132076,114.69388449623673,-47.08520029603243,114.71166323317058,-48.000121593723044,112.65675781946103,-48.000121593723044,112.67453655639487,-47.08520029603243,99.1080121943453,0.08894769449183158,S230518h,5021,99.1080121943453
22287,78.26086956521738,10.188679245283023,78.96038752013031,10.64543687966692,78.95838268299715,9.730439007282747,77.56335644743761,9.730439007282747,77.56135161030446,10.64543687966692,98.85849941163107,0.08872376116618733,S230518h,22287,98.85849941163107
7953,108.94736842105263,-35.660377358490564,109.78869502120946,-35.19993473001254,109.7983905743419,-36.1149008187812,108.09634626776338,-36.1149008187812,108.10604182089581,-35.19993473001254,97.68350565385563,0.08766922497398245,S230518h,7953,97.68350565385563
6003,108.8780487804878,-43.30188679245283,109.81564597198685,-42.84052881186335,109.82986266777917,-43.75547031312678,107.92623489319644,-43.75547031312677,107.94045158898874,-42.84052881186334,97.59983188623622,0.08759412924201884,S230518h,6003,97.59983188623622
1883,112.1311475409836,-64.52830188679245,113.70306705445118,-64.06228741000734,113.75663910414455,-64.97699720338056,110.50565597782266,-64.97699720338056,110.55922802751601,-64.06228741000734,97.19167912231559,0.0872278193287495,S230518h,1883,97.19167912231559
3940,115.78947368421052,-52.64150943396226,116.91064791523226,-52.17866275157255,116.93434562801154,-53.09354973802325,114.64460174040948,-53.09354973802326,114.66829945318877,-52.17866275157255,96.8647099019884,0.08693437021526243,S230518h,3940,96.8647099019884
2973,112.05298013245033,-57.73584905660377,113.32462392322937,-57.27189762535237,113.35719636153526,-58.18673236751173,110.74876390336541,-58.18673236751173,110.78133634167129,-57.27189762535238,95.37400512059419,0.08559648894272763,S230518h,2973,95.37400512059419
1322,111.84466019417475,-68.77358490566037,113.70472719611494,-68.30568173409745,113.78276056226751,-69.22024523564166,109.906559826082,-69.22024523564167,109.98459319223456,-68.30568173409746,93.9122166317028,0.08428455953315962,S230518h,1322,93.9122166317028
2824,111.89189189189189,-58.584905660377345,113.19369155209456,-58.1207401684546,113.2281717531024,-59.03556361311078,110.55561203068139,-59.03556361311078,110.59009223168923,-58.12074016845459,93.65973202975943,0.08405795905212572,S230518h,2824,93.65973202975943
14253,94.31734317343174,-14.433962264150942,95.02579274278705,-13.975402806323315,95.02871074560281,-14.890398442613018,93.60597560126068,-14.890398442613018,93.60889360407643,-13.975402806323315,93.6103606486192,0.08401364910756051,S230518h,14253,93.6103606486192
9358,102.64462809917356,-30.566037735849058,103.43931691185398,-30.106113184860245,103.44684743340072,-31.021090209745193,101.8424087649464,-31.021090209745186,101.84993928649314,-30.10611318486024,92.81542782775028,0.08330021090890584,S230518h,9358,92.81542782775028
295,307.49999999999994,-80.66037735849056,311.5336890198093,-80.17898843380384,311.94381529751263,-81.09155728932656,303.05618470248726,-81.09155728932656,303.46631098019066,-80.17898843380384,92.72467137958505,0.0832187585959613,S230518h,295,92.72467137958505
22837,77.51824817518248,11.886792452830198,78.22199496766072,12.343422784497255,78.21963330009511,11.4284257029405,76.81686305026983,11.4284257029405,76.81450138270422,12.343422784497255,92.70426196081591,0.08320044150226485,S230518h,22837,92.70426196081591
17835,87.74193548387098,-3.396226415094337,88.43031872879234,-2.9384817540480896,88.43097143286005,-3.8534815220706875,87.05289953488192,-3.8534815220706875,87.05355223894962,-2.9384817540480896,92.50779049833204,0.0830241118268486,S230518h,17835,92.50779049833204
20347,82.58064516129032,4.245283018867931,83.2704453300199,4.702476664022704,83.26962810287,3.7874770269662625,81.89166221971064,3.7874770269662617,81.89084499256074,4.702476664022703,91.93134703469981,0.0825067639761579,S230518h,20347,91.93134703469981
4110,111.08571428571427,-51.79245283018868,112.18600715803902,-51.32976566712454,112.20855557445434,-52.244659363181114,109.96287299697421,-52.24465936318111,109.98542141338953,-51.32976566712454,91.86096110826576,0.08244359384750367,S230518h,4110,91.86096110826576
624,110.0,-75.56603773584906,112.67330969256312,-75.09300281892446,112.84423047869939,-76.00700921925686,107.15576952130063,-76.00700921925686,107.32669030743686,-75.09300281892446,91.83902681271516,0.0824239082037668,S230518h,624,91.83902681271516
18396,91.28571428571429,-1.698113207547162,91.97335353498647,-1.2404909555528811,91.97367917060593,-2.1554908976604223,90.59774940082266,-2.1554908976604223,90.59807503644211,-1.2404909555528811,90.63430312449704,0.08134268992288181,S230518h,18396,90.63430312449704
22289,80.8695652173913,10.188679245283023,81.56908317230422,10.64543687966692,81.56707833517106,9.730439007282747,80.17205209961153,9.730439007282747,80.17004726247838,10.64543687966692,90.46217615970912,0.08118820900515601,S230518h,22289,90.46217615970912
20350,86.45161290322581,4.245283018867931,87.14141307195538,4.702476664022703,87.14059584480549,3.7874770269662617,85.76262996164613,3.7874770269662617,85.76181273449625,4.702476664022703,89.55300545886732,0.08037224432229241,S230518h,20350,89.55300545886732
17560,92.90322580645162,-4.245283018867918,93.5922087480313,-3.7874770269662488,93.59302597518118,-4.70247666402269,92.21342563772204,-4.70247666402269,92.21424286487193,-3.7874770269662488,89.44555092303378,0.08027580576991442,S230518h,17560,89.44555092303378
17000,89.35251798561151,-5.943396226415093,90.04315902629092,-5.485467184005647,90.04430819568815,-6.400466470123058,88.66072777553487,-6.400466470123058,88.6618769449321,-5.485467184005646,88.76779756174122,0.07966753407132715,S230518h,17000,88.76779756174122
129,301.93548387096774,-84.05660377358491,308.078680146328,-83.5624109828508,309.0895981615906,-84.47135848394804,294.7813695803449,-84.47135848394804,295.7922875956075,-83.5624109828508,88.64862673388541,0.07956058035332025,S230518h,129,88.64862673388541
6,257.14285714285717,-89.15094339622642,284.8976877195847,-88.52361237902466,317.4824101231317,-89.20885555083653,196.8033041625827,-89.20885555083653,229.38802656612958,-88.52361237902466,88.60131295866475,0.07951811707380932,S230518h,6,88.60131295866475
11865,98.3076923076923,-22.07547169811321,99.04717988971687,-21.616304315504323,99.05198478920038,-22.531293481595387,97.56339982618424,-22.531293481595384,97.56820472566774,-21.616304315504323,88.57015663496536,0.07949015482231679,S230518h,11865,88.57015663496536
19231,84.85714285714286,0.8490566037735938,85.54479971740024,1.306495469499358,85.54463698896244,0.3914954839661162,84.16964872532328,0.3914954839661162,84.16948599688547,1.306495469499358,87.93575997610608,0.07892079500014418,S230518h,19231,87.93575997610608
10339,100.8,-27.169811320754707,101.5696058513561,-26.710202943497553,101.57593986828866,-27.62518559121118,100.02406013171134,-27.62518559121118,100.03039414864392,-26.710202943497553,87.73938994720024,0.07874455635957678,S230518h,10339,87.73938994720024
3771,115.71428571428571,-53.490566037735846,116.85740491347403,-53.02755362730563,116.88233155314295,-53.94243342086948,114.5462398754285,-53.942433420869484,114.57116651509742,-53.02755362730563,87.5463091318537,0.07857126973021729,S230518h,3771,87.5463091318537
19,0.0,-87.45283018867924,12.893794493858424,-86.91772302298592,18.21548519236976,-87.80022755457108,341.7845148076303,-87.80022755457108,347.1062055061416,-86.91772302298592,86.81059491270568,0.07791097918307413,S230518h,19,86.81059491270568
1429,121.1214953271028,-67.9245283018868,122.91496769275398,-67.45705648255577,122.98696479137476,-68.37165611948272,119.25602586283084,-68.37165611948272,119.32802296145162,-67.45705648255577,86.7926876464682,0.07789490772718263,S230518h,1429,86.7926876464682
5210,110.05181347150261,-46.698113207547166,111.04575577121332,-46.23627346299393,111.06274073003812,-47.15119930225128,109.04088621296712,-47.15119930225128,109.05787117179192,-46.23627346299393,86.09800414236854,0.07727144152376404,S230518h,5210,86.09800414236854
1221,111.60000000000001,-69.62264150943396,113.53223629853134,-69.15427361423606,113.61707415628563,-70.06879636334293,109.58292584371438,-70.06879636334293,109.66776370146869,-69.15427361423606,86.03159915154615,0.07721184421467041,S230518h,1221,86.03159915154615
944,122.72727272727273,-72.16981132075472,124.91720378728947,-71.69980251664518,125.02859568655003,-72.61416610681106,120.42594976799543,-72.61416610681106,120.53734166725597,-71.69980251664518,85.22495623947312,0.07648789641551187,S230518h,944,85.22495623947312
23110,76.48351648351648,12.73584905660378,77.18963043818978,13.192415129674455,77.18708637131331,12.277418494495391,75.77994659571965,12.277418494495391,75.77740252884318,13.192415129674455,85.21358624756176,0.07647769204813012,S230518h,23110,85.21358624756176
21184,84.1726618705036,6.792452830188687,84.8656801127108,7.2494610785227955,84.86436314915322,6.334462013002497,83.48096059185397,6.334462013002498,83.47964362829639,7.2494610785227955,85.0152661292245,0.07629970323666194,S230518h,21184,85.0152661292245
1763,111.9327731092437,-65.37735849056604,113.55426435488825,-64.91101443265092,113.6117394929788,-65.8257009148699,110.2538067255086,-65.8257009148699,110.31128186359915,-64.91101443265092,84.99670429378259,0.07628304431644409,S230518h,1763,84.99670429378259
347,311.5384615384615,-79.81132075471697,315.254665708735,-79.33186951589033,315.59915565344244,-80.24483309344546,307.47776742348054,-80.24483309344546,307.82225736818793,-79.33186951589033,84.99010233413479,0.076277119173998,S230518h,347,84.99010233413479
22564,79.85454545454544,11.037735849056604,80.5560944279486,11.494430023897555,80.55391242836923,10.579432530195422,79.15517848072167,10.57943253019542,79.15299648114231,11.494430023897554,84.66478668381646,0.07598515411045516,S230518h,22564,84.66478668381646
5800,108.7128712871287,-44.15094339622641,109.66363707664706,-43.68947014319047,109.67849087336748,-44.60440806846607,107.74725170088993,-44.60440806846607,107.76210549761035,-43.68947014319047,83.90532826709149,0.07530355356440005,S230518h,5800,83.90532826709149
402,308.57142857142856,-78.9622641509434,312.01712241199397,-78.48446823005999,312.31048650349044,-79.39773913471271,304.8323706393667,-79.39773913471271,305.12573473086314,-78.48446823005999,83.14685381935152,0.07462283611316976,S230518h,402,83.14685381935152
3281,111.64556962025317,-56.0377358490566,112.8616780990267,-55.574184315219824,112.89085140095186,-56.48903913859057,110.40028783955448,-56.48903913859057,110.42946114147965,-55.574184315219824,82.8465709246579,0.07435333750668015,S230518h,3281,82.8465709246579
271,127.49999999999999,-80.66037735849056,131.53368901980932,-80.17898843380384,131.9438152975127,-81.09155728932656,123.05618470248726,-81.09155728932656,123.46631098019067,-80.17898843380384,82.4419790944387,0.07399022346865808,S230518h,271,82.4419790944387
22838,78.83211678832117,11.886792452830198,79.53586358079943,12.343422784497255,79.53350191323382,11.428425702940498,78.13073166340854,11.4284257029405,78.12836999584293,12.343422784497255,81.89459336500646,0.07349895442236493,S230518h,22838,81.89459336500646
5019,109.89473684210527,-47.54716981132076,110.90441081202623,-47.08520029603243,110.92218954896006,-48.00012159372305,108.86728413525051,-48.00012159372305,108.88506287218433,-47.08520029603244,81.87008676239253,0.07347696017836716,S230518h,5019,81.87008676239253
166,320.0,-83.20754716981132,325.4315159254577,-82.7176655849038,326.20644768889883,-83.62803729667446,313.79355231110117,-83.62803729667446,314.5684840745423,-82.7176655849038,80.11189184994346,0.07189901122684399,S230518h,166,80.11189184994346
10094,105.96774193548387,-28.0188679245283,106.74321477118372,-27.559182372764475,106.74983267663984,-28.474163721306052,105.1856511943279,-28.474163721306052,105.19226909978403,-27.55918237276448,79.86546890648403,0.07167785097748265,S230518h,10094,79.86546890648403
21735,79.27797833935018,8.49056603773585,79.97392553104895,8.94744956396248,79.97226837020206,8.03245103186768,78.58368830849831,8.032451031867678,78.58203114765142,8.94744956396248,79.81606004416679,0.07163350739422154,S230518h,21735,79.81606004416679
3603,111.27272727272728,-54.33962264150943,112.4389286684684,-53.876437847506146,112.4651715853704,-54.79130991866088,110.08028296008416,-54.79130991866088,110.10652587698614,-53.876437847506146,79.32189259445026,0.07119000081617617,S230518h,3603,79.32189259445026
13983,94.66666666666667,-15.283018867924524,95.37781686418464,-14.824394260728182,95.380926897757,-15.739389342596443,93.95240643557635,-15.739389342596443,93.9555164691487,-14.824394260728182,79.27546883751651,0.07114833631239409,S230518h,13983,79.27546883751651
2267,119.09774436090225,-61.9811320754717,120.53937747735708,-61.51599641863672,120.58328606007242,-62.43076383822156,117.61220266173208,-62.43076383822156,117.65611124444743,-61.51599641863672,79.23881726089199,0.07111544216823701,S230518h,2267,79.23881726089199
83,93.33333333333333,-84.90566037735849,100.40351333198375,-84.40585709272172,101.77635628341997,-85.312615855454,84.89031038324669,-85.312615855454,86.26315333468293,-84.40585709272172,78.06547036759048,0.07006238400787693,S230518h,83,78.06547036759048
8179,104.41558441558442,-34.811320754716974,105.24829827303108,-34.350968719977146,105.25759585271584,-35.26593687589358,103.57357297845299,-35.26593687589358,103.58287055813776,-34.350968719977146,77.85109533832812,0.06986998619676843,S230518h,8179,77.85109533832812
23111,77.8021978021978,12.73584905660378,78.50831175687111,13.192415129674455,78.50576768999463,12.277418494495388,77.09862791440098,12.277418494495388,77.0960838475245,13.192415129674453,77.68262534429732,0.06971878734585507,S230518h,23111,77.68262534429732
428,108.0,-78.11320754716981,111.21251098039056,-77.6368426452814,111.46527965942123,-78.55035748923345,104.53472034057876,-78.55035748923345,104.78748901960944,-77.6368426452814,77.66868573339652,0.06970627679071137,S230518h,428,77.66868573339652
72,297.39130434782606,-85.75471698113206,305.71775005042366,-85.24731211215168,307.68634405973654,-86.15045612028003,287.09626463591553,-86.15045612028003,289.06485864522847,-85.24731211215168,76.47904799678453,0.06863859788555264,S230518h,72,76.47904799678453
6005,112.39024390243902,-43.30188679245283,113.32784109393809,-42.84052881186335,113.34205778973038,-43.755470313126786,111.43843001514766,-43.755470313126786,111.45264671093997,-42.840528811863344,76.39342921443048,0.0685617565371392,S230518h,6005,76.39342921443048
147,130.0,-83.20754716981132,135.4315159254577,-82.7176655849038,136.2064476888988,-83.62803729667446,123.79355231110118,-83.62803729667446,124.56848407454233,-82.7176655849038,76.37550605974309,0.06854567082164388,S230518h,147,76.37550605974309
431,126.0,-78.11320754716981,129.21251098039056,-77.6368426452814,129.46527965942124,-78.55035748923345,122.53472034057876,-78.55035748923345,122.78748901960944,-77.6368426452814,76.16589967877441,0.06835755278834722,S230518h,431,76.16589967877441
6417,107.48815165876778,-41.60377358490565,108.40106417439176,-41.1426369463209,108.41410114298648,-42.057585012457885,106.56220217454907,-42.057585012457885,106.5752391431438,-41.1426369463209,76.15349251912193,0.06834641758119449,S230518h,6417,76.15349251912193
4288,115.28089887640448,-50.94339622641509,116.36130674633773,-50.480862782662356,116.38277860557761,-51.39576274630834,114.17901914723136,-51.39576274630834,114.20049100647124,-50.480862782662356,75.9404999093622,0.06815526046722901,S230518h,4288,75.9404999093622
144,100.0,-83.20754716981132,105.43151592545767,-82.7176655849038,106.20644768889882,-83.62803729667446,93.79355231110118,-83.62803729667446,94.56848407454233,-82.7176655849038,75.92907676323983,0.06814500839487955,S230518h,144,75.92907676323983
19514,88.71428571428571,1.6981132075471748,89.40225059917735,2.1554908976604352,89.40192496355789,1.2404909555528938,88.02664646501353,1.2404909555528938,88.02632082939408,2.1554908976604352,75.92070716167628,0.06813749682496294,S230518h,19514,75.92070716167628
13183,101.12359550561798,-17.83018867924528,101.84392989854811,-17.371365403358073,101.84763945792689,-18.286358588851233,100.3995515533091,-18.28635858885123,100.40326111268789,-17.37136540335807,75.77343459303074,0.06800532228979798,S230518h,13183,75.77343459303074
6631,111.54929577464789,-40.75471698113208,112.45063870812828,-40.293686745980466,112.4631286607107,-41.208637827054545,110.6354628885851,-41.208637827054545,110.64795284116748,-40.293686745980466,75.27565962851064,0.06755857803078698,S230518h,6631,75.27565962851064
52,341.05263157894734,-86.60377358490567,351.1752633587579,-86.08549181835642,354.22580011789915,-86.9820319810307,327.8794630399955,-86.9820319810307,330.92999979913685,-86.08549181835642,74.62637823822148,0.06697585942445046,S230518h,52,74.62637823822148
268,105.0,-80.66037735849056,109.03368901980932,-80.17898843380384,109.44381529751271,-81.09155728932656,100.5561847024873,-81.09155728932656,100.96631098019068,-80.17898843380384,74.57360832841852,0.06692849936029832,S230518h,268,74.57360832841852
31,288.0,-87.45283018867924,300.8937944938584,-86.91772302298592,306.2154851923697,-87.80022755457108,269.7845148076302,-87.80022755457108,275.1062055061415,-86.91772302298592,74.31038243717076,0.06669225876139363,S230518h,31,74.31038243717076
86,133.33333333333331,-84.90566037735849,140.40351333198373,-84.40585709272172,141.77635628341997,-85.312615855454,124.89031038324669,-85.312615855454,126.26315333468291,-84.40585709272172,74.05691392256155,0.06646477523608038,S230518h,86,74.05691392256155
12125,97.93103448275863,-21.226415094339615,98.66628561478788,-20.767318019947634,98.67086029126351,-21.682308083156066,97.19120867425376,-21.682308083156066,97.19578335072937,-20.767318019947634,74.0011233262916,0.06641470415905378,S230518h,12125,74.0011233262916
3125,111.48387096774192,-56.886792452830186,112.72699086597005,-56.42304543366415,112.75779907502788,-57.33789060698523,110.20994286045597,-57.33789060698522,110.2407510695138,-56.42304543366415,73.65773197567826,0.0661065164730209,S230518h,3125,73.65773197567826
2009,120.00000000000001,-63.67924528301886,121.52561307503758,-63.21354090053841,121.57565224680783,-64.12827177829537,118.42434775319217,-64.12827177829537,118.47438692496245,-63.21354090053841,72.51934123588278,0.0650848308444453,S230518h,2009,72.51934123588278
3769,111.42857142857143,-53.490566037735846,112.57169062775974,-53.02755362730562,112.59661726742866,-53.94243342086948,110.26052558971422,-53.94243342086948,110.28545222938314,-53.02755362730562,72.32182726727477,0.06490756553815337,S230518h,3769,72.32182726727477
6842,106.66666666666667,-39.90566037735849,107.55692259022953,-39.444733904981604,107.56889146969621,-40.35968783819192,105.76444186363712,-40.35968783819192,105.77641074310381,-39.44473390498161,72.219167523863,0.06481543022748149,S230518h,6842,72.219167523863
13714,95.0185873605948,-16.132075471698105,95.73261623380866,-15.673385202064155,95.73592201940555,-16.588379691451127,94.30125270178404,-16.58837969145113,94.30455848738093,-15.673385202064159,71.66441259242228,0.06431754745224365,S230518h,13714,71.66441259242228
15893,91.30434782608695,-9.339622641509429,92.00016926871946,-8.881445164577427,92.001999230324,-9.796443382880847,90.60669642184989,-9.796443382880847,90.60852638345443,-8.881445164577427,71.59343534603244,0.06425384662434917,S230518h,15893,71.59343534603244
12917,101.50375939849624,-18.679245283018858,102.22752829281075,-18.220354589450892,102.23144645864792,-19.135347060918644,100.77607233834458,-19.135347060918644,100.77999050418175,-18.220354589450892,71.42158522433029,0.06409961416841439,S230518h,12917,71.42158522433029
7724,105.13274336283186,-36.509433962264154,105.98305136373595,-36.048898825956684,105.99316211670259,-36.963862736035296,104.27232460896113,-36.963862736035296,104.28243536192775,-36.04889882595669,71.39306521568916,0.0640740179632303,S230518h,7724,71.39306521568916
296,315.0,-80.66037735849056,319.03368901980934,-80.17898843380384,319.4438152975127,-81.09155728932656,310.55618470248726,-81.09155728932656,310.96631098019066,-80.17898843380384,69.69255002906256,0.06254783554921742,S230518h,296,69.69255002906256
23382,75.44117647058823,13.58490566037736,76.14982969022117,14.041407026855122,76.14710025903724,13.126410873126577,74.73525268213923,13.126410873126577,74.7325232509553,14.041407026855122,69.38714012856904,0.06227373554536902,S230518h,23382,69.38714012856904
23383,76.76470588235294,13.58490566037736,77.47335910198588,14.041407026855122,77.47062967080194,13.126410873126577,76.05878209390394,13.126410873126577,76.05605266272,14.041407026855122,68.92762425973982,0.061861328150549906,S230518h,23383,68.92762425973982
627,124.99999999999999,-75.56603773584906,127.67330969256311,-75.09300281892446,127.84423047869936,-76.00700921925686,122.1557695213006,-76.00700921925686,122.32669030743686,-75.09300281892446,68.84320646494459,0.06178556466730704,S230518h,627,68.84320646494459
15897,96.52173913043478,-9.339622641509429,97.2175605730673,-8.881445164577427,97.21939053467185,-9.796443382880845,95.82408772619773,-9.796443382880845,95.82591768780227,-8.881445164577427,68.52912127841303,0.061503678747112864,S230518h,15897,68.52912127841303
13450,100.74626865671642,-16.9811320754717,101.46335769627494,-16.522375595057778,101.46686322857968,-17.437369452738842,100.02567408485316,-17.437369452738842,100.02917961715791,-16.522375595057778,68.33797042620652,0.061332124225662296,S230518h,13450,68.33797042620652
941,110.45454545454545,-72.16981132075472,112.6444765145622,-71.69980251664518,112.75586841382275,-72.61416610681106,108.15322249526815,-72.61416610681106,108.2646143945287,-71.69980251664518,68.27225758285545,0.061273148106727335,S230518h,941,68.27225758285545
5,205.71428571428572,-89.15094339622642,233.46911629101328,-88.52361237902466,266.0538386945602,-89.20885555083653,145.37473273401125,-89.20885555083653,177.95945513755817,-88.52361237902466,67.393529599911,0.060484505226723884,S230518h,5,67.393529599911
9600,101.80327868852459,-29.716981132075464,102.59128370450344,-29.257137558643326,102.59849921990539,-30.17211609936472,101.00805815714376,-30.17211609936472,101.01527367254573,-29.257137558643326,66.94349889587053,0.06008061060015787,S230518h,9600,66.94349889587053
25,144.0,-87.45283018867924,156.89379449385842,-86.91772302298592,162.21548519236975,-87.80022755457108,125.78451480763023,-87.80022755457108,131.10620550614158,-86.91772302298592,66.65654806589895,0.05982307728682251,S230518h,25,66.65654806589895
21181,80.28776978417267,6.792452830188687,80.98078802637987,7.2494610785227955,80.97947106282228,6.334462013002496,79.59606850552305,6.334462013002496,79.59475154196545,7.2494610785227955,66.21410834540268,0.05942599543422131,S230518h,21181,66.21410834540268
12649,96.81818181818181,-19.528301886792452,97.54557859981999,-19.069343114568063,97.54971026500168,-19.984334828713237,96.08665337136196,-19.984334828713234,96.09078503654365,-19.06934311456806,65.59576204576064,0.0588710405266114,S230518h,12649,65.59576204576064
1224,122.40000000000002,-69.62264150943396,124.33223629853136,-69.15427361423606,124.41707415628564,-70.06879636334293,120.3829258437144,-70.06879636334293,120.46776370146868,-69.15427361423606,65.50122281542531,0.05878619323332829,S230518h,1224,65.50122281542531
6211,112.5,-42.45283018867924,113.42498867418333,-41.99158435534407,113.43860052462298,-42.90652923235743,111.56139947537702,-42.90652923235743,111.57501132581667,-41.99158435534406,65.38119417830504,0.058678469646622614,S230518h,6211,65.38119417830504
4831,109.73262032085562,-48.39622641509434,110.75876081289559,-47.934122925332645,110.77738085564508,-48.849039390211146,108.68785978606616,-48.849039390211146,108.70647982881563,-47.934122925332645,65.25372900452766,0.05856407189931167,S230518h,4831,65.25372900452766
4467,115.35911602209946,-50.094339622641506,116.42057369046304,-49.63195447278354,116.44103556423536,-50.54686029891829,114.27719647996355,-50.54686029891829,114.29765835373587,-49.63195447278355,65.18350825904223,0.05850105001764807,S230518h,4467,65.18350825904223
3440,111.1111111111111,-55.18867924528302,112.30161268099938,-54.72531492264701,112.32926789646517,-55.6401786899157,109.89295432575703,-55.6401786899157,109.92060954122283,-54.72531492264701,64.15865042838082,0.05758125817437636,S230518h,3440,64.15865042838082
131,325.16129032258067,-84.05660377358491,331.304486597941,-83.5624109828508,332.3154046132035,-84.47135848394804,318.00717603195784,-84.47135848394804,319.0180940472205,-83.5624109828508,63.37005681761048,0.056873509305077445,S230518h,131,63.37005681761048
2006,111.42857142857143,-63.67924528301886,112.954184503609,-63.21354090053841,113.00422367537928,-64.12827177829539,109.8529191817636,-64.12827177829539,109.90295835353386,-63.21354090053841,63.086628842486846,0.05661913769188941,S230518h,2006,63.086628842486846
1426,111.02803738317756,-67.9245283018868,112.82150974882875,-67.45705648255577,112.89350684744953,-68.37165611948272,109.16256791890561,-68.37165611948272,109.23456501752639,-67.45705648255577,62.3775327448775,0.055982736439770406,S230518h,1426,62.3775327448775
9361,107.10743801652892,-30.566037735849058,107.90212682920935,-30.106113184860245,107.90965735075608,-31.021090209745193,106.30521868230177,-31.021090209745193,106.3127492038485,-30.106113184860245,62.066984569248135,0.05570402492453277,S230518h,9361,62.066984569248135
1325,122.33009708737865,-68.77358490566037,124.19016408931886,-68.30568173409746,124.26819745547138,-69.22024523564167,120.39199671928587,-69.22024523564167,120.47003008543842,-68.30568173409746,61.469213892026936,0.05516753627546792,S230518h,1325,61.469213892026936
5212,113.78238341968913,-46.698113207547166,114.77632571939982,-46.23627346299393,114.79331067822463,-47.15119930225128,112.77145616115364,-47.15119930225128,112.78844111997842,-46.23627346299393,61.441586278456924,0.055142740979134616,S230518h,5212,61.441586278456924
20907,85.46762589928058,5.943396226415093,86.15941610935722,6.400466470123059,86.15826693995999,5.485467184005648,84.77698485860117,5.485467184005648,84.77583568920393,6.4004664701230585,61.24450299869095,0.054965862208488946,S230518h,20907,61.24450299869095
22562,77.23636363636363,11.037735849056604,77.93791260976678,11.494430023897557,77.93573061018742,10.579432530195422,76.53699666253986,10.579432530195424,76.53481466296049,11.494430023897557,60.57944922530509,0.054368988166259485,S230518h,22562,60.57944922530509
22836,76.2043795620438,11.886792452830198,76.90812635452205,12.343422784497255,76.90576468695645,11.4284257029405,75.50299443713116,11.428425702940498,75.50063276956556,12.343422784497253,60.391414530184996,0.054200230340881964,S230518h,22836,60.391414530184996
12386,97.18631178707224,-20.377358490566035,97.91753437023587,-19.91833093859087,97.92188475687075,-20.8333218505458,96.45073881727373,-20.833321850545797,96.4550892039086,-19.91833093859087,59.469318952690706,0.05337266580898117,S230518h,12386,59.469318952690706
11098,104.47058823529412,-24.622641509433965,105.22408929133645,-24.16325803009165,105.22962441796182,-25.078244194379316,103.71155205262642,-25.078244194379316,103.71708717925176,-24.16325803009165,58.61485552666395,0.052605799941228375,S230518h,11098,58.61485552666395
21,48.0,-87.45283018867924,60.89379449385842,-86.91772302298592,66.21548519236975,-87.80022755457108,29.784514807630245,-87.80022755457108,35.10620550614158,-86.91772302298592,57.873516658775365,0.051940461370956495,S230518h,21,57.873516658775365
247,302.7272727272727,-81.50943396226415,307.13869926385183,-81.02574501336248,307.6350241048784,-81.93779521133477,297.81952134966696,-81.93779521133477,298.3158461906935,-81.02574501336248,57.74842818147436,0.051828196666851636,S230518h,247,57.74842818147436
859,124.28571428571429,-73.01886792452831,126.57860438314322,-72.54820988239366,126.70160332018686,-73.46250385953338,121.8698252512417,-73.46250385953338,121.99282418828534,-72.54820988239366,57.54394461028353,0.05164467626505795,S230518h,859,57.54394461028353
525,309.375,-77.26415094339622,312.3844789328879,-76.78903594165526,312.6044784909851,-77.70274763531974,306.14552150901494,-77.70274763531974,306.36552106711207,-76.78903594165526,57.49584833507527,0.05160151070559712,S230518h,525,57.49584833507527
164,300.0,-83.20754716981132,305.4315159254577,-82.7176655849038,306.20644768889883,-83.62803729667446,293.79355231110117,-83.62803729667446,294.5684840745423,-82.7176655849038,57.360804117917276,0.05148031090040777,S230518h,164,57.360804117917276
697,108.94736842105263,-74.71698113207546,111.48002413536757,-74.24482159494406,111.63229520770658,-75.15893993753988,106.2624416343987,-75.15893993753988,106.4147127067377,-74.24482159494406,57.197291736946504,0.05133356141985417,S230518h,697,57.197291736946504
23654,75.71955719557195,14.433962264150942,76.43092476774302,14.890398442613018,76.42800676492726,13.975402806323313,75.01110762621664,13.975402806323315,75.00818962340088,14.890398442613021,56.90958653795361,0.051075351073615466,S230518h,23654,56.90958653795361
7727,109.91150442477877,-36.509433962264154,110.76181242568286,-36.04889882595669,110.77192317864949,-36.963862736035296,109.05108567090804,-36.9638627360353,109.06119642387466,-36.0488988259567,56.57754167350923,0.05077734665897476,S230518h,7727,56.57754167350923
4649,115.43478260869564,-49.24528301886792,116.47816843300345,-48.78304108150048,116.49768135985492,-49.697952398127825,114.37188385753637,-49.697952398127825,114.39139678438784,-48.78304108150048,56.56453621461674,0.050765674488797166,S230518h,4649,56.56453621461674
13446,95.3731343283582,-16.9811320754717,96.09022336791672,-16.522375595057774,96.09372890022148,-17.43736945273884,94.65253975649495,-17.43736945273884,94.65604528879969,-16.522375595057774,56.5296419703968,0.050734357519506,S230518h,13446,56.5296419703968
462,312.0,-78.11320754716981,315.21251098039056,-77.6368426452814,315.4652796594212,-78.55035748923345,308.5347203405787,-78.55035748923345,308.78748901960944,-77.6368426452814,56.08296087788644,0.050333469110262374,S230518h,462,56.08296087788644
346,304.6153846153846,-79.81132075471697,308.3315887856581,-79.33186951589033,308.67607873036553,-80.24483309344546,300.55469050040364,-80.24483309344546,300.8991804451111,-79.33186951589033,55.937732587045915,0.050203129278403744,S230518h,346,55.937732587045915
22014,82.17391304347827,9.339622641509443,82.87156444771531,9.796443382880861,82.86973448611077,8.881445164577443,81.47809160084576,8.881445164577443,81.4762616392412,9.796443382880861,55.717631521262334,0.05000559245042001,S230518h,22014,55.717631521262334
8182,109.09090909090908,-34.811320754716974,109.92362294835576,-34.350968719977146,109.93292052804051,-35.26593687589358,108.24889765377766,-35.26593687589358,108.25819523346242,-34.35096871997715,55.243551968440514,0.04958011440585455,S230518h,8182,55.243551968440514
5600,108.54271356783919,-45.0,109.50723787723587,-44.53840816405273,109.52276353919004,-45.453342298185596,107.56266359648835,-45.4533422981856,107.5781892584425,-44.53840816405273,54.99888321606993,0.04936052851208361,S230518h,5600,54.99888321606993
7278,105.88235294117646,-38.20754716981132,106.751794577382,-37.74682085618726,106.76279221893382,-38.6617800461527,105.0019136634191,-38.6617800461527,105.01291130497093,-37.746820856187256,53.89042936889549,0.048365710717096166,S230518h,7278,53.89042936889549
13718,100.37174721189591,-16.132075471698105,101.08577608510977,-15.673385202064155,101.08908187070666,-16.58837969145113,99.65441255308515,-16.58837969145113,99.65771833868205,-15.673385202064155,53.75089573008375,0.04824048173508387,S230518h,13718,53.75089573008375
38,75.78947368421052,-86.60377358490567,85.91210546402102,-86.08549181835642,88.96264222316236,-86.9820319810307,62.61630514525867,-86.9820319810307,65.66684190440002,-86.08549181835642,53.225535262798516,0.047768979973444876,S230518h,38,53.225535262798516
8879,102.85714285714286,-32.26415094339622,103.66608572837453,-31.80406015235267,103.67428221684608,-32.71903390162755,102.04000349743963,-32.71903390162755,102.0481999859112,-31.80406015235267,52.54201067337532,0.047155528699309265,S230518h,8879,52.54201067337532
1766,121.00840336134455,-65.37735849056604,122.62989460698908,-64.91101443265092,122.68736974507965,-65.8257009148699,119.32943697760945,-65.8257009148699,119.38691211570001,-64.91101443265092,52.455379598627985,0.04707777883631116,S230518h,1766,52.455379598627985
1886,120.98360655737703,-64.52830188679245,122.55552607084462,-64.06228741000734,122.609098120538,-64.97699720338055,119.35811499421608,-64.97699720338056,119.41168704390945,-64.06228741000736,52.20612959008368,0.046854081345853865,S230518h,1886,52.20612959008368
20068,82.58064516129032,3.3962264150943495,83.2696811102794,3.853481522070701,83.26902840621169,2.938481754048103,81.89226191636897,2.9384817540481025,81.89160921230126,3.853481522070701,52.1076243272616,0.04676567460830217,S230518h,20068,52.1076243272616
13179,95.73033707865167,-17.83018867924528,96.4506714715818,-17.371365403358066,96.45438103096058,-18.28635858885123,95.00629312634278,-18.28635858885123,95.01000268572156,-17.37136540335807,52.00893959901848,0.046677106803697584,S230518h,13179,52.00893959901848
13,163.63636363636365,-88.30188679245282,181.32958155094337,-87.73743212585558,192.63282792720634,-88.58169408717343,134.63989934552094,-88.58169408717343,145.94314572178388,-87.73743212585558,50.40956527989866,0.045241696535997064,S230518h,13,50.40956527989866
13987,100.0,-15.283018867924524,100.71115019751797,-14.824394260728182,100.71426023109034,-15.739389342596443,99.28573976890966,-15.739389342596445,99.28884980248203,-14.824394260728182,50.29665821506997,0.045140364434928804,S230518h,13987,50.29665821506997
18951,84.85714285714286,0.0,85.54464285714285,0.4575000000000001,85.54464285714285,-0.4575000000000001,84.16964285714286,-0.4575000000000001,84.16964285714286,0.4575000000000001,50.18727942029467,0.04504219889405932,S230518h,18951,50.18727942029467
16173,96.17328519855596,-8.49056603773585,96.86757522940783,-8.032451031867678,96.86923239025472,-8.947449563962477,95.4773380068572,-8.94744956396248,95.47899516770408,-8.032451031867678,49.96531369061329,0.04484298856308587,S230518h,16173,49.96531369061329
22011,78.26086956521738,9.339622641509443,78.95852096945444,9.796443382880861,78.9566910078499,8.881445164577443,77.56504812258487,8.881445164577443,77.56321816098033,9.796443382880861,49.56384442861514,0.04448267697501721,S230518h,22011,49.56384442861514
461,306.0,-78.11320754716981,309.21251098039056,-77.6368426452814,309.46527965942124,-78.55035748923345,302.5347203405787,-78.55035748923345,302.78748901960944,-77.6368426452814,49.41895227955922,0.044352638824486874,S230518h,461,49.41895227955922
374,128.57142857142858,-78.9622641509434,132.017122411994,-78.48446823005999,132.3104865034905,-79.39773913471271,124.8323706393667,-79.39773913471271,125.1257347308632,-78.48446823005999,49.00162770539355,0.04397809737314557,S230518h,374,49.00162770539355
249,319.0909090909091,-81.50943396226415,323.50233562748826,-81.02574501336248,323.99866046851486,-81.93779521133477,314.18315771330333,-81.93779521133477,314.6794825543299,-81.02574501336248,48.88904021597165,0.04387705208537343,S230518h,249,48.88904021597165
5406,113.87755102040816,-45.84905660377358,114.85645593206749,-45.38734267538701,114.87269097424566,-46.30227278684833,112.88241106657067,-46.302272786848334,112.89864610874884,-45.38734267538702,48.74780354616098,0.043750294663049916,S230518h,5406,48.74780354616098
226,130.9090909090909,-81.50943396226415,135.32051744567008,-81.02574501336248,135.81684228669664,-81.93779521133477,126.00133953148517,-81.93779521133477,126.49766437251175,-81.02574501336248,48.46226589950478,0.043494029656837414,S230518h,226,48.46226589950478
2264,110.97744360902256,-61.9811320754717,112.41907672547738,-61.51599641863672,112.46298530819273,-62.43076383822156,109.49190190985237,-62.43076383822156,109.53581049256773,-61.5159964186367,47.924779999491335,0.043011645532995704,S230518h,2264,47.924779999491335
4646,109.56521739130436,-49.24528301886792,110.60860321561216,-48.78304108150048,110.62811614246365,-49.697952398127825,108.50231864014508,-49.697952398127825,108.52183156699657,-48.78304108150047,47.460967153222406,0.04259538167664455,S230518h,4646,47.460967153222406
8410,103.51931330472104,-33.9622641509434,104.34376814507813,-33.50200089322853,104.35268388596536,-34.41697101110395,102.68594272347671,-34.41697101110395,102.69485846436395,-33.50200089322853,47.45469193235958,0.042589749776500284,S230518h,8410,47.45469193235958
10589,100.0,-26.320754716981128,100.7639934593123,-25.86122237182828,100.77005274257988,-26.77620625326197,99.22994725742012,-26.77620625326197,99.23600654068771,-25.86122237182828,47.00375034005741,0.042185037643770795,S230518h,10589,47.00375034005741
1127,123.74999999999999,-70.47169811320755,125.7606884910646,-70.00282786643592,125.85323544389706,-70.91730442677544,121.64676455610291,-70.91730442677544,121.73931150893537,-70.00282786643594,46.867646343871904,0.04206288670557937,S230518h,1127,46.867646343871904
20072,87.74193548387098,3.3962264150943495,88.43097143286005,3.853481522070701,88.43031872879234,2.938481754048103,87.05355223894962,2.938481754048103,87.05289953488192,3.853481522070701,46.42785718587767,0.04166818368611631,S230518h,20072,46.42785718587767
20625,81.29032258064517,5.094339622641511,81.98104049722645,5.551471655945463,81.98005784363914,4.6364721794291,80.6005873176512,4.6364721794291,80.59960466406392,5.551471655945463,45.99013583160924,0.04127533648405891,S230518h,20625,45.99013583160924
18392,86.14285714285714,-1.698113207547162,86.83049639212932,-1.2404909555528811,86.83082202774878,-2.155490897660422,85.45489225796551,-2.1554908976604223,85.45521789358496,-1.2404909555528814,45.299987590142585,0.04065594059893436,S230518h,18392,45.299987590142585
12390,102.6615969581749,-20.377358490566035,103.39281954133853,-19.918330938590874,103.39716992797341,-20.8333218505458,101.92602398837639,-20.8333218505458,101.93037437501127,-19.91833093859087,44.683059964638524,0.04010225892636382,S230518h,12390,44.683059964638524
6208,107.3076923076923,-42.45283018867924,108.23268098187563,-41.99158435534406,108.24629283231529,-42.90652923235743,106.36909178306932,-42.90652923235743,106.38270363350898,-41.99158435534406,44.1239678262748,0.03960048358434159,S230518h,6208,44.1239678262748
17004,94.53237410071942,-5.943396226415093,95.22301514139883,-5.485467184005647,95.22416431079607,-6.400466470123058,93.84058389064278,-6.4004664701230585,93.84173306004001,-5.485467184005647,44.02412916897955,0.03951088014874691,S230518h,17004,44.02412916897955
3443,117.77777777777777,-55.18867924528302,118.96827934766604,-54.72531492264701,118.99593456313184,-55.64017868991569,116.55962099242369,-55.6401786899157,116.58727620788949,-54.72531492264701,43.934911478846516,0.039430808844020726,S230518h,3443,43.934911478846516
23924,74.66666666666666,15.283018867924536,75.38092689775699,15.739389342596455,75.37781686418462,14.824394260728196,73.9555164691487,14.824394260728196,73.95240643557634,15.739389342596455,43.862248973823625,0.03936559552620023,S230518h,23924,43.862248973823625
14257,99.6309963099631,-14.433962264150942,100.3394458793184,-13.975402806323313,100.34236388213417,-14.890398442613018,98.91962873779204,-14.890398442613018,98.92254674060779,-13.975402806323311,43.84800710081827,0.03935281369614407,S230518h,14257,43.84800710081827
558,127.05882352941177,-76.41509433962264,129.88997239769313,-75.94108089228301,130.08313997787639,-76.85495372502506,124.03450708094714,-76.85495372502506,124.2276746611304,-75.94108089228301,43.047692822960556,0.03863454573467243,S230518h,558,43.047692822960556
17556,87.74193548387098,-4.245283018867918,88.43091842545066,-3.7874770269662488,88.43173565260055,-4.70247666402269,87.05213531514141,-4.70247666402269,87.05295254229131,-3.7874770269662488,42.94630294974729,0.03854355011012641,S230518h,17556,42.94630294974729
6845,111.66666666666666,-39.90566037735849,112.55692259022953,-39.44473390498161,112.56889146969621,-40.35968783819192,110.76444186363712,-40.35968783819192,110.7764107431038,-39.4447339049816,42.82599797681924,0.03843557851690276,S230518h,6845,42.82599797681924
7281,110.76923076923076,-38.20754716981132,111.6386724054363,-37.746820856187256,111.64967004698812,-38.6617800461527,109.8887914914734,-38.6617800461527,109.89978913302522,-37.746820856187256,42.67270714365533,0.03829800269538468,S230518h,7281,42.67270714365533
12653,102.27272727272727,-19.528301886792452,103.00012405436544,-19.06934311456806,103.00425571954713,-19.984334828713234,101.5411988259074,-19.984334828713234,101.54533049108909,-19.06934311456806,42.53296268908428,0.038172584509943326,S230518h,12653,42.53296268908428
20,24.0,-87.45283018867924,36.89379449385843,-86.91772302298592,42.21548519236977,-87.80022755457108,5.7845148076302415,-87.80022755457108,11.10620550614158,-86.91772302298592,42.44921425019638,0.03809742176183209,S230518h,20,42.44921425019638
8647,108.76595744680851,-33.11320754716981,109.58249300017108,-32.65303134171315,109.59104202420905,-33.56800332223071,107.94087286940798,-33.56800332223071,107.94942189344594,-32.65303134171315,42.06800192022626,0.037755290413296824,S230518h,8647,42.06800192022626
12913,96.09022556390978,-18.679245283018858,96.81399445822429,-18.220354589450892,96.81791262406146,-19.135347060918644,95.36253850375812,-19.135347060918647,95.3664566695953,-18.220354589450892,41.90995590597564,0.03761344690054783,S230518h,12913,41.90995590597564
403,315.0,-78.9622641509434,318.44569384056535,-78.48446823005999,318.7390579320618,-79.39773913471271,311.2609420679381,-79.39773913471271,311.5543061594346,-78.48446823005999,41.33371159782576,0.03709627778839308,S230518h,403,41.33371159782576
489,106.875,-77.26415094339622,109.8844789328879,-76.78903594165526,110.10447849098509,-77.70274763531974,103.64552150901491,-77.70274763531974,103.86552106711211,-76.78903594165526,41.32920193167371,0.03709223044248964,S230518h,489,41.32920193167371
16722,89.35251798561151,-6.792452830188674,90.04421926426113,-6.334462013002483,90.04553622781872,-7.249461078522781,88.6594997434043,-7.249461078522781,88.6608167069619,-6.334462013002482,41.29041509510061,0.03705741994015565,S230518h,16722,41.29041509510061
10841,99.60474308300394,-25.471698113207545,100.36337077464256,-25.012240715603443,100.36916393242582,-25.927225768299653,98.84032223358207,-25.927225768299653,98.84611539136532,-25.012240715603443,41.08630987589507,0.036874239102601535,S230518h,10841,41.08630987589507
23653,74.39114391143912,14.433962264150942,75.10251148361019,14.890398442613021,75.09959348079443,13.975402806323313,73.68269434208382,13.975402806323313,73.67977633926805,14.890398442613021,40.69227191356239,0.036520596975030434,S230518h,23653,40.69227191356239
21458,79.27797833935018,7.641509433962268,79.97238172403269,8.09845545274349,79.97089549549504,7.18345663841338,78.58506118320533,7.18345663841338,78.58357495466768,8.09845545274349,40.51273457083214,0.03635946537368492,S230518h,21458,40.51273457083214
9848,106.82926829268293,-28.867924528301884,107.61087117894914,-28.408160599011673,107.617782710158,-29.323140579709964,106.04075387520786,-29.323140579709964,106.04766540641671,-28.408160599011673,40.505935489983415,0.03635336331843462,S230518h,9848,40.505935489983415
20629,86.45161290322581,5.094339622641511,87.14233081980707,5.551471655945463,87.14134816621979,4.6364721794291,85.76187764023183,4.6364721794291,85.76089498664454,5.551471655945463,39.87386848897542,0.03578609432313098,S230518h,20629,39.87386848897542
3128,118.4516129032258,-56.886792452830186,119.69473280145392,-56.42304543366415,119.72554101051175,-57.33789060698523,117.17768479593985,-57.33789060698522,117.20849300499768,-56.42304543366415,39.82411540641,0.03574144180826288,S230518h,3128,39.82411540641
6420,112.60663507109005,-41.60377358490565,113.51954758671404,-41.14263694632089,113.53258455530877,-42.057585012457885,111.68068558687135,-42.057585012457885,111.69372255546607,-41.1426369463209,39.60857993177058,0.0355480025178775,S230518h,6420,39.60857993177058
62,140.86956521739128,-85.75471698113206,149.19601091998894,-85.24731211215168,151.16460492930185,-86.15045612028003,130.57452550548078,-86.15045612028003,132.5431195147937,-85.24731211215168,39.57675430577737,0.03551943957937053,S230518h,62,39.57675430577737
2133,110.76923076923076,-62.83018867924528,112.25150302209802,-62.3647767072679,112.29833396235166,-63.279526716180385,109.24012757610987,-63.279526716180385,109.28695851636351,-62.3647767072679,39.479429482042924,0.03543209226509863,S230518h,2133,39.479429482042924
6628,106.47887323943662,-40.75471698113208,107.38021617291703,-40.293686745980466,107.39270612549942,-41.208637827054545,105.56504035337383,-41.208637827054545,105.57753030595623,-40.293686745980466,39.00509774747374,0.03500638789185879,S230518h,6628,39.00509774747374
16445,89.67509025270758,-7.641509433962255,90.36800740885243,-7.183456638413367,90.3694936373901,-8.098455452743478,88.98068686802507,-8.09845545274348,88.98217309656273,-7.183456638413367,38.44208165492615,0.034501090870103314,S230518h,16445,38.44208165492615
10593,105.71428571428572,-26.320754716981128,106.47827917359801,-25.86122237182828,106.4843384568656,-26.77620625326197,104.94423297170584,-26.77620625326197,104.95029225497342,-25.86122237182828,38.39419656719378,0.03445811484768062,S230518h,10593,38.39419656719378
18113,86.45161290322581,-2.5471698113207557,87.13954841497832,-2.0894863878925043,87.1400373157464,-3.0044862575390314,85.76318849070522,-3.004486257539032,85.76367739147328,-2.0894863878925043,38.39238417513036,0.03445648825774114,S230518h,18113,38.39238417513036
1030,109.56521739130436,-71.32075471698113,111.66147470555256,-70.85133948025174,111.76280337549325,-71.7657634060181,107.36763140711547,-71.7657634060181,107.46896007705617,-70.85133948025174,38.04645521350897,0.03414602311054559,S230518h,1030,38.04645521350897
19235,90.0,0.8490566037735938,90.68765686025739,1.306495469499358,90.68749413181959,0.3914954839661163,89.31250586818041,0.3914954839661163,89.31234313974261,1.306495469499358,37.74716979979507,0.03387741972565796,S230518h,19235,37.74716979979507
17839,92.90322580645162,-3.396226415094337,93.59160905137297,-2.93848175404809,93.59226175544067,-3.8534815220706884,92.21418985746254,-3.8534815220706884,92.21484256153025,-2.9384817540480896,37.696612980233795,0.033832045870999305,S230518h,17839,37.696612980233795
19510,83.57142857142857,1.6981132075471748,84.2593934563202,2.155490897660435,84.25906782070075,1.2404909555528938,82.88378932215639,1.2404909555528936,82.88346368653694,2.155490897660435,37.4842287226779,0.033641434742416564,S230518h,19510,37.4842287226779
21738,83.17689530685921,8.49056603773585,83.87284249855797,8.947449563962477,83.87118533771108,8.032451031867678,82.48260527600733,8.032451031867678,82.48094811516044,8.947449563962477,37.282086140999354,0.033460015337457905,S230518h,21738,37.282086140999354
1650,122.08695652173914,-66.22641509433963,123.76162647038096,-65.7597199133034,123.823428742362,-66.67438053436891,120.3504843011163,-66.67438053436891,120.4122865730973,-65.7597199133034,37.162037539924775,0.033352273833455036,S230518h,1650,37.162037539924775
17282,94.19354838709678,-5.094339622641511,94.88328365009076,-4.6364721794291,94.88426630367805,-5.551471655945463,93.50283047051553,-5.5514716559454635,93.50381312410282,-4.636472179429101,37.15980780616096,0.03335027268669374,S230518h,17282,37.15980780616096
14528,99.26470588235294,-13.58490566037736,99.97062967080194,-13.126410873126575,99.97335910198588,-14.041407026855122,98.55605266272,-14.041407026855124,98.55878209390394,-13.126410873126577,36.915855585034514,0.0331313298670879,S230518h,14528,36.915855585034514
49,284.2105263157895,-86.60377358490567,294.3331580955999,-86.08549181835642,297.3836948547413,-86.9820319810307,271.0373577768376,-86.9820319810307,274.08789453597893,-86.08549181835642,36.54692007387415,0.03280021674709585,S230518h,49,36.54692007387415
98,293.3333333333333,-84.90566037735849,300.40351333198373,-84.40585709272172,301.77635628341994,-85.312615855454,284.89031038324663,-85.312615855454,286.26315333468295,-84.40585709272172,36.289332249142575,0.032569036213537066,S230518h,98,36.289332249142575
15617,91.30434782608695,-10.18867924528301,92.00186094386672,-9.730439007282733,92.00386578099987,-10.645436879666907,90.60482987117403,-10.645436879666907,90.60683470830719,-9.730439007282733,35.408685184303145,0.031778670991350365,S230518h,15617,35.408685184303145
16,261.8181818181818,-88.30188679245282,279.51139973276156,-87.73743212585558,290.8146461090245,-88.58169408717343,232.82171752733913,-88.58169408717343,244.12496390360204,-87.73743212585558,35.228680987518175,0.03161712039671751,S230518h,16,35.228680987518175
111,92.90322580645162,-84.05660377358491,99.04642208181187,-83.5624109828508,100.05734009707443,-84.47135848394804,85.7491115158288,-84.47135848394804,86.76002953109136,-83.5624109828508,35.13226974484133,0.03153059300534595,S230518h,111,35.13226974484133
101,333.3333333333333,-84.90566037735849,340.40351333198373,-84.40585709272172,341.77635628341994,-85.312615855454,324.8903103832467,-85.312615855454,326.2631533346829,-84.40585709272172,34.50326597763032,0.030966073208395683,S230518h,101,34.50326597763032
18676,91.28571428571429,-0.849056603773581,91.97320841753388,-0.39149548396610345,91.97337114597168,-1.3064954694993454,90.59805742545691,-1.3064954694993454,90.59822015389472,-0.39149548396610345,34.43779245505202,0.030907311875637045,S230518h,18676,34.43779245505202
7950,104.21052631578948,-35.660377358490564,105.0518529159463,-35.19993473001254,105.06154846907873,-36.114900818781194,103.35950416250022,-36.1149008187812,103.36919971563265,-35.19993473001254,34.1988020963234,0.030692822240096767,S230518h,7950,34.1988020963234
2827,119.18918918918918,-58.584905660377345,120.49098884939185,-58.1207401684546,120.52546905039969,-59.03556361311078,117.85290932797867,-59.03556361311078,117.8873895289865,-58.1207401684546,34.18492870814069,0.030680371118675602,S230518h,2827,34.18492870814069
5603,113.96984924623116,-45.0,114.93437355562786,-44.53840816405273,114.949899217582,-45.4533422981856,112.9897992748803,-45.4533422981856,113.00532493683447,-44.53840816405273,33.954516898292034,0.030473580579586396,S230518h,5603,33.954516898292034
181,99.0,-82.35849056603773,103.86820720789026,-81.87202600229362,104.48085653316384,-82.78337578419338,93.51914346683616,-82.78337578419338,94.13179279210974,-81.87202600229362,33.95215117069839,0.03047145738075927,S230518h,181,33.95215117069839
22286,76.95652173913044,10.188679245283023,77.65603969404337,10.645436879666917,77.65403485691022,9.730439007282747,76.25900862135067,9.730439007282747,76.25700378421752,10.645436879666919,33.56000754355982,0.030119515385643454,S230518h,22286,33.56000754355982
5403,108.3673469387755,-45.84905660377358,109.34625185043483,-45.38734267538702,109.36248689261302,-46.302272786848334,107.372206984938,-46.302272786848334,107.38844202711618,-45.38734267538702,33.16504779960806,0.029765045975312595,S230518h,5403,33.16504779960806
9844,100.97560975609755,-28.867924528301884,101.7572126423638,-28.408160599011673,101.76412417357263,-29.323140579709964,100.18709533862248,-29.323140579709964,100.19400686983134,-28.40816059901167,31.954159229253726,0.02867829482134612,S230518h,9844,31.954159229253726
317,103.84615384615384,-79.81132075471697,107.56235801642737,-79.33186951589033,107.90684796113479,-80.24483309344546,99.7854597311729,-80.24483309344546,100.12994967588034,-79.33186951589033,31.54042433916723,0.028306975048209507,S230518h,317,31.54042433916723
2540,119.99999999999999,-60.28301886792453,121.36755277773108,-59.81839301715441,121.40634629029368,-60.73319086476167,118.59365370970627,-60.73319086476167,118.6324472222689,-59.81839301715441,31.452462528204734,0.02822803087290814,S230518h,2540,31.452462528204734
1534,110.27027027027027,-67.0754716981132,112.0021171818246,-66.60840149892661,112.06873460842048,-67.52303332468944,108.47180593212006,-67.52303332468944,108.53842335871595,-66.60840149892663,31.284139078386932,0.028076963542843586,S230518h,1534,31.284139078386932
4834,115.50802139037431,-48.39622641509434,116.53416188241428,-47.934122925332645,116.55278192516377,-48.849039390211146,114.46326085558485,-48.84903939021115,114.48188089833434,-47.934122925332645,30.89960630593167,0.02773185215568977,S230518h,4834,30.89960630593167
3606,117.81818181818183,-54.33962264150943,118.98438321392297,-53.876437847506146,119.01062613082493,-54.79130991866088,116.62573750553872,-54.79130991866088,116.6519804224407,-53.876437847506146,30.440993118612546,0.027320254901619188,S230518h,3606,30.440993118612546
7503,110.89285714285714,-37.35849056603773,111.752531144916,-36.89786090455481,111.7630755026646,-37.812822517519514,110.02263878304967,-37.812822517519514,110.03318314079827,-36.89786090455481,30.057096485335798,0.02697571443816823,S230518h,7503,30.057096485335798
23109,75.16483516483517,12.73584905660378,75.8709491195085,13.192415129674453,75.868405052632,12.277418494495388,74.46126527703835,12.27741849449539,74.45872121016187,13.192415129674453,29.87262338104561,0.02681015307779923,S230518h,23109,29.87262338104561
4464,109.39226519337016,-50.094339622641506,110.45372286173375,-49.63195447278354,110.47418473550607,-50.54686029891829,108.31034565123426,-50.54686029891829,108.33080752500658,-49.63195447278354,29.654379783004693,0.026614283294382774,S230518h,4464,29.654379783004693
778,126.0,-73.86792452830188,128.4065558739161,-73.39655303540636,128.54303861737472,-74.31076612063245,123.45696138262528,-74.31076612063245,123.59344412608391,-73.39655303540636,29.615348151920763,0.02657925309328901,S230518h,778,29.615348151920763
5803,114.05940594059406,-44.15094339622641,115.01017173011242,-43.689470143190476,115.02502552683285,-44.60440806846608,113.0937863543553,-44.60440806846608,113.10864015107572,-43.689470143190476,29.589803485072384,0.026556327204933287,S230518h,5803,29.589803485072384
9121,108.0,-31.41509433962264,108.80166447824867,-30.95508740741601,108.80952173751068,-31.87006283659303,107.19047826248931,-31.87006283659303,107.19833552175133,-30.95508740741601,29.389391150674754,0.026376460666419337,S230518h,9121,29.389391150674754
11869,103.84615384615384,-22.07547169811321,104.5856414281784,-21.616304315504323,104.59044632766192,-22.531293481595387,103.10186136464577,-22.531293481595387,103.10666626412929,-21.616304315504323,28.505362375019853,0.025583060418367276,S230518h,11869,28.505362375019853
2682,119.99999999999999,-59.43396226415094,121.3337201283173,-58.96957226246887,121.37026783545645,-59.88438344604802,118.62973216454354,-59.88438344604802,118.66627987168268,-58.96957226246887,28.290374148659165,0.025390112273668615,S230518h,2682,28.290374148659165
592,307.05882352941177,-76.41509433962264,309.8899723976931,-75.94108089228301,310.0831399778764,-76.85495372502506,304.0345070809471,-76.85495372502506,304.2276746611304,-75.94108089228301,27.817488503133443,0.02496570573986272,S230518h,592,27.817488503133443
12129,103.44827586206897,-21.226415094339615,104.18352699409823,-20.767318019947634,104.18810167057384,-21.682308083156066,102.70845005356409,-21.682308083156066,102.7130247300397,-20.767318019947634,27.454495603418096,0.0246399260089236,S230518h,12129,27.454495603418096
58,78.26086956521738,-85.75471698113206,86.58731526781501,-85.24731211215168,88.55590927712791,-86.15045612028004,67.96582985330684,-86.15045612028004,69.93442386261975,-85.24731211215168,27.41509703676861,0.024604566489625782,S230518h,58,27.41509703676861
2976,119.20529801324504,-57.73584905660377,120.47694180402408,-57.27189762535238,120.50951424232997,-58.18673236751173,117.90108178416013,-58.18673236751173,117.93365422246602,-57.27189762535238,26.174662756306066,0.02349129858148311,S230518h,2976,26.174662756306066
20903,80.28776978417267,5.943396226415093,80.9795599942493,6.400466470123058,80.97841082485208,5.485467184005647,79.59712874349326,5.485467184005648,79.59597957409603,6.4004664701230585,26.157642342365705,0.023476023059900424,S230518h,20903,26.157642342365705
11094,98.82352941176471,-24.622641509433965,99.57703046780705,-24.163258030091654,99.58256559443241,-25.07824419437932,98.06449322909701,-25.07824419437932,98.07002835572236,-24.163258030091654,26.10099930901438,0.023425186935614684,S230518h,11094,26.10099930901438
3284,118.48101265822787,-56.0377358490566,119.6971211370014,-55.574184315219824,119.72629443892656,-56.48903913859057,117.23573087752918,-56.48903913859057,117.26490417945433,-55.574184315219824,25.99953023013023,0.023334120225374785,S230518h,3284,25.99953023013023
10845,105.29644268774703,-25.471698113207545,106.05507037938565,-25.012240715603447,106.0608635371689,-25.927225768299653,104.53202183832516,-25.927225768299653,104.53781499610841,-25.012240715603447,25.276125153676094,0.022684876916891257,S230518h,10845,25.276125153676094
23112,79.12087912087911,12.73584905660378,79.82699307555241,13.192415129674453,79.82444900867594,12.277418494495391,78.41730923308228,12.277418494495391,78.41476516620581,13.192415129674455,25.121717385494186,0.02254629866587682,S230518h,23112,25.121717385494186
23384,78.08823529411765,13.58490566037736,78.79688851375059,14.041407026855124,78.79415908256665,13.126410873126575,77.38231150566865,13.126410873126577,77.37958207448472,14.041407026855124,24.846613072864493,0.02229939739309993,S230518h,23384,24.846613072864493
14800,98.90109890109889,-12.735849056603767,99.60466878889572,-12.277418494495377,99.6072128557722,-13.192415129674442,98.19498494642559,-13.192415129674442,98.19752901330207,-12.277418494495377,24.545479966700366,0.022029135736797725,S230518h,14800,24.545479966700366
7062,111.78082191780823,-39.056603773584904,112.66045103223664,-38.59577856433333,112.67192301590401,-39.51073519731474,110.88972081971245,-39.51073519731472,110.90119280337983,-38.59577856433333,24.25368072189259,0.02176725105658425,S230518h,7062,24.25368072189259
593,312.3529411764706,-76.41509433962264,315.18409004475194,-75.94108089228301,315.3772576249352,-76.85495372502506,309.328624728006,-76.85495372502506,309.5217923081892,-75.94108089228301,23.95366692000504,0.021497993956146218,S230518h,593,23.95366692000504
774,108.0,-73.86792452830188,110.40655587391609,-73.39655303540636,110.5430386173747,-74.31076612063245,105.45696138262528,-74.31076612063245,105.59344412608391,-73.39655303540636,23.722833778865876,0.021290825279648356,S230518h,774,23.722833778865876
22290,82.17391304347827,10.188679245283023,82.87343099839119,10.64543687966692,82.87142616125803,9.730439007282747,81.4763999256985,9.730439007282747,81.47439508856534,10.64543687966692,23.662835698996506,0.021236978060234328,S230518h,22290,23.662835698996506
185,135.0,-82.35849056603773,139.86820720789026,-81.87202600229362,140.48085653316386,-82.78337578419338,129.51914346683614,-82.7833757841934,130.13179279210974,-81.87202600229362,23.649098397236436,0.021224649073979404,S230518h,185,23.649098397236436
206,324.0,-82.35849056603773,328.86820720789024,-81.87202600229362,329.48085653316383,-82.7833757841934,318.51914346683617,-82.78337578419338,319.1317927921097,-81.87202600229362,23.22003806570441,0.020839574987205903,S230518h,206,23.22003806570441
401,302.14285714285717,-78.9622641509434,305.5885509834226,-78.48446823005999,305.8819150749191,-79.39773913471271,298.4037992107953,-79.39773913471271,298.69716330229176,-78.48446823005999,22.12945792564039,0.019860798529384785,S230518h,401,22.12945792564039
22839,80.14598540145985,11.886792452830198,80.84973219393811,12.343422784497255,80.84737052637249,11.4284257029405,79.4446002765472,11.4284257029405,79.44223860898161,12.343422784497257,22.033958027341658,0.019775089053533132,S230518h,22839,22.033958027341658
23655,77.0479704797048,14.433962264150942,77.75933805187587,14.890398442613021,77.75642004906011,13.975402806323313,76.33952091034949,13.975402806323313,76.33660290753373,14.890398442613021,21.796237266740526,0.019561738859939785,S230518h,23655,21.796237266740526
9117,101.99999999999999,-31.41509433962264,102.80166447824865,-30.95508740741601,102.80952173751068,-31.87006283659303,101.19047826248931,-31.87006283659303,101.19833552175133,-30.95508740741601,21.529816417234613,0.019322630842299026,S230518h,9117,21.529816417234613
15073,98.54014598540147,-11.886792452830186,99.24153111031411,-11.428425702940487,99.24389277787971,-12.34342278449724,97.83639919292321,-12.343422784497239,97.83876086048883,-11.428425702940485,21.40373122397597,0.019209471603186035,S230518h,15073,21.40373122397597
75,344.3478260869565,-85.75471698113206,352.67427178955415,-85.24731211215168,354.64286579886704,-86.15045612028003,334.05278637504597,-86.15045612028004,336.02138038435885,-85.24731211215168,21.239512396106303,0.019062088098989474,S230518h,75,21.239512396106303
22565,81.16363636363637,11.037735849056604,81.86518533703952,11.494430023897557,81.86300333746014,10.579432530195424,80.46426938981259,10.579432530195424,80.46208739023322,11.494430023897555,21.108848249153674,0.01894481932962512,S230518h,22565,21.108848249153674
348,318.46153846153845,-79.81132075471697,322.17774263181195,-79.33186951589033,322.52223257651934,-80.24483309344546,314.40084434655745,-80.24483309344546,314.74533429126495,-79.33186951589033,20.922870895240088,0.018777907931726567,S230518h,348,20.922870895240088
15342,91.63636363636363,-11.037735849056604,92.33573061018741,-10.579432530195424,92.33791260976678,-11.494430023897555,90.93481466296049,-11.494430023897554,90.93699666253985,-10.579432530195422,20.889263455498597,0.01874774584677912,S230518h,15342,20.889263455498597
34,0.0,-86.60377358490567,10.122631779810504,-86.08549181835642,13.173168538951844,-86.9820319810307,346.82683146104813,-86.9820319810307,349.8773682201895,-86.08549181835642,20.480703557488937,0.01838107053783926,S230518h,34,20.480703557488937
8414,109.69957081545064,-33.9622641509434,110.52402565580773,-33.50200089322853,110.53294139669498,-34.41697101110395,108.86620023420632,-34.41697101110395,108.87511597509355,-33.50200089322853,20.429298013964853,0.018334934968379943,S230518h,8414,20.429298013964853
294,299.99999999999994,-80.66037735849056,304.0336890198093,-80.17898843380384,304.4438152975127,-81.09155728932656,295.55618470248726,-81.09155728932656,295.96631098019066,-80.17898843380384,20.316420796188364,0.01823362965451508,S230518h,294,20.316420796188364
21462,84.47653429602887,7.641509433962268,85.17093768071138,8.09845545274349,85.16945145217373,7.18345663841338,83.78361713988402,7.18345663841338,83.78213091134637,8.098455452743492,19.995033253240454,0.017945189998117225,S230518h,21462,19.995033253240454
1034,125.21739130434783,-71.32075471698113,127.31364861859602,-70.85133948025174,127.41497728853669,-71.7657634060181,123.01980532015894,-71.7657634060181,123.12113399009962,-70.85133948025174,19.5698165952504,0.017563565540615545,S230518h,1034,19.5698165952504
19789,82.58064516129032,2.5471698113207557,83.26906957381091,3.0044862575390323,83.26858067304285,2.0894863878925047,81.8927096495378,2.0894863878925043,81.89222074876974,3.0044862575390323,19.48377985030901,0.017486349078145166,S230518h,19789,19.48377985030901
23923,73.33333333333333,15.283018867924536,74.04759356442366,15.739389342596452,74.0444835308513,14.824394260728196,72.62218313581538,14.824394260728196,72.619073102243,15.739389342596452,19.341300042754096,0.0173584759616024,S230518h,23923,19.341300042754096
1538,123.24324324324324,-67.0754716981132,124.97509015479758,-66.60840149892663,125.04170758139345,-67.52303332468944,121.44477890509303,-67.52303332468944,121.5113963316889,-66.60840149892663,19.23053099152463,0.01725906269006399,S230518h,1538,19.23053099152463
21185,85.46762589928058,6.792452830188687,86.1606441414878,7.2494610785227955,86.1593271779302,6.334462013002497,84.77592462063096,6.334462013002497,84.77460765707336,7.2494610785227955,19.148472368747406,0.01718541652213464,S230518h,21185,19.148472368747406
203,297.0,-82.35849056603773,301.8682072078903,-81.87202600229362,302.4808565331638,-82.78337578419338,291.51914346683617,-82.78337578419338,292.1317927921097,-81.87202600229362,19.012594980948563,0.017063468960977022,S230518h,203,19.012594980948563
9604,107.70491803278688,-29.716981132075464,108.49292304876573,-29.257137558643333,108.50013856416768,-30.17211609936472,106.90969750140606,-30.17211609936472,106.91691301680802,-29.257137558643326,18.93492866101247,0.016993764807447704,S230518h,9604,18.93492866101247
2398,110.36496350364963,-61.132075471698116,111.76842581802275,-60.667201439544186,111.80966475676294,-61.581984748354344,108.92026225053633,-61.581984748354344,108.96150118927652,-60.667201439544186,18.898423714079133,0.0169610022608546,S230518h,2398,18.898423714079133
1123,108.74999999999999,-70.47169811320755,110.76068849106461,-70.00282786643592,110.85323544389708,-70.91730442677544,106.64676455610291,-70.91730442677544,106.73931150893537,-70.00282786643594,18.86045009602571,0.016926921607811715,S230518h,1123,18.86045009602571
24728,71.46067415730336,17.830188679245293,72.18471810961226,18.286358588851243,72.18100855023349,17.371365403358084,70.74033976437326,17.371365403358084,70.73663020499447,18.286358588851243,18.80247366980948,0.016874888786926386,S230518h,24728,18.80247366980948
16450,96.17328519855596,-7.641509433962255,96.86620235470082,-7.183456638413367,96.86768858323846,-8.098455452743478,95.47888181387346,-8.098455452743478,95.4803680424111,-7.183456638413367,18.66651153969659,0.01675286517103522,S230518h,16450,18.66651153969659
321,131.53846153846152,-79.81132075471697,135.25466570873505,-79.33186951589033,135.59915565344247,-80.24483309344546,127.47776742348059,-80.24483309344546,127.82225736818802,-79.33186951589033,18.66043936383212,0.016747415500198974,S230518h,321,18.66043936383212
493,129.375,-77.26415094339622,132.3844789328879,-76.78903594165526,132.6044784909851,-77.70274763531974,126.1455215090149,-77.70274763531974,126.3655210671121,-76.78903594165526,18.453989497558972,0.016562130383218382,S230518h,493,18.453989497558972
23381,74.11764705882354,13.58490566037736,74.82630027845647,14.041407026855124,74.82357084727253,13.126410873126577,73.41172327037452,13.126410873126577,73.4089938391906,14.041407026855124,18.270746241915536,0.016397672790337804,S230518h,23381,18.270746241915536
4113,117.25714285714285,-51.79245283018868,118.3574357294676,-51.32976566712454,118.37998414588291,-52.24465936318111,116.13430156840279,-52.2446593631811,116.15684998481811,-51.32976566712454,18.18613976960709,0.016321739972351645,S230518h,4113,18.18613976960709
7058,105.2054794520548,-39.056603773584904,106.0851085664832,-38.59577856433332,106.09658055015059,-39.51073519731474,104.31437835395901,-39.51073519731474,104.3258503376264,-38.595778564333315,17.83442788928887,0.0160060847575306,S230518h,7058,17.83442788928887
2402,120.87591240875912,-61.132075471698116,122.27937472313224,-60.667201439544186,122.32061366187244,-61.581984748354344,119.4312111556458,-61.58198474835436,119.472450094386,-60.667201439544186,17.765340152602107,0.01594407973129825,S230518h,2402,17.765340152602107
5022,115.57894736842107,-47.54716981132076,116.58862133834201,-47.08520029603243,116.60640007527586,-48.00012159372305,114.5514946615663,-48.000121593723044,114.56927339850013,-47.08520029603243,17.49940951162842,0.015705411667176854,S230518h,5022,17.49940951162842
115,139.35483870967744,-84.05660377358491,145.4980349850377,-83.5624109828508,146.50895300030027,-84.47135848394804,132.20072441905464,-84.47135848394804,133.21164243431718,-83.5624109828508,17.49395954164467,0.015700520415154226,S230518h,115,17.49395954164467
664,310.0,-75.56603773584906,312.6733096925631,-75.09300281892446,312.84423047869933,-76.00700921925686,307.1557695213006,-76.00700921925686,307.3266903074369,-75.09300281892446,17.464981455405354,0.015674513093397853,S230518h,664,17.464981455405354
19794,89.03225806451613,2.5471698113207557,89.72068247703672,3.004486257539032,89.72019357626866,2.0894863878925043,88.34432255276361,2.0894863878925047,88.34383365199555,3.0044862575390323,17.45073143598455,0.015661723952077385,S230518h,19794,17.45073143598455
23925,76.0,15.283018867924536,76.71426023109034,15.739389342596455,76.71115019751797,14.824394260728196,75.28884980248203,14.824394260728196,75.28573976890968,15.739389342596455,17.03116883928088,0.015285173914946009,S230518h,23925,17.03116883928088
23652,73.06273062730628,14.433962264150942,73.77409819947735,14.890398442613018,73.7711801966616,13.975402806323315,72.35428105795097,13.975402806323313,72.35136305513522,14.890398442613018,16.716108653725268,0.01500241295030889,S230518h,23652,16.716108653725268
22561,75.92727272727274,11.037735849056604,76.62882170067589,11.494430023897557,76.62663970109652,10.579432530195422,75.22790575344897,10.579432530195422,75.2257237538696,11.494430023897555,16.47199669466901,0.014783326768725909,S230518h,22561,16.47199669466901
42,151.57894736842104,-86.60377358490567,161.70157914823156,-86.08549181835642,164.75211590737288,-86.9820319810307,138.4057788294692,-86.9820319810307,141.45631558861055,-86.08549181835642,16.270618067082765,0.014602592999102916,S230518h,42,16.270618067082765
15068,91.97080291970804,-11.886792452830186,92.67218804462067,-11.428425702940485,92.67454971218629,-12.343422784497239,91.2670561272298,-12.34342278449724,91.26941779479539,-11.428425702940485,16.231360958509544,0.014567360435935811,S230518h,15068,16.231360958509544
21734,77.9783393501805,8.49056603773585,78.67428654187925,8.947449563962477,78.67262938103238,8.032451031867678,77.28404931932863,8.032451031867678,77.28239215848174,8.947449563962477,15.916535512522618,0.014284810145925076,S230518h,21734,15.916535512522618
739,307.89473684210526,-74.71698113207546,310.42739255642016,-74.24482159494406,310.5796636287592,-75.15893993753988,305.2098100554513,-75.15893993753988,305.3620811277903,-74.24482159494406,15.895542402386788,0.014265969199512655,S230518h,739,15.895542402386788
24729,72.80898876404494,17.830188679245293,73.53303271635383,18.286358588851243,73.52932315697505,17.371365403358084,72.08865437111483,17.371365403358084,72.08494481173604,18.286358588851243,15.825069693096253,0.014202721184774007,S230518h,24729,15.825069693096253
6002,107.1219512195122,-43.30188679245283,108.05954841101125,-42.84052881186335,108.07376510680356,-43.755470313126786,106.17013733222083,-43.755470313126786,106.18435402801313,-42.84052881186335,15.732037536752289,0.014119226463840926,S230518h,6002,15.732037536752289
370,102.85714285714286,-78.9622641509434,106.30283669770826,-78.48446823005999,106.59620078920474,-79.39773913471271,99.11808492508098,-79.39773913471271,99.41144901657746,-78.48446823005999,15.544459143766026,0.013950878161587691,S230518h,370,15.544459143766026
11349,98.0544747081712,-23.77358490566037,98.80308121610429,-23.314274368161648,98.80836592224907,-24.229261586963453,97.30058349409333,-24.229261586963453,97.30586820023811,-23.314274368161644,15.482835662738946,0.013895572173276964,S230518h,11349,15.482835662738946
23922,72.0,15.283018867924536,72.71426023109034,15.739389342596455,72.71115019751797,14.824394260728196,71.28884980248205,14.824394260728196,71.28573976890966,15.739389342596452,15.406810851057791,0.01382734124448027,S230518h,23922,15.406810851057791
524,303.75,-77.26415094339622,306.7594789328879,-76.78903594165526,306.97947849098506,-77.70274763531974,300.5205215090149,-77.70274763531974,300.74052106711207,-76.78903594165526,15.11945560773246,0.013569444977286385,S230518h,524,15.11945560773246
20351,87.74193548387098,4.245283018867931,88.43173565260055,4.702476664022703,88.43091842545066,3.7874770269662617,87.05295254229131,3.7874770269662617,87.05213531514141,4.702476664022703,14.978063328649966,0.013442547898383506,S230518h,20351,14.978063328649966
18118,92.90322580645162,-2.5471698113207557,93.59116131820413,-2.089486387892505,93.59165021897219,-3.0044862575390323,92.21480139393103,-3.004486257539032,92.21529029469909,-2.0894863878925047,14.960687996673336,0.013426953844117531,S230518h,18118,14.960687996673336
7954,110.52631578947368,-35.660377358490564,111.36764238963052,-35.19993473001253,111.37733794276294,-36.114900818781194,109.67529363618443,-36.114900818781194,109.68498918931687,-35.19993473001253,14.866964643285037,0.013342838786017233,S230518h,7954,14.866964643285037
10343,106.56,-27.169811320754707,107.32960585135609,-26.710202943497553,107.33593986828866,-27.625185591211185,105.78406013171133,-27.62518559121119,105.7903941486439,-26.710202943497553,14.766085498683244,0.013252301531400099,S230518h,10343,14.766085498683244
8643,102.63829787234043,-33.11320754716981,103.45483342570301,-32.65303134171315,103.46338244974098,-33.56800332223071,101.81321329493991,-33.56800332223071,101.82176231897786,-32.65303134171315,14.620607879264288,0.013121737931535923,S230518h,8643,14.620607879264288
25521,67.0722433460076,20.377358490566046,67.80781631580611,20.833321850545808,67.80346592917124,19.918330938590884,66.34102076284397,19.918330938590884,66.33667037620909,20.83332185054581,14.583366087750692,0.013088314079916499,S230518h,25521,14.583366087750692
17277,87.74193548387098,-5.094339622641511,88.43167074686495,-4.6364721794291,88.43265340045224,-5.551471655945463,87.05121756728973,-5.551471655945463,87.05220022087701,-4.6364721794291,14.559335412834795,0.013066746972641053,S230518h,17277,14.559335412834795
22835,74.8905109489051,11.886792452830198,75.59425774138336,12.343422784497255,75.59189607381775,11.4284257029405,74.18912582399247,11.4284257029405,74.18676415642686,12.343422784497255,14.486601282941074,0.013001469372761141,S230518h,22835,14.486601282941074
2137,121.84615384615384,-62.83018867924528,123.32842609902107,-62.3647767072679,123.37525703927471,-63.279526716180385,120.31705065303292,-63.279526716180385,120.36388159328659,-62.3647767072679,14.483025004215806,0.012998259725625358,S230518h,2137,14.483025004215806
526,315.0,-77.26415094339622,318.0094789328879,-76.78903594165526,318.2294784909851,-77.70274763531974,311.7705215090149,-77.70274763531974,311.99052106711207,-76.78903594165526,14.301394834912589,0.012835249849309787,S230518h,526,14.301394834912589
24994,70.37593984962406,18.679245283018872,71.10362690977574,19.135347060918658,71.09970874393856,18.220354589450903,69.65217095530957,18.220354589450903,69.6482527894724,19.135347060918658,14.247036426421461,0.01278646413557708,S230518h,24994,14.247036426421461
3937,109.4736842105263,-52.64150943396226,110.59485844154806,-52.17866275157255,110.61855615432735,-53.093549738023256,108.32881226672527,-53.093549738023256,108.35250997950457,-52.17866275157255,14.017172682966995,0.012580165476418794,S230518h,3937,14.017172682966995
819,310.5,-73.86792452830188,312.9065558739161,-73.39655303540636,313.04303861737475,-74.31076612063245,307.9569613826253,-74.31076612063245,308.0934441260839,-73.39655303540636,14.014516867187387,0.01257778192855661,S230518h,819,14.014516867187387
25522,68.44106463878326,20.377358490566046,69.17663760858179,20.833321850545815,69.1722872219469,19.918330938590884,67.70984205561963,19.918330938590884,67.70549166898476,20.833321850545815,14.008952186204098,0.012572787725433299,S230518h,25522,14.008952186204098
20346,81.29032258064517,4.245283018867931,81.98012274937476,4.702476664022703,81.97930552222485,3.7874770269662617,80.6013396390655,3.7874770269662617,80.60052241191559,4.702476664022703,13.864671852459956,0.01244329866836405,S230518h,20346,13.864671852459956
18671,84.85714285714286,-0.849056603773581,85.54463698896244,-0.3914954839661034,85.54479971740024,-1.3064954694993451,84.16948599688547,-1.3064954694993451,84.16964872532328,-0.3914954839661034,13.624494954378198,0.012227744134663182,S230518h,18671,13.624494954378198
24727,70.11235955056179,17.830188679245293,70.8364035028707,18.286358588851243,70.83269394349192,17.371365403358084,69.39202515763168,17.371365403358084,69.3883155982529,18.286358588851243,13.569576555319875,0.012178455839264407,S230518h,24727,13.569576555319875
15622,97.82608695652173,-10.18867924528301,98.5236000743015,-9.730439007282733,98.52560491143466,-10.645436879666908,97.12656900160881,-10.645436879666908,97.12857383874197,-9.730439007282735,13.557643825099099,0.012167746424166365,S230518h,15622,13.557643825099099
17834,86.45161290322581,-3.396226415094337,87.13999614814716,-2.9384817540480896,87.14064885221488,-3.8534815220706875,85.76257695423674,-3.8534815220706875,85.76322965830444,-2.93848175404809,13.49670528665327,0.012113055159752452,S230518h,17834,13.49670528665327
554,105.88235294117648,-76.41509433962264,108.71350180945784,-75.94108089228301,108.90666938964111,-76.85495372502506,102.85803649271183,-76.85495372502506,103.05120407289512,-75.94108089228301,12.92843654482677,0.011603043977829816,S230518h,554,12.92843654482677
1646,109.56521739130436,-66.22641509433963,111.23988733994621,-65.75971991330341,111.30168961192723,-66.67438053436891,107.82874517068151,-66.67438053436891,107.89054744266254,-65.75971991330341,12.883614142390527,0.01156281666149064,S230518h,1646,12.883614142390527
902,308.57142857142856,-73.01886792452831,310.8643186688575,-72.54820988239366,310.9873176059012,-73.46250385953338,306.155539536956,-73.46250385953338,306.2785384739996,-72.54820988239366,12.868402895140099,0.01154916483513156,S230518h,902,12.868402895140099
24193,73.60594795539033,16.132075471698116,74.32328261420109,16.58837969145114,74.3199768286042,15.673385202064171,72.89191908217647,15.673385202064171,72.88861329657958,16.58837969145114,12.868325409021564,0.011549095292705612,S230518h,24193,12.868325409021564
8883,108.90756302521008,-32.26415094339622,109.71650589644175,-31.80406015235267,109.72470238491331,-32.71903390162755,108.09042366550686,-32.71903390162755,108.09862015397842,-31.80406015235267,12.647742424295457,0.011351125950963194,S230518h,8883,12.647742424295457
222,98.18181818181817,-81.50943396226415,102.59324471839734,-81.02574501336248,103.08956955942392,-81.93779521133476,93.27406680421244,-81.93779521133476,93.77039164523902,-81.02574501336248,12.256767595790807,0.011000232932025095,S230518h,222,12.256767595790807
24995,71.72932330827068,18.679245283018872,72.45701036842235,19.135347060918654,72.45309220258517,18.220354589450903,71.00555441395619,18.2203545894509,71.00163624811901,19.135347060918654,12.237442084834246,0.01098288862649012,S230518h,24995,12.237442084834246
663,305.0,-75.56603773584906,307.6733096925631,-75.09300281892448,307.84423047869933,-76.00700921925686,302.1557695213006,-76.00700921925686,302.3266903074369,-75.09300281892446,12.092808273294759,0.01085308232932843,S230518h,663,12.092808273294759
24993,69.02255639097744,18.679245283018872,69.75024345112912,19.135347060918654,69.74632528529193,18.220354589450903,68.29878749666295,18.220354589450903,68.29486933082578,19.135347060918654,12.059946255296026,0.0108235892472595,S230518h,24993,12.059946255296026
24461,72.53731343283583,16.9811320754717,73.2579080046991,17.437369452738842,73.25440247239436,16.522375595057774,71.82022439327733,16.522375595057774,71.81671886097257,17.437369452738842,12.01116165171466,0.010779805925213335,S230518h,24461,12.01116165171466
25784,67.58620689655173,21.22641509433963,68.3260327050566,21.68230808315608,68.32145802858099,20.767318019947645,66.85095576452247,20.767318019947645,66.84638108804685,21.68230808315608,11.918512958497345,0.010696655355679145,S230518h,25784,11.918512958497345
24194,74.9442379182156,16.132075471698116,75.66157257702636,16.588379691451138,75.65826679142947,15.673385202064168,74.23020904500174,15.673385202064168,74.22690325940485,16.588379691451138,11.825883502510525,0.010613522051220332,S230518h,24194,11.825883502510525
3772,117.85714285714286,-53.490566037735846,119.00026205633118,-53.02755362730562,119.02518869600007,-53.94243342086947,116.68909701828565,-53.94243342086948,116.71402365795457,-53.02755362730563,11.807755886780313,0.010597252835542045,S230518h,3772,11.807755886780313
14,196.36363636363635,-88.30188679245282,214.05685427821612,-87.73743212585558,225.36010065447906,-88.58169408717343,167.36717207279364,-88.58169408717343,178.6704184490566,-87.73743212585558,11.79229248582909,0.01058337470567988,S230518h,14,11.79229248582909
11354,105.05836575875486,-23.77358490566037,105.80697226668795,-23.314274368161644,105.81225697283273,-24.229261586963453,104.30447454467699,-24.229261586963453,104.30975925082176,-23.314274368161644,11.758449672094402,0.010553001376721228,S230518h,11354,11.758449672094402
24192,72.26765799256506,16.132075471698116,72.98499265137582,16.58837969145114,72.98168686577893,15.673385202064168,71.5536291193512,15.673385202064171,71.5503233337543,16.58837969145114,11.639731847323052,0.010446454220999954,S230518h,24192,11.639731847323052
25259,69.54545454545455,19.528301886792452,70.2769829922744,19.984334828713234,70.27285132709271,19.06934311456806,68.81805776381638,19.06934311456806,68.81392609863468,19.984334828713234,11.613425320950096,0.010422844577146189,S230518h,25259,11.613425320950096
740,312.6315789473684,-74.71698113207546,315.1642346616833,-74.24482159494406,315.3165057340223,-75.15893993753988,309.94665216071445,-75.15893993753988,310.0989232330534,-74.24482159494406,11.573588475522566,0.010387091710368297,S230518h,740,11.573588475522566
10090,100.16129032258065,-28.0188679245283,100.9367631582805,-27.55918237276448,100.94338106373662,-28.47416372130605,99.3791995814247,-28.474163721306052,99.38581748688082,-27.55918237276448,11.425205146314989,0.010253920287172407,S230518h,10090,11.425205146314989
25783,66.20689655172414,21.22641509433963,66.94672236022902,21.682308083156084,66.9421476837534,20.76731801994765,65.4716454196949,20.767318019947645,65.46707074321927,21.68230808315608,11.196035808459671,0.010048244844802741,S230518h,25783,11.196035808459671
128,290.3225806451613,-84.05660377358491,296.46577692052153,-83.5624109828508,297.4766949357841,-84.47135848394804,283.16846635453845,-84.47135848394804,284.179384369801,-83.5624109828508,11.116086292733844,0.009976491563285948,S230518h,128,11.116086292733844
16168,89.67509025270758,-8.49056603773585,90.36938028355945,-8.032451031867678,90.37103744440634,-8.947449563962477,88.97914306100883,-8.94744956396248,88.9808002218557,-8.03245103186768,11.111950210642453,0.009972779502493761,S230518h,16168,11.111950210642453
24462,73.88059701492539,16.9811320754717,74.60119158678864,17.437369452738842,74.5976860544839,16.522375595057778,73.16350797536687,16.522375595057774,73.16000244306211,17.43736945273884,11.108875303064066,0.009970019827127287,S230518h,24462,11.108875303064066
3941,117.89473684210526,-52.64150943396226,119.015911073127,-52.17866275157255,119.03960878590628,-53.093549738023256,116.74986489830422,-53.093549738023256,116.7735626110835,-52.17866275157255,11.074665224401297,0.009939316884367517,S230518h,3941,11.074665224401297
15347,98.18181818181817,-11.037735849056604,98.88118515564196,-10.579432530195424,98.88336715522132,-11.494430023897555,97.48026920841504,-11.494430023897554,97.4824512079944,-10.579432530195424,11.064950572823317,0.009930598155765047,S230518h,15347,11.064950572823317
24191,70.92936802973978,16.132075471698116,71.64670268855053,16.58837969145114,71.64339690295364,15.673385202064168,70.21533915652591,15.673385202064168,70.21203337092902,16.58837969145114,11.032012705024892,0.009901036999837496,S230518h,24191,11.032012705024892
5799,106.93069306930693,-44.15094339622641,107.88145885882528,-43.689470143190476,107.8963126555457,-44.60440806846607,105.96507348306817,-44.60440806846607,105.97992727978857,-43.68947014319047,11.021051121011528,0.009891199171347351,S230518h,5799,11.021051121011528
26044,66.46153846153845,22.07547169811321,67.20583094304652,22.531293481595387,67.20102604356302,21.616304315504323,65.7220508795139,21.616304315504323,65.71724598003038,22.53129348159538,11.004219742252168,0.00987609330550849,S230518h,26044,11.004219742252168
26,167.99999999999997,-87.45283018867924,180.8937944938584,-86.91772302298592,186.21548519236973,-87.80022755457108,149.78451480763022,-87.80022755457108,155.10620550614158,-86.91772302298592,10.991203784857703,0.009864411713110378,S230518h,26,10.991203784857703
26043,65.07692307692307,22.07547169811321,65.82121555843113,22.531293481595384,65.81641065894763,21.616304315504323,64.3374354948985,21.616304315504323,64.332630595415,22.531293481595387,10.974420208320558,0.0098493487489236,S230518h,26043,10.974420208320558
11606,97.67441860465117,-22.92452830188679,98.4183560293527,-22.46528978044789,98.42339746985633,-23.38027799910132,96.92543973944602,-23.380277999101324,96.93048117994965,-22.465289780447893,10.951729939488978,0.00982898463248858,S230518h,11606,10.951729939488978
25258,68.18181818181819,19.528301886792452,68.91334662863804,19.984334828713234,68.90921496345635,19.06934311456806,67.45442140018001,19.06934311456806,67.45028973499832,19.984334828713237,10.920772632680912,0.009801200995149006,S230518h,25258,10.920772632680912
24460,71.19402985074628,16.9811320754717,71.91462442260955,17.437369452738842,71.9111188903048,16.522375595057774,70.47694081118777,16.522375595057774,70.47343527888302,17.437369452738842,10.907945923560911,0.009789689249742347,S230518h,24460,10.907945923560911
701,127.89473684210527,-74.71698113207546,130.42739255642022,-74.24482159494406,130.57966362875922,-75.15893993753988,125.20981005545133,-75.15893993753988,125.36208112779033,-74.24482159494406,10.889502456631309,0.009773136563178445,S230518h,701,10.889502456631309
14795,92.30769230769229,-12.735849056603767,93.01126219548912,-12.277418494495375,93.0138062623656,-13.19241512967444,91.601578353019,-13.19241512967444,91.60412241989548,-12.277418494495375,10.650409946728598,0.009558555248759497,S230518h,14795,10.650409946728598
27571,57.6,27.16981132075472,58.375939868288675,27.6251855912112,58.36960585135609,26.710202943497567,56.830394148643904,26.71020294349757,56.824060131711335,27.6251855912112,10.625973271616735,0.00953662376346259,S230518h,27571,10.625973271616735
26302,64.18604651162791,22.924528301886802,64.93502537683307,23.38027799910133,64.92998393632944,22.465289780447907,63.44210908692638,22.465289780447907,63.437067646422754,23.38027799910133,10.61789311704014,0.009529371967116231,S230518h,26302,10.61789311704014
2972,109.66887417218543,-57.73584905660377,110.94051796296448,-57.27189762535239,110.97309040127035,-58.18673236751173,108.36465794310051,-58.186732367511745,108.39723038140639,-57.27189762535238,10.52371355038751,0.009444847465650455,S230518h,2972,10.52371355038751
24459,69.8507462686567,16.9811320754717,70.57134084051998,17.437369452738842,70.56783530821524,16.522375595057774,69.1336572290982,16.522375595057774,69.13015169679343,17.43736945273884,10.50370930366774,0.009426894006728484,S230518h,24459,10.50370930366774
25523,69.80988593155894,20.377358490566046,70.54545890135745,20.833321850545815,70.54110851472258,19.918330938590884,69.07866334839531,19.918330938590884,69.07431296176043,20.83332185054581,10.378787067923838,0.009314778501491672,S230518h,25523,10.378787067923838
3768,109.28571428571429,-53.490566037735846,110.42883348490261,-53.02755362730563,110.45376012457152,-53.94243342086948,108.11766844685708,-53.94243342086948,108.142595086526,-53.02755362730563,10.325743313955602,0.009267172667026799,S230518h,3768,10.325743313955602
167,330.0,-83.20754716981132,335.4315159254577,-82.7176655849038,336.2064476888988,-83.62803729667446,323.79355231110117,-83.62803729667446,324.5684840745423,-82.7176655849038,10.214093835703714,0.009166969227750394,S230518h,167,10.214093835703714
26303,65.5813953488372,22.924528301886802,66.33037421404237,23.38027799910133,66.32533277353873,22.465289780447904,64.83745792413568,22.465289780447904,64.83241648363206,23.38027799910133,10.155637025042443,0.009114505270290835,S230518h,26303,10.155637025042443
818,306.0,-73.86792452830188,308.4065558739161,-73.39655303540636,308.5430386173747,-74.31076612063245,303.45696138262525,-74.31076612063245,303.59344412608385,-73.39655303540636,10.14889131063385,0.009108451110480142,S230518h,818,10.14889131063385
26301,62.7906976744186,22.924528301886802,63.539676539623756,23.380277999101327,63.53463509912013,22.465289780447904,62.04676024971709,22.4652897804479,62.04171880921346,23.380277999101327,10.127728098229358,0.009089457500279091,S230518h,26301,10.127728098229358
27570,56.160000000000004,27.16981132075472,56.93593986828866,27.6251855912112,56.92960585135611,26.710202943497567,55.39039414864391,26.710202943497567,55.38406013171134,27.6251855912112,10.098726628564389,0.009063429192310252,S230518h,27570,10.098726628564389
990,310.90909090909093,-72.16981132075472,313.0990219691077,-71.69980251664519,313.2104138683682,-72.61416610681106,308.6077679498136,-72.61416610681106,308.7191598490742,-71.69980251664518,9.897608374884754,0.008882929103680208,S230518h,990,9.897608374884754
21180,78.9928057553957,6.792452830188687,79.68582399760291,7.2494610785227955,79.68450703404532,6.334462013002498,78.30110447674608,6.334462013002498,78.29978751318849,7.2494610785227955,9.812282349851174,0.00880635049980299,S230518h,21180,9.812282349851174
25520,65.70342205323193,20.377358490566046,66.43899502303044,20.83332185054581,66.43464463639556,19.918330938590884,64.97219947006829,19.918330938590884,64.96784908343342,20.833321850545815,9.781624430156937,0.008778835557122364,S230518h,25520,9.781624430156937
26815,62.11764705882353,24.62264150943398,62.87668324149123,25.078244194379337,62.871148114865875,24.16325803009167,61.36414600278118,24.16325803009167,61.35861087615583,25.078244194379337,9.680361292485921,0.008687953675492216,S230518h,26815,9.680361292485921
21457,77.9783393501805,7.641509433962268,78.67274273486301,8.09845545274349,78.67125650632536,7.18345663841338,77.28542219403565,7.18345663841338,77.283935965498,8.09845545274349,9.672570934444682,0.00868096196642963,S230518h,21457,9.672570934444682
28066,54.14634146341463,28.867924528301884,54.93485588088969,29.32314057970997,54.92794434968085,28.408160599011673,53.3647385771484,28.408160599011676,53.35782704593955,29.32314057970997,9.601007931747382,0.008616735432571243,S230518h,28066,9.601007931747382
22010,76.95652173913044,9.339622641509443,77.6541731433675,9.796443382880861,77.65234318176296,8.88144516457744,76.26070029649794,8.881445164577443,76.25887033489339,9.796443382880861,9.497266846390671,0.008523629636558857,S230518h,22010,9.497266846390671
25785,68.96551724137932,21.22641509433963,69.70534304988419,21.68230808315608,69.70076837340858,20.76731801994765,68.23026610935007,20.767318019947645,68.22569143287446,21.682308083156077,9.49405573132446,0.00852074771737227,S230518h,25785,9.49405573132446
6006,114.14634146341463,-43.30188679245283,115.08393865491368,-42.840528811863344,115.09815535070597,-43.755470313126786,113.19452757612328,-43.75547031312678,113.20874427191556,-42.84052881186334,9.493344908813643,0.00852010976669472,S230518h,6006,9.493344908813643
7499,104.46428571428571,-37.35849056603773,105.32395971634458,-36.89786090455481,105.33450407409318,-37.812822517519514,103.59406735447824,-37.812822517519514,103.60461171222684,-36.89786090455481,9.488436507362849,0.008515704562887055,S230518h,7499,9.488436507362849
28065,52.68292682926829,28.867924528301884,53.47144124674336,29.323140579709964,53.46452971553451,28.408160599011673,51.90132394300207,28.408160599011673,51.894412411793226,29.323140579709964,9.45663020034633,0.00848715896282123,S230518h,28065,9.45663020034633
27572,59.040000000000006,27.16981132075472,59.81593986828867,27.625185591211196,59.8096058513561,26.710202943497567,58.270394148643916,26.710202943497567,58.26406013171135,27.625185591211196,9.38424467876294,0.008422194232756766,S230518h,27572,9.38424467876294
2678,110.0,-59.43396226415094,111.33372012831731,-58.96957226246886,111.37026783545646,-59.884383446048005,108.62973216454354,-59.884383446048005,108.66627987168269,-58.96957226246887,9.362481059035511,0.008402661767563581,S230518h,2678,9.362481059035511
26814,60.70588235294117,24.62264150943398,61.46491853560886,25.078244194379337,61.45938340898351,24.16325803009167,59.95238129689882,24.16325803009167,59.946846170273474,25.078244194379337,9.324172458083568,0.008368280473272248,S230518h,26814,9.324172458083568
1081,309.1304347826087,-71.32075471698113,311.2266920968569,-70.85133948025174,311.3280207667976,-71.7657634060181,306.9328487984198,-71.7657634060181,307.0341774683605,-70.85133948025174,9.147981665765176,0.008210152341949438,S230518h,1081,9.147981665765176
665,315.0,-75.56603773584906,317.6733096925631,-75.09300281892446,317.8442304786994,-76.00700921925686,312.1557695213006,-76.00700921925686,312.3266903074368,-75.09300281892446,9.094692866773869,0.008162326583894472,S230518h,665,9.094692866773869
11611,104.65116279069767,-22.92452830188679,105.3951002153992,-22.46528978044789,105.40014165590283,-23.380277999101324,103.90218392549251,-23.380277999101324,103.90722536599614,-22.46528978044789,9.07825515308592,0.008147574025520151,S230518h,11611,9.07825515308592
4285,109.21348314606742,-50.94339622641509,110.29389101600067,-50.48086278266235,110.31536287524055,-51.39576274630834,108.1116034168943,-51.39576274630835,108.13307527613418,-50.480862782662356,9.054299325761477,0.008126074092639091,S230518h,4285,9.054299325761477
71,281.73913043478257,-85.75471698113206,290.0655761373802,-85.24731211215168,292.03417014669316,-86.15045612028004,271.44409072287203,-86.15045612028004,273.4126847321849,-85.24731211215168,9.033516592455216,0.00810742195572401,S230518h,71,9.033516592455216
26559,63.035019455252915,23.773584905660385,63.788910669330775,24.229261586963467,63.78362596318601,23.314274368161662,62.28641294731982,23.314274368161666,62.281128241175054,24.229261586963467,9.018682256195707,0.008094108400337464,S230518h,26559,9.018682256195707
297,322.5,-80.66037735849056,326.5336890198093,-80.17898843380384,326.9438152975127,-81.09155728932656,318.05618470248726,-81.09155728932656,318.46631098019066,-80.17898843380384,9.015177704323673,0.008090963126788508,S230518h,297,9.015177704323673
25260,70.9090909090909,19.528301886792452,71.64061935591076,19.984334828713234,71.63648769072907,19.069343114568056,70.18169412745273,19.06934311456806,70.17756246227104,19.984334828713237,8.989309605689767,0.008067746964104696,S230518h,25260,8.989309605689767
2536,109.7872340425532,-60.28301886792453,111.15478682028429,-59.81839301715441,111.1935803328469,-60.73319086476167,108.38088775225948,-60.73319086476167,108.41968126482212,-59.81839301715441,8.957380295252003,0.008039090970635833,S230518h,2536,8.957380295252003
24726,68.76404494382022,17.830188679245293,69.48808889612911,18.286358588851243,69.48437933675032,17.371365403358084,68.04371055089011,17.371365403358084,68.04000099151132,18.286358588851243,8.926362576843669,0.008011253114949575,S230518h,24726,8.926362576843669
989,306.8181818181818,-72.16981132075472,309.0081128781986,-71.69980251664518,309.1195047774591,-72.61416610681106,304.5168588589045,-72.61416610681106,304.62825075816505,-71.69980251664519,8.91703290942467,0.00800287990284571,S230518h,989,8.91703290942467
15892,90.0,-9.339622641509429,90.69582144263251,-8.881445164577427,90.69765140423705,-9.796443382880847,89.30234859576294,-9.796443382880847,89.30417855736749,-8.881445164577427,8.903206356717867,0.00799047081543885,S230518h,15892,8.903206356717867
24730,74.15730337078651,17.830188679245293,74.88134732309541,18.286358588851243,74.87763776371663,17.371365403358084,73.4369689778564,17.371365403358084,73.43325941847762,18.286358588851243,8.71167208645707,0.00781857218304104,S230518h,24730,8.71167208645707
1882,109.18032786885244,-64.52830188679245,110.75224738232004,-64.06228741000734,110.8058194320134,-64.97699720338055,107.5548363056915,-64.97699720338055,107.60840835538487,-64.06228741000734,8.617583173848985,0.007734129041982764,S230518h,1882,8.617583173848985
26560,64.43579766536965,23.773584905660385,65.1896888794475,24.22926158696347,65.18440417330274,23.314274368161662,63.68719115743655,23.314274368161666,63.681906451291766,24.22926158696347,8.57232818809949,0.007693513489742802,S230518h,26560,8.57232818809949
591,301.7647058823529,-76.41509433962264,304.5958547506343,-75.94108089228301,304.78902233081755,-76.85495372502506,298.7403894338883,-76.85495372502506,298.93355701407154,-75.94108089228301,8.49739431119978,0.0076262616556883175,S230518h,591,8.49739431119978
26042,63.69230769230769,22.07547169811321,64.43660017381576,22.531293481595384,64.43179527433226,21.616304315504323,62.95282011028312,21.616304315504323,62.948015210799625,22.531293481595387,8.483786179400859,0.00761404859719733,S230518h,26042,8.483786179400859
945,126.81818181818183,-72.16981132075472,129.00811287819855,-71.69980251664518,129.11950477745913,-72.61416610681106,124.51685885890453,-72.61416610681106,124.62825075816507,-71.69980251664519,8.475706834249811,0.0076067975272961375,S230518h,945,8.475706834249811
30,263.99999999999994,-87.45283018867924,276.89379449385837,-86.91772302298592,282.2154851923697,-87.80022755457108,245.7845148076302,-87.80022755457108,251.1062055061415,-86.91772302298592,8.471112258326292,0.00760267397636906,S230518h,30,8.471112258326292
19515,90.0,1.6981132075471748,90.68796488489163,2.155490897660435,90.68763924927218,1.2404909555528938,89.31236075072782,1.2404909555528938,89.31203511510837,2.155490897660435,8.435538017468078,0.007570746722077749,S230518h,19515,8.435538017468078
17561,94.19354838709678,-4.245283018867918,94.88253132867646,-3.7874770269662488,94.88334855582636,-4.70247666402269,93.50374821836722,-4.702476664022691,93.5045654455171,-3.7874770269662488,8.412075568195782,0.007549689587304327,S230518h,17561,8.412075568195782
4109,109.02857142857142,-51.79245283018868,110.12886430089618,-51.32976566712454,110.15141271731149,-52.24465936318111,107.90573013983136,-52.24465936318111,107.92827855624668,-51.32976566712454,8.409441617779729,0.007547325663220628,S230518h,4109,8.409441617779729
1430,124.48598130841121,-67.9245283018868,126.2794536740624,-67.45705648255577,126.35145077268318,-68.37165611948272,122.62051184413926,-68.37165611948272,122.69250894276004,-67.45705648255577,8.394722307418576,0.007534115341550904,S230518h,1430,8.394722307418576
16999,88.05755395683454,-5.943396226415093,88.74819499751395,-5.485467184005647,88.74934416691119,-6.4004664701230585,87.3657637467579,-6.400466470123058,87.36691291615514,-5.485467184005646,8.378921309542786,0.007519934224397976,S230518h,16999,8.378921309542786
28067,55.609756097560975,28.867924528301884,56.398270515036046,29.323140579709964,56.3913589838272,28.40816059901167,54.82815321129475,28.40816059901167,54.8212416800859,29.323140579709964,8.370147180507217,0.007512059598203705,S230518h,28067,8.370147180507217
19230,83.57142857142857,0.8490566037735938,84.25908543168596,1.306495469499358,84.25892270324816,0.3914954839661163,82.88393443960898,0.3914954839661162,82.88377171117118,1.306495469499358,8.36222804156809,0.007504952310554603,S230518h,19230,8.36222804156809
28064,51.21951219512194,28.867924528301884,52.00802661259701,29.32314057970997,52.00111508138817,28.408160599011676,50.43790930885572,28.408160599011673,50.43099777764687,29.323140579709964,8.230901726267675,0.00738708925676665,S230518h,28064,8.230901726267675
27069,61.185770750988134,25.47169811320756,61.95019160041001,25.92722576829966,61.94439844262675,25.012240715603458,60.427143059349504,25.012240715603458,60.42134990156626,25.927225768299657,8.210353066054628,0.007368647196327961,S230518h,27069,8.210353066054628
23108,73.84615384615384,12.73584905660378,74.55226780082714,13.192415129674453,74.54972373395067,12.27741849449539,73.14258395835702,12.277418494495391,73.14003989148054,13.192415129674455,8.203217550247707,0.007362243196631235,S230518h,23108,8.203217550247707
143,90.0,-83.20754716981132,95.43151592545767,-82.7176655849038,96.20644768889882,-83.62803729667446,83.79355231110118,-83.62803729667446,84.56848407454233,-82.7176655849038,8.203161746967854,0.007362193114170916,S230518h,143,8.203161746967854
27819,55.16129032258064,28.0188679245283,55.943381063736595,28.474163721306056,55.936763158280485,27.559182372764482,54.385817486880796,27.55918237276448,54.37919958142467,28.474163721306052,8.173114174981471,0.00733522594780272,S230518h,27819,8.173114174981471
1177,311.25,-70.47169811320755,313.2606884910646,-70.00282786643592,313.35323544389706,-70.91730442677543,309.14676455610294,-70.91730442677543,309.23931150893543,-70.00282786643592,8.087196325103406,0.0072581161915565425,S230518h,1177,8.087196325103406
2010,122.85714285714286,-63.67924528301886,124.38275593218043,-63.21354090053841,124.43279510395068,-64.12827177829537,121.28149061033501,-64.12827177829537,121.33152978210529,-63.21354090053841,8.038838915753196,0.007214716268804946,S230518h,2010,8.038838915753196
26816,63.529411764705884,24.62264150943398,64.28844794737358,25.078244194379337,64.28291282074822,24.163258030091665,62.77591070866354,24.163258030091665,62.770375582038184,25.078244194379334,8.025038725674781,0.007202330841392508,S230518h,26816,8.025038725674781
5018,108.00000000000001,-47.54716981132076,109.00967396992094,-47.08520029603243,109.02745270685477,-48.000121593723044,106.97254729314523,-48.000121593723044,106.99032603007907,-47.08520029603243,7.982802516037394,0.007164424587517166,S230518h,5018,7.982802516037394
27068,59.76284584980237,25.47169811320756,60.52726669922424,25.927225768299657,60.52147354144099,25.012240715603454,59.00421815816374,25.012240715603454,58.998425000380486,25.927225768299657,7.964253297056653,0.007147776990350898,S230518h,27068,7.964253297056653
15,229.0909090909091,-88.30188679245282,246.78412700548884,-87.73743212585558,258.0873733817518,-88.58169408717343,200.09444480006636,-88.58169408717343,211.39769117632932,-87.73743212585558,7.918955943929324,0.007107123414135915,S230518h,15,7.918955943929324
855,107.14285714285715,-73.01886792452831,109.4357472402861,-72.54820988239366,109.55874617732974,-73.46250385953338,104.72696810838458,-73.46250385953338,104.84996704542822,-72.54820988239366,7.881127830523093,0.007073173348949846,S230518h,855,7.881127830523093
27320,58.57142857142858,26.32075471698114,59.341481314008455,26.776206253261982,59.335422030740865,25.861222371828298,57.80743511211627,25.861222371828294,57.80137582884868,26.776206253261982,7.879356417032603,0.0070715835365574645,S230518h,27320,7.879356417032603
27820,56.61290322580645,28.0188679245283,57.39499396696242,28.474163721306052,57.3883760615063,27.55918237276448,55.837430390106604,27.55918237276448,55.83081248465049,28.474163721306052,7.878263509869354,0.007070602671637342,S230518h,27820,7.878263509869354
18956,91.28571428571429,0.0,91.97321428571429,0.4575000000000001,91.97321428571429,-0.4575000000000001,90.5982142857143,-0.4575000000000001,90.5982142857143,0.4575000000000001,7.855090408742512,0.007049805221725656,S230518h,18956,7.855090408742512
2268,121.80451127819549,-61.9811320754717,123.24614439465032,-61.51599641863672,123.29005297736566,-62.43076383822156,120.31896957902532,-62.43076383822156,120.36287816174067,-61.51599641863672,7.835961750189876,0.007032637587754327,S230518h,2268,7.835961750189876
272,135.0,-80.66037735849056,139.03368901980932,-80.17898843380384,139.4438152975127,-81.09155728932656,130.5561847024873,-81.09155728932656,130.96631098019068,-80.17898843380384,7.801886986254953,0.0070020560875783235,S230518h,272,7.801886986254953
5209,108.18652849740934,-46.698113207547166,109.18047079712005,-46.23627346299393,109.19745575594483,-47.15119930225128,107.17560123887384,-47.15119930225128,107.19258619769863,-46.23627346299393,7.7660838243127674,0.006969923380648128,S230518h,5209,7.7660838243127674
22285,75.65217391304348,10.188679245283023,76.3516918679564,10.645436879666919,76.34968703082326,9.730439007282747,74.95466079526372,9.730439007282746,74.95265595813055,10.645436879666917,7.73170534325715,0.006939069299708315,S230518h,22285,7.73170534325715
26045,67.84615384615385,22.07547169811321,68.59044632766194,22.531293481595387,68.58564142817842,21.616304315504323,67.10666626412929,21.616304315504323,67.10186136464579,22.531293481595384,7.727879105750456,0.006935635318970903,S230518h,26045,7.727879105750456
25257,66.81818181818181,19.528301886792452,67.54971026500168,19.984334828713237,67.54557859981999,19.06934311456806,66.09078503654365,19.06934311456806,66.08665337136195,19.984334828713234,7.723473586843144,0.006931681443384365,S230518h,25257,7.723473586843144
27569,54.720000000000006,27.16981132075472,55.49593986828866,27.625185591211196,55.489605851356096,26.710202943497563,53.95039414864391,26.710202943497563,53.94406013171133,27.625185591211192,7.583886047437779,0.0068064040865391095,S230518h,27569,7.583886047437779
6632,113.2394366197183,-40.75471698113208,114.1407795531987,-40.293686745980466,114.1532695057811,-41.208637827054545,112.3256037336555,-41.20863782705454,112.3380936862379,-40.29368674598046,7.463490218844244,0.0066983509519567205,S230518h,6632,7.463490218844244
26558,61.63424124513619,23.773584905660385,62.38813245921405,24.229261586963467,62.38284775306928,23.314274368161662,60.88563473720309,23.314274368161666,60.88035003105832,24.229261586963467,7.462255820535894,0.006697243101227185,S230518h,26558,7.462255820535894
903,312.8571428571429,-73.01886792452831,315.1500329545718,-72.54820988239366,315.2730318916154,-73.46250385953338,310.44125382267026,-73.46250385953338,310.56425275971395,-72.54820988239366,7.418061257586269,0.006657579259763643,S230518h,903,7.418061257586269
24996,73.0827067669173,18.679245283018872,73.81039382706898,19.135347060918654,73.80647566123179,18.220354589450903,72.35893787260281,18.2203545894509,72.35501970676563,19.135347060918654,7.397384004542786,0.006639021789525662,S230518h,24996,7.397384004542786
27321,60.00000000000001,26.32075471698114,60.77005274257989,26.776206253261982,60.763993459312296,25.861222371828298,59.236006540687704,25.861222371828298,59.22994725742013,26.776206253261982,7.334278624169969,0.0065823858226657355,S230518h,27321,7.334278624169969
26304,66.9767441860465,22.924528301886802,67.72572305125166,23.38027799910133,67.72068161074803,22.465289780447907,66.23280676134497,22.465289780447907,66.22776532084134,23.380277999101335,7.311479807714369,0.006561924286650952,S230518h,26304,7.311479807714369
16727,95.8273381294964,-6.792452830188674,96.51903940814601,-6.334462013002485,96.52035637170361,-7.249461078522783,95.1343198872892,-7.249461078522781,95.13563685084678,-6.334462013002484,7.285994034246475,0.006539051254066413,S230518h,16727,7.285994034246475
1276,309.6,-69.62264150943396,311.53223629853136,-69.15427361423606,311.61707415628564,-70.06879636334293,307.5829258437144,-70.06879636334293,307.6677637014687,-69.15427361423606,7.280788049074475,0.006534378974112901,S230518h,1276,7.280788049074475
27818,53.70967741935484,28.0188679245283,54.4917681605108,28.474163721306056,54.48515025505469,27.559182372764482,52.934204583655,27.559182372764482,52.92758667819887,28.474163721306056,7.27856530233997,0.00653238409808728,S230518h,27818,7.27856530233997
12124,96.55172413793103,-21.226415094339615,97.2869752699603,-20.76731801994763,97.29154994643591,-21.682308083156066,95.81189832942616,-21.682308083156066,95.81647300590178,-20.76731801994763,7.250228740361376,0.0065069525330501525,S230518h,12124,7.250228740361376
7723,103.53982300884957,-36.509433962264154,104.39013100975367,-36.0488988259567,104.4002417627203,-36.963862736035296,102.67940425497885,-36.963862736035296,102.68951500794547,-36.0488988259567,7.202353342244635,0.006463985206886733,S230518h,7723,7.202353342244635
460,299.99999999999994,-78.11320754716981,303.2125109803905,-77.6368426452814,303.4652796594212,-78.55035748923345,296.5347203405787,-78.55035748923345,296.7874890196093,-77.6368426452814,7.20167139663193,0.006463373172716377,S230518h,460,7.20167139663193
463,317.99999999999994,-78.11320754716981,321.2125109803905,-77.6368426452814,321.4652796594212,-78.55035748923345,314.5347203405787,-78.55035748923345,314.7874890196094,-77.6368426452814,7.165441848406842,0.006430857791610933,S230518h,463,7.165441848406842
4289,117.30337078651685,-50.94339622641509,118.38377865645009,-50.48086278266235,118.40525051568996,-51.39576274630834,116.20149105734374,-51.39576274630834,116.2229629165836,-50.48086278266235,7.148048420792148,0.006415247496828672,S230518h,4289,7.148048420792148
7282,112.39819004524885,-38.20754716981132,113.2676316814544,-37.746820856187256,113.27862932300621,-38.6617800461527,111.5177507674915,-38.66178004615271,111.52874840904332,-37.74682085618726,7.1137019427098505,0.006384422137993467,S230518h,7282,7.1137019427098505
23926,77.33333333333334,15.283018867924536,78.04759356442368,15.739389342596455,78.04448353085131,14.824394260728196,76.62218313581538,14.824394260728196,76.61907310224302,15.739389342596455,7.022333077668472,0.006302420191694421,S230518h,23926,7.022333077668472
27319,57.142857142857146,26.32075471698114,57.912909885437024,26.776206253261986,57.90685060216944,25.861222371828298,56.37886368354484,25.861222371828298,56.37280440027725,26.776206253261986,7.010628981140556,0.0062919159713068044,S230518h,27319,7.010628981140556
23651,71.73431734317343,14.433962264150942,72.4456849153445,14.890398442613018,72.44276691252874,13.975402806323315,71.02586777381812,13.975402806323315,71.02294977100236,14.890398442613018,6.9742380815261065,0.006259255780172695,S230518h,23651,6.9742380815261065
628,130.0,-75.56603773584906,132.67330969256312,-75.09300281892446,132.84423047869936,-76.00700921925686,127.15576952130061,-76.00700921925686,127.32669030743685,-75.09300281892446,6.91338362316484,0.006204639976153041,S230518h,628,6.91338362316484
345,297.6923076923077,-79.81132075471697,301.4085118625812,-79.33186951589033,301.7530018072886,-80.24483309344546,293.6316135773267,-80.24483309344546,293.9761035220341,-79.33186951589033,6.907222090607651,0.0061991101092597,S230518h,345,6.907222090607651
87,146.66666666666666,-84.90566037735849,153.73684666531705,-84.40585709272172,155.1096896167533,-85.312615855454,138.22364371658003,-85.312615855454,139.59648666801624,-84.40585709272172,6.83538924454138,0.006134641395732763,S230518h,87,6.83538924454138
9362,108.59504132231405,-30.566037735849058,109.38973013499448,-30.106113184860245,109.39726065654119,-31.021090209745186,107.79282198808689,-31.021090209745186,107.80035250963363,-30.106113184860245,6.8310804097305375,0.006130774292419067,S230518h,9362,6.8310804097305375
1176,307.49999999999994,-70.47169811320755,309.51068849106457,-70.00282786643594,309.603235443897,-70.91730442677544,305.3967645561028,-70.91730442677544,305.4893115089353,-70.00282786643594,6.827202627343517,0.006127294051059871,S230518h,1176,6.827202627343517
14252,92.9889298892989,-14.433962264150942,93.69737945865423,-13.975402806323313,93.70029746146997,-14.890398442613018,92.27756231712785,-14.890398442613018,92.28048031994359,-13.975402806323315,6.813653183147561,0.006115133663658369,S230518h,14252,6.813653183147561
27070,62.608695652173914,25.47169811320756,63.37311650159578,25.92722576829966,63.367323343812544,25.012240715603458,61.85006796053529,25.012240715603454,61.84427480275204,25.92722576829966,6.808805735595882,0.006110783164901049,S230518h,27070,6.808805735595882
37,56.84210526315789,-86.60377358490567,66.9647370429684,-86.08549181835642,70.01527380210973,-86.9820319810307,43.66893672420604,-86.9820319810307,46.719473483347386,-86.08549181835642,6.804699039109274,0.006107097477171331,S230518h,37,6.804699039109274
19425,334.2857142857143,0.8490566037735938,334.97337114597167,1.306495469499358,334.97320841753384,0.3914954839661163,333.59822015389466,0.3914954839661163,333.5980574254569,1.306495469499358,6.801234813614307,0.006103988395835172,S230518h,19425,6.801234813614307
1762,108.90756302521008,-65.37735849056604,110.52905427085463,-64.91101443265092,110.58652940894518,-65.82570091486991,107.22859664147498,-65.82570091486991,107.28607177956553,-64.91101443265092,6.720761638913659,0.006031765139616243,S230518h,1762,6.720761638913659
8183,110.64935064935064,-34.811320754716974,111.48206450679733,-34.350968719977146,111.49136208648208,-35.26593687589358,109.80733921221922,-35.26593687589358,109.81663679190397,-34.350968719977146,6.713050289501101,0.006024844339405631,S230518h,8183,6.713050289501101
1220,108.00000000000001,-69.62264150943396,109.93223629853135,-69.15427361423606,110.01707415628563,-70.06879636334293,105.98292584371438,-70.06879636334293,106.06776370146868,-69.15427361423606,6.680787233236701,0.005995888814938535,S230518h,1220,6.680787233236701
26813,59.29411764705882,24.62264150943398,60.05315382972652,25.078244194379334,60.047618703101165,24.163258030091665,58.54061659101647,24.163258030091665,58.53508146439112,25.078244194379337,6.659934534048007,0.0059771738848768885,S230518h,26813,6.659934534048007
23656,78.37638376383764,14.433962264150942,79.08775133600871,14.890398442613021,79.08483333319296,13.975402806323313,77.66793419448233,13.975402806323313,77.66501619166658,14.890398442613018,6.605661893340259,0.005928465146218389,S230518h,23656,6.605661893340259
22560,74.61818181818181,11.037735849056604,75.31973079158494,11.494430023897557,75.31754879200558,10.579432530195424,73.91881484435804,10.579432530195424,73.91663284477866,11.494430023897557,6.585354702894609,0.005910239800640827,S230518h,22560,6.585354702894609
28310,51.63934426229508,29.716981132075464,52.4345647936759,30.17211609936472,52.42734927827393,29.257137558643326,50.85133924631623,29.257137558643326,50.84412373091427,30.17211609936472,6.573532136245741,0.005899629255407302,S230518h,28310,6.573532136245741
25782,64.82758620689656,21.22641509433963,65.56741201540143,21.68230808315608,65.56283733892582,20.767318019947645,64.0923350748673,20.76731801994764,64.08776039839168,21.682308083156077,6.57254129139519,0.0058987399896143124,S230518h,25782,6.57254129139519
4468,117.34806629834256,-50.094339622641506,118.40952396670615,-49.631954472783534,118.42998584047848,-50.5468602989183,116.26614675620664,-50.5468602989183,116.28660862997897,-49.63195447278354,6.548228772760976,0.005876919932568244,S230518h,4468,6.548228772760976
738,303.1578947368421,-74.71698113207546,305.690550451157,-74.24482159494406,305.842821523496,-75.15893993753988,300.47296795018815,-75.15893993753988,300.6252390225271,-74.24482159494406,6.516122933883737,0.005848105507935687,S230518h,738,6.516122933883737
14523,92.64705882352942,-13.58490566037736,93.35298261197842,-13.126410873126577,93.35571204316236,-14.041407026855124,91.93840560389648,-14.041407026855124,91.94113503508042,-13.126410873126577,6.493615910286667,0.005827905850869546,S230518h,14523,6.493615910286667
246,294.5454545454545,-81.50943396226415,298.95688108203365,-81.02574501336248,299.45320592306024,-81.93779521133477,289.63770316784877,-81.93779521133477,290.13402800887536,-81.02574501336248,6.484031947796619,0.00581930441342053,S230518h,246,6.484031947796619
26300,61.395348837209305,22.924528301886802,62.14432770241446,23.38027799910133,62.13928626191083,22.465289780447904,60.65141141250779,22.465289780447904,60.646369972004166,23.38027799910133,6.462760023384886,0.005800213236108671,S230518h,26300,6.462760023384886
10095,107.41935483870968,-28.0188679245283,108.19482767440952,-27.55918237276448,108.20144557986565,-28.474163721306052,106.63726409755373,-28.474163721306052,106.64388200300984,-27.559182372764482,6.455091492847318,0.005793330865083821,S230518h,10095,6.455091492847318
27821,58.06451612903226,28.0188679245283,58.846606870188225,28.474163721306045,58.8399889647321,27.55918237276448,57.28904329333242,27.55918237276448,57.282425387876295,28.47416372130605,6.425427032466844,0.005766707534630847,S230518h,27821,6.425427032466844
267,97.49999999999999,-80.66037735849056,101.5336890198093,-80.17898843380384,101.9438152975127,-81.09155728932656,93.05618470248729,-81.09155728932656,93.46631098019067,-80.17898843380384,6.419986381266835,0.0057618246460524125,S230518h,267,6.419986381266835
3124,109.16129032258064,-56.886792452830186,110.40441022080876,-56.42304543366415,110.43521842986658,-57.33789060698522,107.88736221529469,-57.33789060698522,107.91817042435251,-56.42304543366415,6.40887390496515,0.005751851394392479,S230518h,3124,6.40887390496515
1767,124.03361344537814,-65.37735849056604,125.65510469102267,-64.91101443265092,125.71257982911324,-65.8257009148699,122.35464706164305,-65.8257009148699,122.4121221997336,-64.91101443265092,6.388801428473355,0.005733836700452442,S230518h,1767,6.388801428473355
9357,101.15702479338843,-30.566037735849058,101.95171360606885,-30.10611318486024,101.95924412761558,-31.021090209745186,100.35480545916128,-31.021090209745186,100.36233598070801,-30.10611318486024,6.378723244077024,0.005724791707551572,S230518h,9357,6.378723244077024
20823,336.7741935483871,5.094339622641511,337.4649114649684,5.551471655945463,337.46392881138104,4.6364721794291,336.0844582853931,4.6364721794291,336.0834756318058,5.551471655945463,6.3728872529489955,0.005719554008354306,S230518h,20823,6.3728872529489955
27067,58.3399209486166,25.47169811320756,59.104341798038476,25.92722576829966,59.098548640255224,25.012240715603454,57.581293256977986,25.012240715603454,57.57550009919472,25.927225768299657,6.35348427137024,0.005702140174301076,S230518h,27067,6.35348427137024
24992,67.66917293233082,18.679245283018872,68.3968599924825,19.135347060918654,68.39294182664531,18.2203545894509,66.94540403801633,18.220354589450903,66.94148587217916,19.135347060918654,6.3465319035357215,0.0056959005466822015,S230518h,24992,6.3465319035357215
901,304.28571428571433,-73.01886792452831,306.5786043831433,-72.54820988239366,306.70160332018685,-73.46250385953338,301.8698252512417,-73.46250385953338,301.99282418828534,-72.54820988239366,6.342879440192361,0.005692622525194183,S230518h,901,6.342879440192361
26561,65.83657587548639,23.773584905660385,66.59046708956426,24.229261586963467,66.58518238341948,23.314274368161666,65.08796936755328,23.314274368161666,65.08268466140852,24.22926158696347,6.3380975651818146,0.00568833087663703,S230518h,26561,6.3380975651818146
4830,107.80748663101603,-48.39622641509434,108.83362712305602,-47.934122925332645,108.8522471658055,-48.84903939021114,106.76272609622657,-48.84903939021114,106.78134613897606,-47.934122925332645,6.335730540612911,0.005686206513797458,S230518h,4830,6.335730540612911
28309,50.1639344262295,29.716981132075464,50.9591549576103,30.17211609936472,50.95193944220835,29.257137558643326,49.37592941025064,29.257137558643326,49.368713894848675,30.17211609936472,6.267389434615825,0.005624871575452186,S230518h,28309,6.267389434615825
19509,82.28571428571429,1.6981132075471748,82.97367917060593,2.1554908976604352,82.97335353498647,1.2404909555528938,81.59807503644211,1.2404909555528938,81.59774940082266,2.155490897660435,6.250520267247497,0.005609731795002677,S230518h,19509,6.250520267247497
20067,81.29032258064517,3.3962264150943495,81.97935852963424,3.853481522070701,81.97870582556654,2.938481754048103,80.60193933572381,2.938481754048103,80.60128663165611,3.853481522070701,6.227641145612024,0.0055891981865040736,S230518h,20067,6.227641145612024
20624,80.0,5.094339622641511,80.69071791658126,5.551471655945463,80.68973526299398,4.636472179429101,79.31026473700602,4.6364721794291,79.30928208341874,5.551471655945463,6.220749496560269,0.00558301305292276,S230518h,20624,6.220749496560269
1225,126.0,-69.62264150943396,127.93223629853134,-69.15427361423606,128.01707415628562,-70.06879636334293,123.98292584371438,-70.06879636334293,124.06776370146866,-69.15427361423606,6.167529719506507,0.005535249240840456,S230518h,1225,6.167529719506507
132,336.7741935483871,-84.05660377358491,342.9173898237473,-83.5624109828508,343.9283078390099,-84.47135848394804,329.62007925776425,-84.47135848394804,330.6309972730268,-83.5624109828508,6.16625750066887,0.005534107446852348,S230518h,132,6.16625750066887
25524,71.1787072243346,20.377358490566046,71.91428019413311,20.83332185054581,71.90992980749823,19.918330938590884,70.44748464117096,19.91833093859088,70.44313425453609,20.833321850545808,6.1585938060939505,0.005527229416018757,S230518h,25524,6.1585938060939505
28308,48.68852459016394,29.716981132075464,49.48374512154474,30.17211609936472,49.47652960614278,29.257137558643326,47.90051957418508,29.257137558643326,47.893304058783116,30.17211609936472,6.156282280008419,0.005525154862090033,S230518h,28308,6.156282280008419
28311,53.11475409836065,29.716981132075464,53.90997462974146,30.17211609936472,53.9027591143395,29.257137558643333,52.326749082381795,29.257137558643333,52.31953356697983,30.17211609936473,6.153253316601851,0.005522436420808152,S230518h,28311,6.153253316601851
17555,86.45161290322581,-4.245283018867918,87.14059584480549,-3.7874770269662488,87.14141307195538,-4.70247666402269,85.76181273449625,-4.70247666402269,85.76262996164613,-3.7874770269662488,6.123490146130933,0.005495724499788444,S230518h,17555,6.123490146130933
2823,109.45945945945945,-58.584905660377345,110.76125911966211,-58.12074016845459,110.79573932066997,-59.03556361311078,108.12317959824895,-59.03556361311078,108.15765979925678,-58.1207401684546,6.097902545470392,0.005472760079092873,S230518h,2823,6.097902545470392
23921,70.66666666666667,15.283018867924536,71.380926897757,15.739389342596455,71.37781686418464,14.824394260728196,69.9555164691487,14.824394260728196,69.95240643557634,15.739389342596455,6.007138620902814,0.005391301056208977,S230518h,23921,6.007138620902814
11864,96.92307692307692,-22.07547169811321,97.66256450510147,-21.616304315504323,97.66736940458499,-22.531293481595387,96.17878444156885,-22.531293481595387,96.18358934105235,-21.616304315504323,6.001637522026515,0.005386363916906265,S230518h,11864,6.001637522026515
23380,72.79411764705883,13.58490566037736,73.50277086669176,14.041407026855122,73.50004143550782,13.126410873126575,72.08819385860981,13.126410873126575,72.08546442742589,14.041407026855122,5.9921323852905655,0.005377833224182508,S230518h,23380,5.9921323852905655
3280,109.36708860759495,-56.0377358490566,110.58319708636849,-55.574184315219824,110.61237038829364,-56.48903913859057,108.12180682689626,-56.48903913859057,108.15098012882142,-55.574184315219824,5.956814272216999,0.005346135840064508,S230518h,3280,5.956814272216999
11099,105.88235294117646,-24.622641509433965,106.6358539972188,-24.163258030091654,106.64138912384416,-25.07824419437932,105.12331675850876,-25.07824419437932,105.12885188513411,-24.16325803009165,5.888775297971532,0.005285072059642236,S230518h,11099,5.888775297971532
27573,60.480000000000004,27.16981132075472,61.25593986828866,27.6251855912112,61.249605851356094,26.71020294349757,59.71039414864391,26.710202943497567,59.70406013171134,27.6251855912112,5.788009803293586,0.0051946368038290475,S230518h,27573,5.788009803293586
3602,109.0909090909091,-54.33962264150943,110.25711048665023,-53.876437847506146,110.28335340355221,-54.79130991866088,107.89846477826597,-54.79130991866087,107.92470769516797,-53.87643784750614,5.736316522536033,0.0051482429952731164,S230518h,3602,5.736316522536033
20908,86.76258992805755,5.943396226415093,87.4543801381342,6.400466470123058,87.45323096873696,5.485467184005648,86.07194888737814,5.485467184005648,86.07079971798092,6.4004664701230585,5.700374910182138,0.005115986031538145,S230518h,20908,5.700374910182138
148,140.0,-83.20754716981132,145.43151592545766,-82.7176655849038,146.2064476888988,-83.62803729667446,133.79355231110117,-83.62803729667446,134.5684840745423,-82.7176655849038,5.692369528541579,0.005108801342584252,S230518h,148,5.692369528541579
24195,76.28252788104089,16.132075471698116,76.99986253985165,16.588379691451138,76.99655675425475,15.673385202064168,75.56849900782703,15.673385202064168,75.56519322223014,16.58837969145114,5.629120290390519,0.005052036265903373,S230518h,24195,5.629120290390519
432,131.99999999999997,-78.11320754716981,135.21251098039056,-77.6368426452814,135.4652796594212,-78.55035748923345,128.53472034057873,-78.55035748923345,128.7874890196094,-77.6368426452814,5.558045207948831,0.004988247631876409,S230518h,432,5.558045207948831
27322,61.42857142857143,26.32075471698114,62.19862417115131,26.77620625326198,62.192564887883734,25.861222371828294,60.66457796925913,25.861222371828298,60.658518685991545,26.776206253261982,5.550054421280239,0.004981076041652668,S230518h,27322,5.550054421280239
163,290.0,-83.20754716981132,295.4315159254577,-82.7176655849038,296.20644768889883,-83.62803729667446,283.7935523111012,-83.62803729667446,284.56848407454237,-82.7176655849038,5.516347091469903,0.004950824307128663,S230518h,163,5.516347091469903
6841,105.00000000000001,-39.90566037735849,105.89025592356289,-39.44473390498161,105.90222480302957,-40.359687838191924,104.09777519697047,-40.359687838191924,104.10974407643715,-39.44473390498161,5.504825206266514,0.004940483618193935,S230518h,6841,5.504825206266514
25786,70.3448275862069,21.22641509433963,71.08465339471178,21.682308083156084,71.08007871823617,20.76731801994765,69.60957645417764,20.76731801994765,69.60500177770203,21.68230808315608,5.501753607083582,0.0049377269120540815,S230518h,25786,5.501753607083582
8178,102.85714285714286,-34.811320754716974,103.68985671458954,-34.350968719977146,103.6991542942743,-35.26593687589358,102.01513142001141,-35.26593687589358,102.02442899969618,-34.350968719977146,5.49025761370207,0.0049274094605732295,S230518h,8178,5.49025761370207
1082,313.0434782608695,-71.32075471698113,315.1397355751177,-70.85133948025174,315.2410642450584,-71.7657634060181,310.8458922766806,-71.7657634060181,310.9472209466213,-70.85133948025174,5.462562073569462,0.004902553201346974,S230518h,1082,5.462562073569462
1321,108.3495145631068,-68.77358490566037,110.209581565047,-68.30568173409746,110.28761493119956,-69.22024523564167,106.41141419501405,-69.22024523564167,106.4894475611666,-68.30568173409746,5.446672814455116,0.004888292871287756,S230518h,1321,5.446672814455116
24463,75.22388059701493,16.9811320754717,75.94447516887818,17.437369452738842,75.94096963657344,16.522375595057774,74.50679155745641,16.522375595057774,74.50328602515167,17.43736945273884,5.440532465919901,0.004882782016680839,S230518h,24463,5.440532465919901
19145,334.2857142857143,0.0,334.9732142857143,0.4575000000000001,334.9732142857143,-0.4575000000000001,333.5982142857143,-0.4575000000000001,333.5982142857143,0.4575000000000001,5.439737656361832,0.004882068689108374,S230518h,19145,5.439737656361832
17745,331.61290322580646,-4.245283018867918,332.30188616738616,-3.7874770269662488,332.3027033945361,-4.702476664022691,330.9231030570769,-4.702476664022691,330.92392028422677,-3.7874770269662488,5.437098580680383,0.004879700165189299,S230518h,17745,5.437098580680383
18584,333.0,-1.698113207547162,333.68763924927214,-1.2404909555528811,333.68796488489164,-2.155490897660422,332.31203511510836,-2.1554908976604215,332.3123607507278,-1.240490955552881,5.430190393332266,0.004873500188778434,S230518h,18584,5.430190393332266
427,101.99999999999999,-78.11320754716981,105.21251098039056,-77.6368426452814,105.46527965942124,-78.55035748923345,98.53472034057874,-78.55035748923345,98.78748901960942,-77.6368426452814,5.427659419277007,0.004871228684163929,S230518h,427,5.427659419277007
594,317.64705882352945,-76.41509433962264,320.47820769181084,-75.94108089228301,320.67137527199407,-76.85495372502506,314.62274237506483,-76.85495372502506,314.8159099552481,-75.94108089228301,5.401857594277187,0.004848072000898853,S230518h,594,5.401857594277187
19985,335.48387096774195,2.5471698113207557,336.17229538026254,3.004486257539032,336.1718064794945,2.0894863878925047,334.7959354559894,2.0894863878925043,334.79544655522136,3.004486257539032,5.385802515026888,0.004833662850189651,S230518h,19985,5.385802515026888
250,327.2727272727273,-81.50943396226415,331.68415380930645,-81.02574501336248,332.180478650333,-81.93779521133477,322.3649758951215,-81.93779521133477,322.8613007361481,-81.02574501336248,5.384608242336057,0.004832591011494757,S230518h,250,5.384608242336057
6207,105.57692307692307,-42.45283018867924,106.5019117511064,-41.99158435534405,106.51552360154605,-42.90652923235743,104.63832255230008,-42.90652923235743,104.65193440273974,-41.99158435534405,5.369326510460192,0.004818875926426407,S230518h,6207,5.369326510460192
18024,331.61290322580646,-3.396226415094337,332.3012864707278,-2.938481754048089,332.30193917479556,-3.8534815220706875,330.92386727681736,-3.8534815220706875,330.9245199808851,-2.938481754048089,5.2941703272016625,0.0047514245763323,S230518h,18024,5.2941703272016625
1485,309.53271028037386,-67.9245283018868,311.326182646025,-67.45705648255577,311.3981797446458,-68.37165611948272,307.66724081610187,-68.37165611948272,307.73923791472265,-67.45705648255577,5.253085735009753,0.004714551878820807,S230518h,1485,5.253085735009753
10338,99.36,-27.169811320754707,100.1296058513561,-26.710202943497553,100.13593986828867,-27.625185591211185,98.58406013171135,-27.625185591211185,98.59039414864391,-26.710202943497553,5.248394550267033,0.00471034162318091,S230518h,10338,5.248394550267033
7728,111.50442477876106,-36.509433962264154,112.35473277966516,-36.0488988259567,112.3648435326318,-36.963862736035296,110.64400602489033,-36.963862736035296,110.65411677785696,-36.0488988259567,5.244586707998098,0.004706924151845231,S230518h,7728,5.244586707998098
22834,73.57664233576642,11.886792452830198,74.28038912824466,12.343422784497255,74.27802746067906,11.4284257029405,72.87525721085379,11.4284257029405,72.87289554328817,12.343422784497255,5.2297714921016425,0.0046936277566475915,S230518h,22834,5.2297714921016425
22015,83.47826086956522,9.339622641509443,84.17591227380227,9.796443382880861,84.17408231219773,8.881445164577443,82.7824394269327,8.881445164577443,82.78060946532815,9.796443382880861,5.190615366485188,0.004658485823904692,S230518h,22015,5.190615366485188
1326,125.82524271844659,-68.77358490566037,127.6853097203868,-68.30568173409746,127.76334308653936,-69.22024523564167,123.88714235035383,-69.22024523564167,123.96517571650638,-68.30568173409746,5.14562213045801,0.004618105187428031,S230518h,1326,5.14562213045801
860,128.57142857142858,-73.01886792452831,130.86431866885752,-72.54820988239366,130.98731760590115,-73.46250385953338,126.15553953695601,-73.46250385953338,126.27853847399965,-72.54820988239366,5.099013916863497,0.0045762751370433535,S230518h,860,5.099013916863497
5213,115.64766839378238,-46.698113207547166,116.6416106934931,-46.23627346299393,116.65859565231789,-47.15119930225128,114.6367411352469,-47.15119930225128,114.65372609407167,-46.23627346299393,5.075468739066974,0.0045551437548772555,S230518h,5213,5.075468739066974
6416,105.78199052132702,-41.60377358490565,106.69490303695102,-41.1426369463209,106.70794000554574,-42.057585012457885,104.85604103710831,-42.05758501245788,104.86907800570303,-41.14263694632089,5.064777264424906,0.004545548344788059,S230518h,6416,5.064777264424906
6846,113.33333333333334,-39.90566037735849,114.22358925689622,-39.44473390498161,114.23555813636291,-40.35968783819193,112.4311085303038,-40.35968783819192,112.44307740977048,-39.44473390498161,5.0580290644310155,0.004539491954208362,S230518h,6846,5.0580290644310155
623,105.0,-75.56603773584906,107.67330969256315,-75.09300281892446,107.84423047869939,-76.00700921925686,102.15576952130063,-76.00700921925686,102.32669030743686,-75.09300281892446,5.043949152025573,0.004526855480936603,S230518h,623,5.043949152025573
5599,106.73366834170854,-45.0,107.69819265110523,-44.53840816405273,107.7137183130594,-45.453342298185596,105.7536183703577,-45.453342298185596,105.76914403231186,-44.53840816405273,4.998189814974898,0.004485787282291363,S230518h,5599,4.998189814974898
227,139.0909090909091,-81.50943396226415,143.50233562748826,-81.02574501336248,143.99866046851483,-81.93779521133477,134.18315771330333,-81.93779521133477,134.67948255432992,-81.02574501336248,4.957288665146381,0.004449079221068446,S230518h,227,4.957288665146381
13719,101.7100371747212,-16.132075471698105,102.42406604793506,-15.673385202064155,102.42737183353195,-16.58837969145113,100.99270251591044,-16.58837969145113,100.99600830150733,-15.673385202064155,4.941188926116758,0.004434629988994283,S230518h,13719,4.941188926116758
26041,62.30769230769231,22.07547169811321,63.051984789200375,22.531293481595387,63.047179889716865,21.616304315504323,61.568204725667734,21.616304315504323,61.56339982618424,22.531293481595387,4.936160417009997,0.004430116990681892,S230518h,26041,4.936160417009997
26817,64.94117647058823,24.62264150943398,65.70021265325592,25.078244194379337,65.69467752663057,24.163258030091665,64.18767541454588,24.16325803009166,64.18214028792053,25.078244194379334,4.891878368292763,0.004390374632283569,S230518h,26817,4.891878368292763
18304,332.90322580645164,-2.5471698113207557,333.5911613182041,-2.0894863878925047,333.59165021897223,-3.0044862575390323,332.21480139393105,-3.0044862575390323,332.2152902946991,-2.089486387892505,4.865204112139752,0.004366434957432233,S230518h,18304,4.865204112139752
5407,115.71428571428571,-45.84905660377358,116.69319062594504,-45.38734267538701,116.70942566812323,-46.302272786848334,114.71914576044823,-46.302272786848334,114.7353808026264,-45.38734267538702,4.864647369488537,0.004365935290713526,S230518h,5407,4.864647369488537
20902,78.9928057553957,5.943396226415093,79.68459596547234,6.4004664701230585,79.6834467960751,5.485467184005648,78.3021647147163,5.485467184005647,78.30101554531906,6.400466470123058,4.782110870016354,0.004291860236871453,S230518h,20902,4.782110870016354
3439,108.88888888888887,-55.18867924528302,110.07939045877716,-54.725314922647,110.10704567424295,-55.64017868991569,107.6707321035348,-55.64017868991569,107.69838731900059,-54.725314922647,4.769874294018581,0.0042808781255428375,S230518h,3439,4.769874294018581
19705,334.2857142857143,1.6981132075471748,334.9736791706059,2.1554908976604352,334.9733535349865,1.2404909555528938,333.5980750364421,1.2404909555528936,333.59774940082264,2.155490897660435,4.766193083430036,0.004277574303908842,S230518h,19705,4.766193083430036
1887,123.93442622950819,-64.52830188679245,125.50634574297577,-64.06228741000734,125.55991779266914,-64.97699720338055,122.30893466634723,-64.97699720338055,122.3625067160406,-64.06228741000734,4.739190250710868,0.0042533397373794605,S230518h,1887,4.739190250710868
28068,57.073170731707314,28.867924528301884,57.86168514918238,29.32314057970997,57.854773617973535,28.40816059901167,56.29156784544109,28.40816059901167,56.284656314232244,29.323140579709964,4.737229570885634,0.0042515800617868435,S230518h,28068,4.737229570885634
4650,117.3913043478261,-49.24528301886792,118.4346901721339,-48.78304108150048,118.45420309898536,-49.697952398127825,116.32840559666681,-49.697952398127825,116.34791852351829,-48.78304108150048,4.704791161952278,0.004222467161389373,S230518h,4650,4.704791161952278
1080,305.2173913043478,-71.32075471698113,307.313648618596,-70.85133948025174,307.4149772885367,-71.7657634060181,303.0198053201589,-71.7657634060181,303.1211339900996,-70.85133948025174,4.693209996949555,0.004212073269879354,S230518h,1080,4.693209996949555
404,321.42857142857144,-78.9622641509434,324.8742652691368,-78.48446823005999,325.1676293606333,-79.39773913471271,317.68951349650956,-79.39773913471271,317.98287758800603,-78.48446823005999,4.662298022849116,0.004184330317846035,S230518h,404,4.662298022849116
18950,83.57142857142857,0.0,84.25892857142857,0.4575000000000001,84.25892857142857,-0.4575000000000001,82.88392857142857,-0.4575000000000001,82.88392857142857,0.4575000000000001,4.660278592218407,0.004182517914440793,S230518h,18950,4.660278592218407
23385,79.41176470588236,13.58490566037736,80.1204179255153,14.041407026855126,80.11768849433138,13.126410873126577,78.70584091743336,13.126410873126575,78.70311148624944,14.041407026855124,4.617266559786042,0.004143915373278284,S230518h,23385,4.617266559786042
8648,110.29787234042554,-33.11320754716981,111.11440789378813,-32.65303134171315,111.12295691782607,-33.56800332223071,109.47278776302501,-33.56800332223071,109.48133678706297,-32.65303134171315,4.595773200321868,0.004124625461908922,S230518h,8648,4.595773200321868
27568,53.28,27.16981132075472,54.05593986828867,27.6251855912112,54.04960585135609,26.710202943497567,52.5103941486439,26.71020294349757,52.50406013171134,27.6251855912112,4.567810701099684,0.004099529611604049,S230518h,27568,4.567810701099684
3444,119.99999999999999,-55.18867924528302,121.19050156988827,-54.72531492264701,121.21815678535407,-55.6401786899157,118.78184321464592,-55.64017868991569,118.80949843011172,-54.72531492264701,4.5243303168710955,0.004060506732957588,S230518h,3444,4.5243303168710955
820,315.0,-73.86792452830188,317.4065558739161,-73.39655303540636,317.5430386173747,-74.31076612063245,312.45696138262525,-74.31076612063245,312.59344412608385,-73.39655303540636,4.511131110044209,0.004048660677423045,S230518h,820,4.511131110044209
7277,104.25339366515837,-38.20754716981132,105.1228353013639,-37.74682085618726,105.13383294291573,-38.66178004615271,103.37295438740101,-38.6617800461527,103.38395202895283,-37.746820856187256,4.45949666887729,0.004002319676362854,S230518h,7277,4.45949666887729
2541,122.55319148936171,-60.28301886792453,123.92074426709277,-59.8183930171544,123.9595377796554,-60.73319086476167,121.14684519906798,-60.73319086476167,121.1856387116306,-59.81839301715441,4.342047643056774,0.0038969112453415464,S230518h,2541,4.342047643056774
1379,311.06796116504853,-68.77358490566037,312.9280281669888,-68.30568173409746,313.0060615331413,-69.22024523564167,309.12986079695577,-69.22024523564167,309.20789416310834,-68.30568173409746,4.341656642271709,0.003896560329027053,S230518h,1379,4.341656642271709
18391,84.85714285714286,-1.698113207547162,85.54478210641504,-1.240490955552881,85.54510774203449,-2.155490897660422,84.16917797225122,-2.155490897660422,84.16950360787068,-1.2404909555528811,4.337604049527344,0.003892923198452597,S230518h,18391,4.337604049527344
43,170.52631578947367,-86.60377358490567,180.64894756928416,-86.08549181835642,183.6994843284255,-86.9820319810307,157.35314725052186,-86.9820319810307,160.40368400966318,-86.08549181835642,4.325856064338443,0.00388237958876514,S230518h,43,4.325856064338443
21380,337.9856115107914,6.792452830188687,338.67862975299863,7.2494610785227955,338.67731278944103,6.334462013002497,337.29391023214174,6.334462013002498,337.2925932685842,7.2494610785227955,4.288718978481769,0.003849049708627711,S230518h,21380,4.288718978481769
9122,109.5,-31.41509433962264,110.30166447824867,-30.95508740741601,110.30952173751069,-31.87006283659303,108.69047826248932,-31.87006283659303,108.69833552175135,-30.955087407416016,4.285043514089725,0.0038457510441038175,S230518h,9122,4.285043514089725
19788,81.29032258064517,2.5471698113207557,81.97874699316576,3.004486257539032,81.9782580923977,2.0894863878925047,80.60238706889265,2.0894863878925047,80.60189816812459,3.004486257539032,4.268575118398443,0.0038309709491721757,S230518h,19788,4.268575118398443
1378,307.5728155339806,-68.77358490566037,309.4328825359208,-68.30568173409746,309.5109159020733,-69.22024523564166,305.6347151658878,-69.22024523564167,305.7127485320404,-68.30568173409746,4.265739021086878,0.0038284256018119283,S230518h,1378,4.265739021086878
9849,108.29268292682926,-28.867924528301884,109.07428581309547,-28.40816059901167,109.08119734430433,-29.32314057970997,107.50416850935419,-29.323140579709964,107.51108004056303,-28.40816059901167,4.262590851711156,0.003825600175273344,S230518h,9849,4.262590851711156
28312,54.59016393442622,29.716981132075464,55.38538446580703,30.17211609936473,55.378168950405076,29.257137558643333,53.80215891844737,29.257137558643326,53.79494340304541,30.17211609936473,4.258992133316871,0.0038223703889300434,S230518h,28312,4.258992133316871
20630,87.74193548387098,5.094339622641511,88.43265340045224,5.551471655945463,88.43167074686495,4.6364721794291,87.05220022087701,4.6364721794291,87.05121756728973,5.551471655945463,4.203318652314728,0.003772404420792525,S230518h,20630,4.203318652314728
24190,69.59107806691449,16.132075471698116,70.30841272572526,16.58837969145114,70.30510694012835,15.673385202064168,68.87704919370063,15.673385202064168,68.87374340810373,16.58837969145114,4.173120440437034,0.0037453020577764102,S230518h,24190,4.173120440437034
21101,336.6906474820144,5.943396226415093,337.382437692091,6.400466470123058,337.38128852269375,5.485467184005647,336.00000644133496,5.485467184005647,335.9988572719377,6.4004664701230585,4.162826331629238,0.003736063276521207,S230518h,21101,4.162826331629238
12918,102.85714285714286,-18.679245283018858,103.58091175145735,-18.220354589450892,103.58482991729453,-19.135347060918647,102.12945579699118,-19.135347060918647,102.13337396282836,-18.220354589450892,4.111257532765168,0.0036897811882710936,S230518h,12918,4.111257532765168
25261,72.27272727272728,19.528301886792452,73.00425571954715,19.984334828713234,73.00012405436546,19.069343114568056,71.54533049108912,19.069343114568056,71.54119882590743,19.984334828713234,4.102103147087773,0.0036815652884415557,S230518h,25261,4.102103147087773
28063,49.756097560975604,28.867924528301884,50.544611978450675,29.323140579709964,50.537700447241825,28.408160599011673,48.97449467470938,28.408160599011676,48.96758314350054,29.32314057970997,4.094617563202741,0.003674847108813524,S230518h,28063,4.094617563202741
1425,107.66355140186916,-67.9245283018868,109.45702376752033,-67.45705648255577,109.52902086614112,-68.37165611948272,105.79808193759719,-68.37165611948272,105.87007903621799,-67.45705648255577,4.090914617572455,0.0036715237803625744,S230518h,1425,4.090914617572455
1651,125.21739130434783,-66.22641509433963,126.89206125298963,-65.75971991330341,126.95386352497067,-66.67438053436891,123.48091908372497,-66.67438053436891,123.54272135570598,-65.75971991330341,4.069073214629661,0.003651921506104273,S230518h,1651,4.069073214629661
18864,333.0,-0.849056603773581,333.68749413181956,-0.39149548396610345,333.68765686025733,-1.3064954694993454,332.3123431397426,-1.3064954694993451,332.3125058681804,-0.3914954839661034,4.0537135530781185,0.0036381364805252565,S230518h,18864,4.0537135530781185
23113,80.43956043956042,12.73584905660378,81.14567439423374,13.192415129674455,81.14313032735726,12.27741849449539,79.7359905517636,12.27741849449539,79.73344648488712,13.192415129674453,4.034602855685364,0.0036209849663784155,S230518h,23113,4.034602855685364
7504,112.5,-37.35849056603773,113.35967400205887,-36.89786090455482,113.37021835980748,-37.812822517519514,111.62978164019253,-37.812822517519514,111.64032599794113,-36.89786090455481,4.034195274404049,0.0036206191693607145,S230518h,7504,4.034195274404049
26557,60.233463035019454,23.773584905660385,60.98735424909732,24.229261586963464,60.98206954295255,23.314274368161662,59.484856527086365,23.314274368161662,59.479571820941594,24.229261586963464,4.01271285971566,0.003601339080734755,S230518h,26557,4.01271285971566
24725,67.41573033707864,17.830188679245293,68.13977428938755,18.286358588851243,68.13606473000877,17.371365403358084,66.69539594414854,17.371365403358084,66.69168638476975,18.286358588851243,4.006269975767341,0.0035955567059257677,S230518h,24725,4.006269975767341
20264,335.48387096774195,3.3962264150943495,336.172906916731,3.853481522070701,336.1722542126633,2.938481754048103,334.79548772282055,2.938481754048103,334.7948350187529,3.853481522070701,4.004207047506098,0.003593705264163624,S230518h,20264,4.004207047506098
27817,52.25806451612903,28.0188679245283,53.04015525728499,28.474163721306056,53.03353735182887,27.55918237276448,51.48259168042919,27.55918237276448,51.47597377497306,28.474163721306056,3.9815926742123624,0.003573409262636412,S230518h,27817,3.9815926742123624
63,156.52173913043475,-85.75471698113206,164.8481848330324,-85.24731211215168,166.8167788423453,-86.15045612028004,146.22669941852422,-86.15045612028004,148.19529342783713,-85.24731211215168,3.9698374212710648,0.0035628591302692488,S230518h,63,3.9698374212710648
6212,114.23076923076923,-42.45283018867924,115.15575790495254,-41.99158435534405,115.16936975539221,-42.90652923235743,113.29216870614624,-42.90652923235743,113.30578055658589,-41.99158435534405,3.958522645975651,0.0035527043188272973,S230518h,6212,3.958522645975651
3129,120.7741935483871,-56.886792452830186,122.01731344661522,-56.42304543366415,122.04812165567304,-57.33789060698522,119.50026544110115,-57.33789060698522,119.53107365015897,-56.42304543366415,3.9390789690120984,0.003535253961383335,S230518h,3129,3.9390789690120984
5402,106.53061224489795,-45.84905660377358,107.50951715655728,-45.38734267538701,107.52575219873546,-46.302272786848334,105.53547229106046,-46.302272786848334,105.55170733323862,-45.38734267538701,3.9255621424855756,0.00352312284776537,S230518h,5402,3.9255621424855756
741,317.36842105263156,-74.71698113207546,319.90107676694646,-74.24482159494406,320.0533478392855,-75.15893993753988,314.68349426597763,-75.15893993753988,314.8357653383166,-74.24482159494406,3.9231688477563664,0.003520974907919849,S230518h,741,3.9231688477563664
19144,333.0,0.0,333.6875,0.4575000000000001,333.6875,-0.4575000000000001,332.3125,-0.45749999999999996,332.3125,0.45749999999999996,3.9121607049327873,0.003511095293717981,S230518h,19144,3.9121607049327873
375,135.0,-78.9622641509434,138.44569384056538,-78.48446823005999,138.73905793206188,-79.39773913471271,131.26094206793812,-79.39773913471271,131.55430615943462,-78.48446823005999,3.8954268410804707,0.003496076945789813,S230518h,375,3.8954268410804707
10594,107.14285714285715,-26.320754716981128,107.90685060216944,-25.86122237182828,107.91290988543705,-26.77620625326197,106.37280440027727,-26.77620625326197,106.37886368354486,-25.86122237182828,3.8826570874895334,0.0034846163169668346,S230518h,10594,3.8826570874895334
18025,332.90322580645164,-3.396226415094337,333.591609051373,-2.9384817540480896,333.5922617554407,-3.8534815220706884,332.21418985746254,-3.8534815220706875,332.21484256153025,-2.9384817540480896,3.8471539524355647,0.0034527528788818275,S230518h,18025,3.8471539524355647
19706,335.57142857142856,1.6981132075471748,336.2593934563202,2.155490897660435,336.2590678207007,1.2404909555528938,334.88378932215636,1.2404909555528938,334.8834636865369,2.155490897660435,3.840551067933153,0.003446826906395025,S230518h,19706,3.840551067933153
21179,77.6978417266187,6.792452830188687,78.39085996882592,7.2494610785227955,78.38954300526834,6.334462013002497,77.00614044796909,6.334462013002497,77.0048234844115,7.249461078522797,3.818888391367216,0.0034273850359104884,S230518h,21179,3.818888391367216
16908,330.2158273381295,-6.792452830188674,330.9075286167791,-6.334462013002485,330.9088455803367,-7.249461078522783,329.5228090959223,-7.249461078522783,329.52412605947984,-6.334462013002485,3.8142722108061413,0.0034232420952019166,S230518h,16908,3.8142722108061413
48,265.2631578947368,-86.60377358490567,275.3857896745473,-86.08549181835642,278.43632643368863,-86.9820319810307,252.08998935578495,-86.9820319810307,255.1405261149263,-86.08549181835642,3.8087619603956187,0.003418296742558504,S230518h,48,3.8087619603956187
13451,102.08955223880598,-16.9811320754717,102.8066412783645,-16.522375595057774,102.81014681066924,-17.437369452738842,101.36895766694272,-17.437369452738842,101.37246319924746,-16.522375595057774,3.8031857719799835,0.0034132922117174436,S230518h,13451,3.8031857719799835
293,292.5,-80.66037735849056,296.53368901980934,-80.17898843380384,296.94381529751274,-81.09155728932656,288.0561847024873,-81.09155728932656,288.4663109801907,-80.17898843380384,3.797232494423991,0.0034079492500178675,S230518h,293,3.797232494423991
559,132.3529411764706,-76.41509433962264,135.184090044752,-75.94108089228301,135.37725762493525,-76.85495372502506,129.32862472800596,-76.85495372502506,129.52179230818925,-75.94108089228301,3.779172887182546,0.003391741070759822,S230518h,559,3.779172887182546
18303,331.61290322580646,-2.5471698113207557,332.30083873755905,-2.0894863878925043,332.30132763832705,-3.004486257539032,330.92447881328593,-3.004486257539032,330.92496771405393,-2.0894863878925043,3.778741628777283,0.0033913540239406087,S230518h,18303,3.778741628777283
779,130.5,-73.86792452830188,132.9065558739161,-73.39655303540636,133.04303861737472,-74.31076612063245,127.95696138262528,-74.31076612063245,128.0934441260839,-73.39655303540636,3.749808656442947,0.0033653871911189736,S230518h,779,3.749808656442947
53,0.0,-85.75471698113206,8.326445702597628,-85.24731211215168,10.295039711910533,-86.15045612028004,349.70496028808947,-86.15045612028004,351.6735542974024,-85.24731211215168,3.68883487612506,0.0033106642977459096,S230518h,53,3.68883487612506
12648,95.45454545454545,-19.528301886792452,96.18194223618363,-19.069343114568056,96.18607390136532,-19.984334828713234,94.7230170077256,-19.984334828713234,94.72714867290729,-19.069343114568056,3.6882546870642763,0.0033101435882877794,S230518h,12648,3.6882546870642763
18397,92.57142857142857,-1.698113207547162,93.25906782070075,-1.240490955552881,93.2593934563202,-2.155490897660422,91.88346368653694,-2.155490897660422,91.88378932215639,-1.2404909555528811,3.670626747024378,0.003294322822736408,S230518h,18397,3.670626747024378
22840,81.45985401459855,11.886792452830198,82.16360080707679,12.343422784497255,82.1612391395112,11.4284257029405,80.7584688896859,11.4284257029405,80.75610722212029,12.343422784497255,3.667401307350999,0.003291428047467311,S230518h,22840,3.667401307350999
6421,114.31279620853081,-41.60377358490565,115.2257087241548,-41.14263694632089,115.23874569274952,-42.057585012457885,113.38684672431211,-42.057585012457885,113.39988369290684,-41.14263694632089,3.6474398258157374,0.0032735129695448412,S230518h,6421,3.6474398258157374
17465,330.3225806451613,-5.094339622641511,331.01231590815524,-4.6364721794291,331.0132985617426,-5.551471655945462,329.63186272858,-5.551471655945463,329.6328453821673,-4.6364721794291,3.5923961778767266,0.003224112265482749,S230518h,17465,3.5923961778767266
24458,68.50746268656717,16.9811320754717,69.22805725843043,17.437369452738842,69.22455172612568,16.522375595057774,67.79037364700864,16.522375595057774,67.7868681147039,17.43736945273884,3.5796450594712317,0.003212668361410321,S230518h,24458,3.5796450594712317
18112,85.16129032258065,-2.5471698113207557,85.84922583433317,-2.0894863878925047,85.84971473510124,-3.0044862575390323,84.47286591006007,-3.004486257539032,84.47335481082814,-2.0894863878925043,3.5778786629442085,0.003211083051654244,S230518h,18112,3.5778786629442085
82,80.0,-84.90566037735849,87.0701799986504,-84.40585709272172,88.44302295008664,-85.312615855454,71.55697704991336,-85.312615855454,72.9298200013496,-84.40585709272172,3.5545421507582966,0.003190138943196625,S230518h,82,3.5545421507582966
12654,103.63636363636364,-19.528301886792452,104.3637604180018,-19.069343114568056,104.36789208318349,-19.984334828713234,102.90483518954377,-19.984334828713237,102.90896685472548,-19.06934311456806,3.5542194806807954,0.003189849352488066,S230518h,12654,3.5542194806807954
27,192.0,-87.45283018867924,204.89379449385842,-86.91772302298592,210.21548519236975,-87.80022755457108,173.78451480763025,-87.80022755457108,179.1062055061416,-86.91772302298592,3.5405332160045395,0.0031775661711165057,S230518h,27,3.5405332160045395
13713,93.68029739776951,-16.132075471698105,94.39432627098337,-15.673385202064162,94.39763205658026,-16.58837969145113,92.96296273895875,-16.588379691451127,92.96626852455564,-15.673385202064159,3.5311711709048557,0.0031691639006147776,S230518h,13713,3.5311711709048557
57,62.608695652173914,-85.75471698113206,70.93514135477153,-85.24731211215168,72.90373536408445,-86.15045612028003,52.31365594026338,-86.15045612028003,54.28224994957629,-85.24731211215168,3.5306439747925458,0.0031686907513940763,S230518h,57,3.5306439747925458
22566,82.47272727272727,11.037735849056604,83.17427624613042,11.494430023897554,83.17209424655105,10.579432530195422,81.7733602989035,10.579432530195424,81.77117829932413,11.494430023897555,3.5028191283892154,0.003143718442068446,S230518h,22566,3.5028191283892154
1275,306.00000000000006,-69.62264150943396,307.93223629853134,-69.15427361423606,308.0170741562857,-70.06879636334293,303.9829258437144,-70.06879636334293,304.0677637014687,-69.15427361423606,3.460167415494853,0.0031054392813418467,S230518h,1275,3.460167415494853
13445,94.02985074626865,-16.9811320754717,94.74693978582717,-16.522375595057778,94.75044531813192,-17.437369452738842,93.30925617440539,-17.437369452738842,93.31276170671013,-16.522375595057774,3.4176646498548138,0.0030672937981512977,S230518h,13445,3.4176646498548138
2828,121.62162162162161,-58.584905660377345,122.9234212818243,-58.12074016845459,122.95790148283213,-59.03556361311078,120.28534176041111,-59.03556361311078,120.31982196141894,-58.12074016845459,3.40354453511353,0.003054621243991555,S230518h,2828,3.40354453511353
19426,335.57142857142856,0.8490566037735938,336.25908543168595,1.306495469499358,336.2589227032481,0.3914954839661163,334.88393443960894,0.3914954839661163,334.88377171117116,1.306495469499358,3.4012301313063404,0.0030525441073583535,S230518h,19426,3.4012301313063404
11870,105.23076923076923,-22.07547169811321,105.97025681279379,-21.616304315504323,105.9750617122773,-22.531293481595387,104.48647674926117,-22.531293481595387,104.49128164874466,-21.616304315504323,3.3927257368428907,0.0030449115631893757,S230518h,11870,3.3927257368428907
27066,56.91699604743082,25.47169811320756,57.681416896852696,25.927225768299657,57.675623739069444,25.012240715603458,56.1583683557922,25.012240715603458,56.15257519800895,25.92722576829966,3.392592096790057,0.0030447916235969235,S230518h,27066,3.392592096790057
19424,333.0,0.8490566037735938,333.68765686025733,1.3064954694993582,333.68749413181956,0.3914954839661163,332.3125058681804,0.3914954839661162,332.3123431397426,1.306495469499358,3.391347332762174,0.0030436744698167685,S230518h,19424,3.391347332762174
15898,97.82608695652173,-9.339622641509429,98.52190839915424,-8.881445164577427,98.5237383607588,-9.796443382880847,97.12843555228469,-9.796443382880847,97.13026551388923,-8.881445164577427,3.388189671045646,0.0030408405240695815,S230518h,15898,3.388189671045646
27071,64.03162055335967,25.47169811320756,64.79604140278155,25.927225768299657,64.7902482449983,25.012240715603454,63.27299286172106,25.012240715603458,63.267199703937806,25.92722576829966,3.336475667582475,0.0029944281172505287,S230518h,27071,3.336475667582475
16721,88.05755395683454,-6.792452830188674,88.74925523548417,-6.334462013002485,88.75057219904176,-7.249461078522781,87.36453571462734,-7.249461078522781,87.36585267818492,-6.334462013002484,3.3111696304577665,0.0029717163948667358,S230518h,16721,3.3111696304577665
20544,336.7741935483871,4.245283018867931,337.4639937171167,4.702476664022704,337.46317648996677,3.7874770269662617,336.0852106068074,3.7874770269662617,336.0843933796575,4.702476664022704,3.31038420905926,0.002971011493002044,S230518h,20544,3.31038420905926
102,346.6666666666667,-84.90566037735849,353.7368466653171,-84.40585709272172,355.1096896167533,-85.312615855454,338.22364371658006,-85.312615855454,339.59648666801627,-84.40585709272172,3.305753174206304,0.0029668552208282667,S230518h,102,3.305753174206304
25781,63.448275862068975,21.22641509433963,64.18810167057384,21.682308083156077,64.18352699409822,20.767318019947645,62.71302473003971,20.76731801994765,62.7084500535641,21.68230808315608,3.2752340191497757,0.0029394648169647148,S230518h,25781,3.2752340191497757
400,295.7142857142857,-78.9622641509434,299.1599795548511,-78.48446823005999,299.4533436463476,-79.39773913471271,291.97522778222384,-79.39773913471271,292.2685918737203,-78.48446823005999,3.2574581349644554,0.0029235112741498558,S230518h,400,3.2574581349644554
8884,110.4201680672269,-32.26415094339622,111.22911093845856,-31.80406015235267,111.23730742693012,-32.71903390162755,109.60302870752366,-32.719033901627554,109.61122519599523,-31.80406015235267,3.2540169659374603,0.0029204228855874083,S230518h,8884,3.2540169659374603
26046,69.23076923076923,22.07547169811321,69.9750617122773,22.531293481595387,69.97025681279378,21.616304315504323,68.49128164874466,21.616304315504323,68.48647674926116,22.531293481595387,3.2478988497791526,0.0029149319841469926,S230518h,26046,3.2478988497791526
3285,120.75949367088607,-56.0377358490566,121.97560214965961,-55.574184315219824,122.00477545158476,-56.48903913859058,119.51421189018738,-56.48903913859057,119.54338519211255,-55.574184315219824,3.2112396065052815,0.002882030959307226,S230518h,3285,3.2112396065052815
27318,55.714285714285715,26.32075471698114,56.4843384568656,26.776206253261982,56.478279173598004,25.861222371828298,54.95029225497342,25.861222371828298,54.94423297170583,26.77620625326198,3.200302481622249,0.002872215082455541,S230518h,27318,3.200302481622249
16630,330.1083032490975,-7.641509433962255,330.8012204052423,-7.183456638413367,330.80270663377996,-8.09845545274348,329.413899864415,-8.098455452743478,329.4153860929526,-7.183456638413367,3.1736202612367865,0.002848268259845923,S230518h,16630,3.1736202612367865
940,106.36363636363636,-72.16981132075472,108.5535674236531,-71.69980251664519,108.66495932291366,-72.61416610681106,104.06231340435907,-72.61416610681106,104.17370530361961,-71.69980251664518,3.1585195544706797,0.002834715641623609,S230518h,940,3.1585195544706797
1128,127.49999999999999,-70.47169811320755,129.5106884910646,-70.00282786643592,129.60323544389706,-70.91730442677544,125.39676455610291,-70.91730442677544,125.48931150893537,-70.00282786643592,3.1572374950275353,0.002833565015865466,S230518h,1128,3.1572374950275353
2683,122.49999999999999,-59.43396226415094,123.8337201283173,-58.96957226246887,123.87026783545645,-59.88438344604802,121.12973216454354,-59.88438344604802,121.16627987168268,-58.96957226246887,3.142604443228312,0.00282043210973505,S230518h,2683,3.142604443228312
17187,331.51079136690646,-5.943396226415093,332.20143240758586,-5.485467184005646,332.2025815769831,-6.4004664701230585,330.8190011568298,-6.4004664701230585,330.82015032622706,-5.485467184005647,3.1399140413130073,0.002818017521425545,S230518h,17187,3.1399140413130073
14258,100.95940959409594,-14.433962264150942,101.66785916345125,-13.975402806323313,101.67077716626702,-14.890398442613018,100.24804202192487,-14.890398442613021,100.25096002474064,-13.975402806323315,3.1252735610225404,0.0028048779483551404,S230518h,14258,3.1252735610225404
27822,59.516129032258064,28.0188679245283,60.298219773414026,28.474163721306052,60.291601867957915,27.55918237276448,58.74065619655823,27.55918237276448,58.734038291102095,28.474163721306052,2.9968320354977696,0.0026896039425559006,S230518h,27822,2.9968320354977696
16353,330.1083032490975,-8.49056603773585,330.80259327994935,-8.032451031867678,330.80425044079624,-8.94744956396248,329.4123560573987,-8.94744956396248,329.4140132182456,-8.032451031867678,2.9923197788641143,0.0026855542717408704,S230518h,16353,2.9923197788641143
8409,101.97424892703863,-33.9622641509434,102.79870376739572,-33.50200089322853,102.80761950828295,-34.41697101110396,101.1408783457943,-34.41697101110396,101.14979408668154,-33.50200089322853,2.98693131803171,0.0026807182230976787,S230518h,8409,2.98693131803171
9605,109.18032786885244,-29.716981132075464,109.9683328848313,-29.257137558643326,109.97554840023327,-30.17211609936472,108.38510733747164,-30.17211609936473,108.39232285287359,-29.257137558643326,2.9637669317781477,0.00265992859463119,S230518h,9605,2.9637669317781477
817,301.5,-73.86792452830188,303.9065558739161,-73.39655303540636,304.0430386173747,-74.31076612063245,298.9569613826253,-74.31076612063245,299.0934441260839,-73.39655303540636,2.9472316490815644,0.002645088469790954,S230518h,817,2.9472316490815644
2005,108.57142857142858,-63.67924528301886,110.09704164646615,-63.21354090053841,110.14708081823642,-64.12827177829539,106.99577632462075,-64.12827177829537,107.04581549639101,-63.21354090053841,2.9383679682959,0.002637133472479027,S230518h,2005,2.9383679682959
662,300.0,-75.56603773584906,302.6733096925631,-75.09300281892446,302.84423047869933,-76.00700921925686,297.1557695213006,-76.00700921925686,297.3266903074369,-75.09300281892446,2.934019481512897,0.0026332307822190524,S230518h,662,2.934019481512897
8415,111.24463519313305,-33.9622641509434,112.06909003349016,-33.502000893228534,112.07800577437739,-34.41697101110395,110.41126461188873,-34.41697101110395,110.42018035277596,-33.50200089322853,2.911818779374488,0.0026133060432641524,S230518h,8415,2.911818779374488
523,298.125,-77.26415094339622,301.1344789328879,-76.78903594165526,301.3544784909851,-77.70274763531974,294.8955215090149,-77.70274763531974,295.11552106711207,-76.78903594165526,2.904090168544199,0.002606369751235303,S230518h,523,2.904090168544199
527,320.625,-77.26415094339622,323.6344789328879,-76.78903594165526,323.8544784909851,-77.70274763531974,317.39552150901494,-77.70274763531974,317.6155210671121,-76.78903594165526,2.8971511557598544,0.0026001421095386205,S230518h,527,2.8971511557598544
21658,339.20577617328524,7.641509433962268,339.9001795579677,8.098455452743492,339.89869332943005,7.18345663841338,338.5128590171404,7.18345663841338,338.51137278860267,8.09845545274349,2.893726153859843,0.0025970682306877485,S230518h,21658,2.893726153859843
16075,328.69565217391306,-9.339622641509429,329.39147361654557,-8.881445164577427,329.3933035781501,-9.796443382880847,327.998000769676,-9.796443382880845,327.9998307312805,-8.881445164577427,2.871552072023521,0.0025771673829848765,S230518h,16075,2.871552072023521
4835,117.4331550802139,-48.39622641509434,118.45929557225386,-47.934122925332645,118.47791561500335,-48.849039390211146,116.38839454542445,-48.849039390211146,116.40701458817391,-47.934122925332645,2.837230000790858,0.002546363928867128,S230518h,4835,2.837230000790858
27574,61.92,27.16981132075472,62.69593986828867,27.6251855912112,62.68960585135609,26.71020294349757,61.150394148643905,26.71020294349757,61.144060131711335,27.6251855912112,2.8195471158737524,0.0025304938512566858,S230518h,27574,2.8195471158737524
17746,332.90322580645164,-4.245283018867918,333.5922087480313,-3.7874770269662488,333.5930259751812,-4.702476664022691,332.2134256377221,-4.702476664022691,332.21424286487195,-3.7874770269662488,2.8070996884043384,0.0025193225044478364,S230518h,17746,2.8070996884043384
13988,101.33333333333333,-15.283018867924524,102.0444835308513,-14.824394260728182,102.04759356442366,-15.739389342596443,100.61907310224301,-15.739389342596443,100.62218313581536,-14.824394260728182,2.8045045963665465,0.002516993455073876,S230518h,13988,2.8045045963665465
22211,339.1304347826087,9.339622641509443,339.8280861868457,9.796443382880861,339.8262562252412,8.88144516457744,338.4346133399762,8.88144516457744,338.4327833783716,9.796443382880861,2.796648106300602,0.002509942393684476,S230518h,22211,2.796648106300602
18583,331.7142857142857,-1.698113207547162,332.4019249635579,-1.240490955552881,332.40225059917736,-2.155490897660422,331.0263208293941,-2.1554908976604223,331.0266464650135,-1.2404909555528811,2.7900771759877516,0.0025040450995197174,S230518h,18583,2.7900771759877516
35,18.94736842105263,-86.60377358490567,29.070000200863134,-86.08549181835642,32.120536960004465,-86.9820319810307,5.774199882100789,-86.9820319810307,8.824736641242128,-86.08549181835642,2.772802318408316,0.002488541219254695,S230518h,35,2.772802318408316
3607,119.99999999999999,-54.33962264150943,121.16620139574111,-53.876437847506146,121.19244431264309,-54.79130991866087,118.80755568735687,-54.79130991866087,118.83379860425885,-53.876437847506146,2.7649722234954037,0.0024815138470500133,S230518h,3607,2.7649722234954037
22291,83.47826086956522,10.188679245283023,84.17777882447814,10.64543687966692,84.17577398734498,9.730439007282747,82.78074775178546,9.730439007282747,82.77874291465228,10.64543687966692,2.7546525434238776,0.002472252116036222,S230518h,22291,2.7546525434238776
10588,98.57142857142858,-26.320754716981128,99.33542203074089,-25.86122237182828,99.34148131400846,-26.77620625326197,97.80137582884869,-26.77620625326197,97.80743511211628,-25.86122237182828,2.7541802012547527,0.0024718281972629093,S230518h,10588,2.7541802012547527
988,302.7272727272727,-72.16981132075472,304.91720378728945,-71.69980251664518,305.02859568655,-72.61416610681106,300.4259497679954,-72.61416610681106,300.53734166725593,-71.69980251664519,2.727530344673569,0.002447910420597326,S230518h,988,2.727530344673569
17466,331.61290322580646,-5.094339622641511,332.3026384888005,-4.6364721794291,332.3036211423878,-5.551471655945463,330.9221853092252,-5.551471655945463,330.92316796281256,-4.6364721794291,2.7202857260812303,0.0024414085030732657,S230518h,17466,2.7202857260812303
19986,336.7741935483871,2.5471698113207557,337.46261796090766,3.0044862575390314,337.4621290601396,2.0894863878925043,336.08625803663455,2.0894863878925043,336.08576913586654,3.004486257539031,2.7160902277795977,0.0024376431172794025,S230518h,19986,2.7160902277795977
26812,57.88235294117647,24.62264150943398,58.64138912384417,25.078244194379334,58.63585399721882,24.163258030091665,57.128851885134125,24.163258030091665,57.12331675850877,25.078244194379334,2.6665321322700275,0.0023931655998579225,S230518h,26812,2.6665321322700275
7063,113.42465753424658,-39.056603773584904,114.30428664867499,-38.595778564333315,114.31575863234237,-39.51073519731472,112.53355643615079,-39.51073519731473,112.54502841981818,-38.595778564333315,2.6652109502068453,0.002391979862237703,S230518h,7063,2.6652109502068453
17186,330.2158273381295,-5.943396226415093,330.9064683788088,-5.485467184005648,330.9076175482061,-6.400466470123059,329.52403712805284,-6.400466470123059,329.5251862974501,-5.485467184005648,2.6154412021062745,0.00234731239034548,S230518h,17186,2.6154412021062745
10344,108.00000000000001,-27.169811320754707,108.76960585135612,-26.710202943497553,108.77593986828867,-27.625185591211185,107.22406013171134,-27.625185591211185,107.23039414864392,-26.710202943497553,2.605814385390235,0.0023386724919838013,S230518h,10344,2.605814385390235
4645,107.6086956521739,-49.24528301886792,108.65208147648173,-48.78304108150048,108.6715944033332,-49.697952398127825,106.54579690101463,-49.697952398127825,106.5653098278661,-48.78304108150048,2.6025406589510114,0.0023357343801932544,S230518h,4645,2.6025406589510114
28069,58.536585365853654,28.867924528301884,59.32509978332871,29.32314057970997,59.31818825211987,28.408160599011676,57.75498247958742,28.408160599011673,57.74807094837857,29.323140579709964,2.5832564460823404,0.002318427138964418,S230518h,28069,2.5832564460823404
17840,94.19354838709678,-3.396226415094337,94.88193163201815,-2.9384817540480896,94.88258433608586,-3.8534815220706875,93.50451243810772,-3.8534815220706875,93.50516514217543,-2.93848175404809,2.582760435413632,0.0023179819781298083,S230518h,17840,2.582760435413632
18865,334.2857142857143,-0.849056603773581,334.97320841753384,-0.39149548396610345,334.97337114597167,-1.3064954694993451,333.5980574254569,-1.3064954694993451,333.59822015389466,-0.39149548396610345,2.575243993053785,0.0023112361035644087,S230518h,18865,2.575243993053785
14529,100.58823529411765,-13.58490566037736,101.29415908256665,-13.126410873126575,101.29688851375059,-14.041407026855122,99.87958207448473,-14.041407026855124,99.88231150566865,-13.126410873126575,2.547168190496439,0.0022860385655128256,S230518h,14529,2.547168190496439
13982,93.33333333333333,-15.283018867924524,94.0444835308513,-14.824394260728182,94.04759356442366,-15.739389342596443,92.61907310224301,-15.739389342596445,92.62218313581536,-14.824394260728182,2.5247834052351594,0.0022659486151990083,S230518h,13982,2.5247834052351594
5604,115.77889447236181,-45.0,116.7434187817585,-44.53840816405273,116.75894444371265,-45.453342298185596,114.79884450101096,-45.453342298185596,114.81437016296512,-44.53840816405273,2.508529932537568,0.0022513614098668934,S230518h,5604,2.508529932537568
15616,90.0,-10.18867924528301,90.69751311777976,-9.730439007282735,90.69951795491292,-10.645436879666907,89.30048204508708,-10.645436879666907,89.30248688222024,-9.730439007282735,2.49947392244823,0.0022432338003940907,S230518h,15616,2.49947392244823
13184,102.47191011235955,-17.83018867924528,103.19224450528965,-17.371365403358066,103.19595406466846,-18.28635858885123,101.74786616005065,-18.286358588851233,101.75157571942944,-17.37136540335807,2.492873769223044,0.002237310279180469,S230518h,13184,2.492873769223044
21102,337.9856115107914,5.943396226415093,338.67740172086803,6.400466470123059,338.6762525514708,5.485467184005648,337.294970470112,5.485467184005649,337.29382130071474,6.400466470123059,2.4781375592350514,0.002224084790393456,S230518h,21102,2.4781375592350514
12391,104.03041825095056,-20.377358490566035,104.7616408341142,-19.91833093859087,104.76599122074909,-20.8333218505458,103.29484528115205,-20.833321850545797,103.29919566778693,-19.91833093859087,2.462425167777809,0.002209983195939778,S230518h,12391,2.462425167777809
1277,313.2,-69.62264150943396,315.1322362985313,-69.15427361423606,315.2170741562856,-70.06879636334293,311.1829258437144,-70.06879636334293,311.26776370146865,-69.15427361423606,2.4006546046651804,0.0021545452040491082,S230518h,1277,2.4006546046651804
20265,336.7741935483871,3.3962264150943495,337.4632294973762,3.8534815220707,337.4625767933084,2.938481754048103,336.08581030346573,2.9384817540481025,336.08515759939803,3.8534815220707,2.3959218416431334,0.002150297632636196,S230518h,20265,2.3959218416431334
18585,334.2857142857143,-1.698113207547162,334.9733535349865,-1.2404909555528811,334.9736791706059,-2.1554908976604223,333.59774940082264,-2.155490897660422,333.5980750364421,-1.240490955552881,2.3745831450678607,0.002131146528484199,S230518h,18585,2.3745831450678607
21657,337.9061371841155,7.641509433962268,338.600540568798,8.09845545274349,338.59905434026035,7.18345663841338,337.2132200279707,7.18345663841338,337.211733799433,8.09845545274349,2.3739441575810325,0.002130573048474823,S230518h,21657,2.3739441575810325
97,280.0,-84.90566037735849,287.07017999865036,-84.40585709272172,288.44302295008663,-85.312615855454,271.5569770499133,-85.312615855454,272.9298200013495,-84.40585709272172,2.369438240090251,0.002126529066928815,S230518h,97,2.369438240090251
21733,76.67870036101083,8.49056603773585,77.37464755270959,8.947449563962477,77.37299039186271,8.032451031867678,75.98441033015895,8.032451031867678,75.98275316931208,8.947449563962477,2.35125605537135,0.0021102108765447773,S230518h,21733,2.35125605537135
20824,338.0645161290323,5.094339622641511,338.75523404561363,5.551471655945463,338.7542513920263,4.636472179429101,337.37478086603835,4.6364721794291,337.37379821245105,5.551471655945463,2.3432122883931354,0.0021029917374267544,S230518h,20824,2.3432122883931354
29,239.99999999999997,-87.45283018867924,252.8937944938584,-86.91772302298592,258.2154851923697,-87.80022755457108,221.78451480763022,-87.80022755457108,227.10620550614155,-86.91772302298592,2.3200394395055963,0.002082194513895398,S230518h,29,2.3200394395055963
1595,308.1081081081081,-67.0754716981132,309.83995501966245,-66.60840149892663,309.90657244625834,-67.52303332468944,306.3096437699579,-67.52303332468944,306.3762611965538,-66.60840149892663,2.313326150076915,0.0020761694549327916,S230518h,1595,2.313326150076915
25519,64.33460076045627,20.377358490566046,65.0701737302548,20.83332185054581,65.06582334361991,19.918330938590884,63.60337817729264,19.918330938590884,63.59902779065776,20.83332185054581,2.313061763326232,0.002075932172483,S230518h,25519,2.313061763326232
1035,129.13043478260872,-71.32075471698113,131.22669209685694,-70.85133948025174,131.3280207667976,-71.7657634060181,126.93284879841984,-71.7657634060181,127.03417746836054,-70.85133948025174,2.304733148510898,0.0020684573874506684,S230518h,1035,2.304733148510898
494,135.0,-77.26415094339622,138.0094789328879,-76.78903594165526,138.2294784909851,-77.70274763531974,131.7705215090149,-77.70274763531974,131.9905210671121,-76.78903594165526,2.293347091505012,0.0020582386019296736,S230518h,494,2.293347091505012
16352,328.8086642599278,-8.49056603773585,329.50295429077966,-8.032451031867678,329.50461145162654,-8.947449563962477,328.112717068229,-8.947449563962477,328.11437422907596,-8.032451031867678,2.2848154713230135,0.002050581623158062,S230518h,16352,2.2848154713230135
17833,85.16129032258065,-3.396226415094337,85.84967356750201,-2.9384817540480896,85.85032627156973,-3.8534815220706875,84.47225437359158,-3.8534815220706875,84.47290707765929,-2.9384817540480896,2.2721552207484907,0.002039219271362685,S230518h,17833,2.2721552207484907
19984,334.19354838709677,2.5471698113207557,334.88197279961736,3.004486257539032,334.88148389884924,2.0894863878925047,333.50561287534424,2.0894863878925047,333.5051239745762,3.0044862575390314,2.251044437104401,0.0020202727150502096,S230518h,19984,2.251044437104401
10846,106.7193675889328,-25.471698113207545,107.47799528057142,-25.012240715603447,107.48378843835467,-25.92722576829965,105.95494673951093,-25.92722576829965,105.96073989729418,-25.012240715603447,2.2466634442288647,0.0020163408511449992,S230518h,10846,2.2466634442288647
991,315.0,-72.16981132075472,317.18993106001676,-71.69980251664518,317.3013229592773,-72.61416610681106,312.69867704072266,-72.61416610681106,312.81006893998324,-71.69980251664518,2.245252425401521,0.002015074486612022,S230518h,991,2.245252425401521
4463,107.40331491712708,-50.094339622641506,108.46477258549066,-49.63195447278354,108.485234459263,-50.54686029891829,106.32139537499116,-50.54686029891829,106.34185724876347,-49.631954472783534,2.2342659624526946,0.0020052143297157082,S230518h,4463,2.2342659624526946
12385,95.81749049429658,-20.377358490566035,96.54871307746022,-19.918330938590874,96.5530634640951,-20.8333218505458,95.08191752449807,-20.833321850545797,95.08626791113295,-19.91833093859087,2.2211234349207505,0.0019934191428495895,S230518h,12385,2.2211234349207505
26562,67.23735408560312,23.773584905660385,67.99124529968098,24.229261586963467,67.9859605935362,23.314274368161662,66.48874757767003,23.314274368161662,66.48346287152525,24.229261586963467,2.2051806917049106,0.001979110811751762,S230518h,26562,2.2051806917049106
25256,65.45454545454545,19.528301886792452,66.18607390136532,19.984334828713234,66.18194223618362,19.069343114568063,64.72714867290729,19.06934311456806,64.7230170077256,19.984334828713234,2.1947338435037684,0.00196973494958256,S230518h,25256,2.1947338435037684
702,132.6315789473684,-74.71698113207546,135.16423466168334,-74.24482159494406,135.31650573402234,-75.15893993753988,129.94665216071448,-75.15893993753988,130.09892323305348,-74.24482159494406,2.1946089728649882,0.001969622880384689,S230518h,702,2.1946089728649882
1484,306.1682242990654,-67.9245283018868,307.96169666471656,-67.45705648255577,308.03369376333734,-68.37165611948272,304.3027548347934,-68.37165611948272,304.3747519334142,-67.45705648255577,2.1777908507423756,0.0019545289121437057,S230518h,1484,2.1777908507423756
20822,335.48387096774195,5.094339622641511,336.1745888843232,5.5514716559454635,336.1736062307359,4.636472179429101,334.79413570474793,4.636472179429101,334.7931530511607,5.5514716559454635,2.1324912615370253,0.001913873329088102,S230518h,20822,2.1324912615370253
2977,121.58940397350995,-57.73584905660377,122.861047764289,-57.27189762535238,122.89362020259487,-58.18673236751173,120.28518774442503,-58.18673236751173,120.31776018273092,-57.27189762535239,2.1130298087530495,0.0018964070181585499,S230518h,2977,2.1130298087530495
36,37.89473684210526,-86.60377358490567,48.017368621915764,-86.08549181835642,51.0679053810571,-86.9820319810307,24.721568303153422,-86.9820319810307,27.77210506229476,-86.08549181835642,2.101810177196476,0.0018863375965456125,S230518h,36,2.101810177196476
186,144.0,-82.35849056603773,148.86820720789024,-81.87202600229362,149.48085653316386,-82.7833757841934,138.51914346683614,-82.78337578419338,139.13179279210974,-81.87202600229362,2.095753786480811,0.0018809020926022603,S230518h,186,2.095753786480811
2403,123.5036496350365,-61.132075471698116,124.90711194940961,-60.667201439544186,124.94835088814982,-61.581984748354344,122.05894838192317,-61.581984748354344,122.10018732066338,-60.667201439544186,2.091129478674101,0.0018767518578339465,S230518h,2403,2.091129478674101
16444,88.37545126353791,-7.641509433962255,89.06836841968277,-7.183456638413367,89.06985464822041,-8.098455452743478,87.68104787885541,-8.098455452743478,87.68253410739305,-7.183456638413367,2.076180091637151,0.0018633350464020387,S230518h,16444,2.076180091637151
9599,100.327868852459,-29.716981132075464,101.11587386843786,-29.257137558643333,101.12308938383981,-30.17211609936473,99.5326483210782,-30.17211609936473,99.53986383648015,-29.257137558643333,2.0621121033943375,0.0018507092748561145,S230518h,9599,2.0621121033943375
666,320.0,-75.56603773584906,322.6733096925631,-75.09300281892446,322.8442304786994,-76.00700921925686,317.1557695213006,-76.00700921925686,317.3266903074368,-75.09300281892446,2.0555155675248886,0.0018447890001555226,S230518h,666,2.0555155675248886
70,266.0869565217391,-85.75471698113206,274.4134022243367,-85.24731211215168,276.3819962336496,-86.15045612028003,255.79191680982856,-86.15045612028003,257.76051081914153,-85.24731211215168,2.049468006881814,0.0018393614210467195,S230518h,70,2.049468006881814
27323,62.85714285714286,26.32075471698114,63.62719559972275,26.776206253261982,63.62113631645515,25.861222371828298,62.093149397830565,25.861222371828298,62.08709011456298,26.77620625326198,2.044847104355149,0.0018352142424572391,S230518h,27323,2.044847104355149
21463,85.77617328519855,7.641509433962268,86.47057666988107,8.09845545274349,86.46909044134341,7.18345663841338,85.08325612905371,7.183456638413378,85.08176990051605,8.09845545274349,2.025624974096842,0.001817962719277203,S230518h,21463,2.025624974096842
2263,108.27067669172934,-61.9811320754717,109.71230980818414,-61.51599641863672,109.7562183908995,-62.43076383822157,106.78513499255915,-62.43076383822156,106.82904357527451,-61.51599641863672,2.012103507353996,0.0018058274411468565,S230518h,2263,2.012103507353996
25525,72.54752851711027,20.377358490566046,73.28310148690878,20.833321850545815,73.27875110027391,19.918330938590884,71.81630593394665,19.918330938590884,71.81195554731175,20.833321850545815,2.0005255560680295,0.001795436433890995,S230518h,25525,2.0005255560680295
180,90.0,-82.35849056603773,94.86820720789026,-81.87202600229362,95.48085653316386,-82.7833757841934,84.51914346683614,-82.7833757841934,85.13179279210974,-81.87202600229362,1.9872336361919978,0.0017835071700286066,S230518h,180,1.9872336361919978
22009,75.65217391304348,9.339622641509443,76.34982531728053,9.796443382880861,76.34799535567599,8.881445164577443,74.95635247041096,8.881445164577443,74.95452250880642,9.796443382880861,1.955648021750206,0.0017551596376596183,S230518h,22009,1.955648021750206
20073,89.03225806451613,3.3962264150943495,89.7212940135052,3.8534815220707,89.7206413094375,2.9384817540481025,88.34387481959477,2.938481754048103,88.34322211552707,3.853481522070701,1.952006744599803,0.0017518916555826596,S230518h,20073,1.952006744599803
28307,47.213114754098356,29.716981132075464,48.00833528547916,30.17211609936472,48.0011197700772,29.257137558643326,46.4251097381195,29.257137558643333,46.41789422271754,30.17211609936472,1.928410196037504,0.0017307141690595185,S230518h,28307,1.928410196037504
27816,50.806451612903224,28.0188679245283,51.588542354059186,28.474163721306052,51.58192444860306,27.55918237276448,50.03097877720337,27.559182372764482,50.024360871747255,28.474163721306052,1.89911628426967,0.001704423399456689,S230518h,27816,1.89911628426967
2138,124.61538461538461,-62.83018867924528,126.09765686825185,-62.3647767072679,126.1444878085055,-63.279526716180385,123.0862814222637,-63.279526716180385,123.13311236251735,-62.3647767072679,1.8990118687886268,0.001704329688402432,S230518h,2138,1.8990118687886268
20543,335.48387096774195,4.245283018867931,336.1736711364715,4.702476664022704,336.1728539093216,3.7874770269662617,334.79488802616225,3.7874770269662617,334.7940707990124,4.702476664022703,1.8875635302464708,0.0016940550063001421,S230518h,20543,1.8875635302464708
21739,84.47653429602887,8.49056603773585,85.17248148772764,8.947449563962476,85.17082432688075,8.032451031867678,83.782244265177,8.032451031867678,83.78058710433012,8.947449563962477,1.8552966093286773,0.0016650960133747271,S230518h,21739,1.8552966093286773
6001,105.36585365853658,-43.30188679245283,106.30345085003563,-42.84052881186335,106.31766754582794,-43.755470313126786,104.41403977124523,-43.755470313126786,104.42825646703753,-42.84052881186335,1.8380736704410299,0.0016496387292206883,S230518h,6001,1.8380736704410299
19236,91.28571428571429,0.8490566037735938,91.97337114597168,1.3064954694993582,91.97320841753388,0.3914954839661163,90.59822015389472,0.3914954839661163,90.59805742545691,1.3064954694993582,1.8116896956368613,0.0016259595767646846,S230518h,19236,1.8116896956368613
23107,72.52747252747253,12.73584905660378,73.23358648214582,13.192415129674455,73.23104241526934,12.27741849449539,71.8239026396757,12.27741849449539,71.82135857279923,13.192415129674455,1.806360861322996,0.0016211770418711605,S230518h,23107,1.806360861322996
202,288.0,-82.35849056603773,292.86820720789024,-81.87202600229362,293.48085653316383,-82.7833757841934,282.51914346683617,-82.7833757841934,283.1317927921097,-81.87202600229362,1.770420443535314,0.001588921150238315,S230518h,202,1.770420443535314
1178,315.0,-70.47169811320755,317.0106884910646,-70.00282786643592,317.10323544389706,-70.91730442677543,312.8967645561029,-70.91730442677543,312.9893115089354,-70.00282786643592,1.7619063999726672,0.0015812799461728411,S230518h,1178,1.7619063999726672
1533,107.02702702702703,-67.0754716981132,108.75887393858137,-66.60840149892663,108.82549136517726,-67.52303332468944,105.22856268887683,-67.52303332468944,105.29518011547272,-66.60840149892663,1.7584748772627377,0.0015782002150099756,S230518h,1533,1.7584748772627377
21935,339.20577617328524,8.49056603773585,339.901723364984,8.947449563962477,339.9000662041371,8.032451031867678,338.51148614243334,8.032451031867678,338.50982898158645,8.947449563962477,1.7563226884730492,0.0015762686634964757,S230518h,21935,1.7563226884730492
1029,105.65217391304347,-71.32075471698113,107.74843122729168,-70.85133948025174,107.84975989723236,-71.7657634060181,103.4545879288546,-71.7657634060181,103.55591659879528,-70.85133948025174,1.7533293547200977,0.0015735821992008592,S230518h,1029,1.7533293547200977
26299,59.99999999999999,22.924528301886802,60.748978865205146,23.38027799910133,60.74393742470152,22.4652897804479,59.256062575298465,22.4652897804479,59.25102113479484,23.38027799910133,1.7454245913819433,0.0015664878134003084,S230518h,26299,1.7454245913819433
116,150.96774193548387,-84.05660377358491,157.11093821084413,-83.5624109828508,158.1218562261067,-84.47135848394804,143.81362764486104,-84.47135848394804,144.82454566012362,-83.5624109828508,1.6892529265434693,0.001516074734048534,S230518h,116,1.6892529265434693
28313,56.0655737704918,29.716981132075464,56.86079430187261,30.17211609936472,56.85357878647065,29.257137558643326,55.277568754512934,29.257137558643333,55.27035323911098,30.17211609936472,1.6877509108656947,0.0015147267014458154,S230518h,28313,1.6877509108656947
19229,82.28571428571429,0.8490566037735938,82.97337114597168,1.3064954694993582,82.97320841753388,0.3914954839661163,81.59822015389473,0.3914954839661162,81.59805742545691,1.306495469499358,1.6778746802594031,0.0015058629585127346,S230518h,19229,1.6778746802594031
12130,104.82758620689656,-21.226415094339615,105.56283733892582,-20.767318019947634,105.56741201540143,-21.682308083156066,104.08776039839168,-21.682308083156066,104.09233507486731,-20.76731801994763,1.6773201996039877,0.0015053653218953962,S230518h,12130,1.6773201996039877
16174,97.47292418772562,-8.49056603773585,98.1672142185775,-8.032451031867678,98.16887137942439,-8.94744956396248,96.77697699602686,-8.94744956396248,96.77863415687375,-8.03245103186768,1.641380918166828,0.0014731104501171201,S230518h,16174,1.641380918166828
24997,74.4360902255639,18.679245283018872,75.16377728571558,19.135347060918654,75.15985911987839,18.220354589450903,73.71232133124941,18.2203545894509,73.70840316541224,19.135347060918654,1.6340811567277818,0.0014665590428598512,S230518h,24997,1.6340811567277818
21100,335.39568345323744,5.943396226415093,336.0874736633141,6.400466470123058,336.08632449391683,5.485467184005647,334.70504241255804,5.485467184005648,334.7038932431608,6.4004664701230585,1.6241189066874502,0.001457618099000529,S230518h,21100,1.6241189066874502
16909,331.51079136690646,-6.792452830188674,332.2024926455561,-6.334462013002483,332.2038096091137,-7.249461078522781,330.8177731246993,-7.249461078522783,330.81909008825687,-6.334462013002484,1.6208886929489448,0.0014547190390921084,S230518h,16909,1.6208886929489448
16076,330.0,-9.339622641509429,330.6958214426325,-8.881445164577427,330.69765140423704,-9.796443382880847,329.3023485957629,-9.796443382880845,329.3041785573675,-8.881445164577427,1.6179628879632304,0.001452093180675115,S230518h,16076,1.6179628879632304
28062,48.292682926829265,28.867924528301884,49.08119734430433,29.323140579709964,49.074285813095486,28.408160599011673,47.511080040563044,28.408160599011673,47.50416850935419,29.323140579709964,1.608740317896781,0.0014438160865579265,S230518h,28062,1.608740317896781
696,104.21052631578948,-74.71698113207546,106.74318203010439,-74.24482159494406,106.8954531024434,-75.15893993753988,101.52559952913553,-75.15893993753988,101.67787060147454,-74.24482159494406,1.6086347964446044,0.0014437213829140664,S230518h,696,1.6086347964446044
17276,86.45161290322581,-5.094339622641511,87.14134816621979,-4.6364721794291,87.14233081980707,-5.551471655945463,85.76089498664454,-5.551471655945463,85.76187764023183,-4.6364721794291,1.6052782260967806,0.001440708920175402,S230518h,17276,1.6052782260967806
7949,102.63157894736842,-35.660377358490564,103.47290554752524,-35.19993473001254,103.48260110065767,-36.114900818781194,101.78055679407916,-36.114900818781194,101.79025234721159,-35.19993473001254,1.5970684799714703,0.0014333408176976966,S230518h,7949,1.5970684799714703
21381,339.28057553956836,6.792452830188687,339.97359378177555,7.2494610785227955,339.97227681821795,6.334462013002496,338.5888742609187,6.334462013002496,338.5875572973611,7.2494610785227955,1.581407073592204,0.0014192849814530575,S230518h,21381,1.581407073592204
22487,339.1304347826087,10.188679245283023,339.8299527375216,10.64543687966692,339.82794790038844,9.730439007282747,338.4329216648289,9.730439007282746,338.43091682769574,10.645436879666919,1.5761734073601943,0.0014145878582359746,S230518h,22487,1.5761734073601943
28306,45.73770491803278,29.716981132075464,46.53292544941359,30.17211609936472,46.52570993401163,29.257137558643326,44.94969990205393,29.257137558643326,44.94248438665196,30.17211609936472,1.574455752397165,0.0014130462931746725,S230518h,28306,1.574455752397165
5023,117.47368421052632,-47.54716981132076,118.48335818044725,-47.08520029603243,118.5011369173811,-48.000121593723044,116.44623150367154,-48.00012159372305,116.46401024060539,-47.08520029603243,1.5732159045643415,0.0014119335515929516,S230518h,5023,1.5732159045643415
1539,126.4864864864865,-67.0754716981132,128.21833339804084,-66.60840149892661,128.2849508246367,-67.52303332468944,124.68802214833629,-67.52303332468944,124.75463957493216,-66.60840149892663,1.5546989801864375,0.0013953149382636438,S230518h,1539,1.5546989801864375
22212,340.4347826086956,9.339622641509443,341.1324340129327,9.796443382880861,341.13060405132813,8.88144516457744,339.7389611660631,8.881445164577443,339.7371312044586,9.796443382880861,1.5423084019372872,0.001384194612628201,S230518h,22212,1.5423084019372872
26305,68.37209302325581,22.924528301886802,69.12107188846096,23.38027799910133,69.11603044795734,22.465289780447904,67.6281555985543,22.465289780447897,67.62311415805067,23.38027799910133,1.537586715910396,0.0013799569826232452,S230518h,26305,1.537586715910396
20263,334.19354838709677,3.3962264150943495,334.8825843360858,3.8534815220707,334.8819316320181,2.9384817540481025,333.5051651421754,2.9384817540481025,333.5045124381077,3.8534815220707,1.5036209567033265,0.00134947331226964,S230518h,20263,1.5036209567033265
904,317.14285714285717,-73.01886792452831,319.4357472402861,-72.54820988239366,319.55874617732974,-73.46250385953338,314.7269681083846,-73.46250385953338,314.84996704542823,-72.54820988239366,1.4981692396936013,0.0013445804923219846,S230518h,904,1.4981692396936013
273,142.5,-80.66037735849056,146.53368901980932,-80.17898843380384,146.94381529751269,-81.09155728932656,138.05618470248726,-81.09155728932656,138.46631098019068,-80.17898843380384,1.4831792348658637,0.0013311272271385995,S230518h,273,1.4831792348658637
349,325.3846153846154,-79.81132075471697,329.1008195548889,-79.33186951589033,329.44530949959636,-80.24483309344546,321.32392126963447,-80.24483309344546,321.6684112143419,-79.33186951589033,1.471258341034506,0.0013204284349914832,S230518h,349,1.471258341034506
8878,101.34453781512605,-32.26415094339622,102.15348068635771,-31.80406015235267,102.16167717482928,-32.719033901627554,100.52739845542284,-32.719033901627554,100.53559494389438,-31.80406015235267,1.4479481500875757,0.001299507949382025,S230518h,8878,1.4479481500875757
17744,330.3225806451613,-4.245283018867918,331.011563586741,-3.787477026966248,331.0123808138909,-4.70247666402269,329.6327804764317,-4.70247666402269,329.6335977035816,-3.7874770269662488,1.445978549710507,0.0012977402677513314,S230518h,17744,1.445978549710507
21379,336.6906474820144,6.792452830188687,337.3836657242216,7.2494610785227955,337.382348760664,6.334462013002496,335.9989462033647,6.334462013002497,335.99762923980717,7.2494610785227955,1.4413500350293282,0.0012935862573873144,S230518h,21379,1.4413500350293282
16629,328.8086642599278,-7.641509433962255,329.50158141607267,-7.183456638413367,329.50306764461027,-8.09845545274348,328.1142608752453,-8.09845545274348,328.11574710378295,-7.183456638413367,1.4314833871372739,0.0012847311147713976,S230518h,16629,1.4314833871372739
322,138.46153846153845,-79.81132075471697,142.17774263181195,-79.33186951589033,142.5222325765194,-80.24483309344546,134.4008443465575,-80.24483309344546,134.74533429126492,-79.33186951589033,1.4038164436651035,0.0012599005205439636,S230518h,322,1.4038164436651035
3773,120.00000000000001,-53.490566037735846,121.14311919918833,-53.02755362730563,121.16804583885722,-53.94243342086948,118.8319541611428,-53.94243342086948,118.8568808008117,-53.02755362730563,1.4017464223966705,0.0012580427129328582,S230518h,3773,1.4017464223966705
2132,108.0,-62.83018867924528,109.48227225286723,-62.3647767072679,109.5291031931209,-63.279526716180385,106.4708968068791,-63.279526716180385,106.51772774713275,-62.3647767072679,1.3988322924792365,0.0012554273326839118,S230518h,2132,1.3988322924792365
20345,80.0,4.245283018867931,80.68980016872958,4.702476664022704,80.68898294157968,3.7874770269662617,79.31101705842032,3.7874770269662608,79.31019983127044,4.702476664022703,1.3969743201554914,0.0012537598352639991,S230518h,20345,1.3969743201554914
18305,334.19354838709677,-2.5471698113207557,334.88148389884924,-2.0894863878925047,334.88197279961736,-3.004486257539032,333.5051239745762,-3.0044862575390314,333.50561287534424,-2.0894863878925047,1.3679931424111877,0.0012277497389363797,S230518h,18305,1.3679931424111877
17005,95.8273381294964,-5.943396226415093,96.5179791701758,-5.485467184005648,96.51912833957304,-6.400466470123059,95.13554791941976,-6.400466470123059,95.13669708881699,-5.485467184005647,1.363278221920122,0.0012235181808806072,S230518h,17005,1.363278221920122
20623,78.70967741935485,5.094339622641511,79.40039533593611,5.5514716559454635,79.39941268234882,4.636472179429101,78.01994215636087,4.6364721794291,78.01895950277358,5.5514716559454635,1.361557650547268,0.0012219739983928793,S230518h,20623,1.361557650547268
18670,83.57142857142857,-0.849056603773581,84.25892270324816,-0.39149548396610345,84.25908543168596,-1.3064954694993451,82.88377171117118,-1.3064954694993451,82.88393443960898,-0.3914954839661034,1.3602918199600875,0.0012208379377469838,S230518h,18670,1.3602918199600875
207,333.0,-82.35849056603773,337.8682072078903,-81.87202600229362,338.48085653316383,-82.78337578419338,327.51914346683617,-82.78337578419338,328.1317927921097,-81.87202600229362,1.356805989226563,0.0012177094660899418,S230518h,207,1.356805989226563
13178,94.3820224719101,-17.83018867924528,95.10235686484022,-17.37136540335807,95.10606642421901,-18.286358588851233,93.65797851960122,-18.286358588851233,93.66168807898,-17.371365403358066,1.3544745771245248,0.001215617064811829,S230518h,13178,1.3544745771245248
24731,75.50561797752809,17.830188679245293,76.229661929837,18.286358588851243,76.22595237045822,17.371365403358084,74.78528358459799,17.371365403358084,74.78157402521921,18.286358588851243,1.3485259224669524,0.0012102782520821218,S230518h,24731,1.3485259224669524
1380,314.5631067961165,-68.77358490566037,316.4231737980567,-68.30568173409746,316.50120716420923,-69.22024523564167,312.6250064280237,-69.22024523564167,312.7030397941763,-68.30568173409746,1.335120387494684,0.001198247020672953,S230518h,1380,1.335120387494684
14794,90.98901098901098,-12.735849056603767,91.69258087680781,-12.277418494495377,91.69512494368428,-13.19241512967444,90.28289703433768,-13.192415129674442,90.28544110121415,-12.277418494495377,1.3345626462992901,0.0011977464577784403,S230518h,14794,1.3345626462992901
4114,119.31428571428569,-51.79245283018868,120.41457858661043,-51.32976566712454,120.43712700302575,-52.244659363181114,118.19144442554564,-52.244659363181114,118.21399284196094,-51.32976566712454,1.3301299058399432,0.0011937681513286408,S230518h,4114,1.3301299058399432
488,101.25,-77.26415094339622,104.2594789328879,-76.78903594165526,104.47947849098509,-77.70274763531974,98.0205215090149,-77.70274763531974,98.2405210671121,-76.78903594165526,1.3266714970992182,0.001190664290426914,S230518h,488,1.3266714970992182
15067,90.65693430656935,-11.886792452830186,91.35831943148199,-11.428425702940485,91.3606810990476,-12.34342278449724,89.9531875140911,-12.34342278449724,89.9555491816567,-11.428425702940485,1.3132141253761902,0.0011785865364473905,S230518h,15067,1.3132141253761902
5208,106.32124352331607,-46.698113207547166,107.31518582302678,-46.236273462993935,107.33217078185159,-47.15119930225128,105.31031626478057,-47.15119930225128,105.32730122360536,-46.23627346299393,1.301460937945067,0.0011680382578392115,S230518h,5208,1.301460937945067
15074,99.85401459854015,-11.886792452830186,100.5553997234528,-11.428425702940487,100.55776139101839,-12.343422784497243,99.15026780606189,-12.34342278449724,99.15262947362751,-11.428425702940485,1.2984800062643025,0.0011653629241848372,S230518h,15074,1.2984800062643025
19146,335.57142857142856,0.0,336.25892857142856,0.45749999999999996,336.25892857142856,-0.45749999999999996,334.88392857142856,-0.45749999999999996,334.88392857142856,0.45749999999999996,1.29734719193745,0.0011643462432886118,S230518h,19146,1.29734719193745
24991,66.3157894736842,18.679245283018872,67.04347653383589,19.135347060918658,67.0395583679987,18.220354589450903,65.59202057936972,18.220354589450906,65.58810241353254,19.135347060918658,1.2826672152616696,0.0011511712229083826,S230518h,24991,1.2826672152616696
28305,44.26229508196721,29.716981132075464,45.05751561334803,30.17211609936472,45.050300097946064,29.257137558643326,43.47429006598836,29.257137558643326,43.46707455058641,30.17211609936472,1.2818717845601475,0.001150457337870615,S230518h,28305,1.2818717845601475
18677,92.57142857142857,-0.849056603773581,93.25892270324816,-0.3914954839661034,93.25908543168596,-1.3064954694993451,91.88377171117118,-1.3064954694993451,91.88393443960898,-0.39149548396610345,1.2607511423351343,0.001131501933655486,S230518h,18677,1.2607511423351343
22284,74.34782608695652,10.188679245283023,75.04734404186944,10.64543687966692,75.0453392047363,9.730439007282747,73.65031296917675,9.730439007282747,73.6483081320436,10.64543687966692,1.2557321634650416,0.0011269974885625652,S230518h,22284,1.2557321634650416
9843,99.51219512195121,-28.867924528301884,100.29379800821745,-28.408160599011673,100.30070953942628,-29.32314057970997,98.72368070447615,-29.323140579709964,98.730592235685,-28.408160599011673,1.2317622638118562,0.001105484926014438,S230518h,9843,1.2317622638118562
21186,86.76258992805755,6.792452830188687,87.45560817026477,7.2494610785227955,87.45429120670718,6.334462013002496,86.07088864940793,6.334462013002497,86.06957168585035,7.2494610785227955,1.2233014392043293,0.0010978914850233756,S230518h,21186,1.2233014392043293
25787,71.72413793103449,21.22641509433963,72.46396373953937,21.68230808315608,72.45938906306374,20.767318019947645,70.98888679900523,20.76731801994764,70.98431212252962,21.68230808315608,1.2108139336735448,0.0010866841688606905,S230518h,25787,1.2108139336735448
18023,330.3225806451613,-3.396226415094337,331.0109638900826,-2.938481754048089,331.0116165941504,-3.8534815220706866,329.63354469617224,-3.8534815220706875,329.63419740023994,-2.938481754048089,1.1942057199405622,0.0010717785897004551,S230518h,18023,1.1942057199405622
1596,311.35135135135135,-67.0754716981132,313.0831982629057,-66.60840149892663,313.1498156895015,-67.52303332468944,309.5528870132011,-67.52303332468944,309.61950443979697,-66.60840149892663,1.1728401980145067,0.0010526034102688396,S230518h,1596,1.1728401980145067
88,160.0,-84.90566037735849,167.07017999865042,-84.40585709272172,168.44302295008663,-85.312615855454,151.55697704991334,-85.312615855454,152.92982000134958,-84.40585709272172,1.1703516300742012,0.0010503699643952366,S230518h,88,1.1703516300742012
1486,312.8971962616822,-67.9245283018868,314.69066862733337,-67.45705648255577,314.76266572595415,-68.37165611948272,311.0317267974103,-68.37165611948272,311.10372389603106,-67.45705648255577,1.1629591264550034,0.0010437353226655573,S230518h,1486,1.1629591264550034
9116,100.5,-31.41509433962264,101.30166447824867,-30.95508740741601,101.30952173751069,-31.870062836593032,99.69047826248932,-31.87006283659303,99.69833552175135,-30.95508740741601,1.1366656793583718,0.0010201374172318152,S230518h,9116,1.1366656793583718
15523,328.5818181818182,-11.037735849056604,329.281185155642,-10.579432530195424,329.28336715522136,-11.494430023897554,327.8802692084151,-11.494430023897555,327.88245120799445,-10.579432530195424,1.118582861723128,0.0010039084070543418,S230518h,15523,1.118582861723128
15799,328.69565217391306,-10.18867924528301,329.3931652916928,-9.730439007282733,329.39517012882595,-10.645436879666907,327.9961342190001,-10.645436879666905,327.99813905613325,-9.730439007282731,1.1115500733405246,0.0009975966034107087,S230518h,15799,1.1115500733405246
11355,106.45914396887159,-23.77358490566037,107.20775047680468,-23.314274368161644,107.21303518294945,-24.229261586963453,105.70525275479372,-24.229261586963453,105.7105374609385,-23.314274368161644,1.087854485617432,0.0009763302309859947,S230518h,11355,1.087854485617432
20901,77.6978417266187,5.943396226415093,78.38963193669535,6.4004664701230585,78.38848276729811,5.485467184005647,77.00720068593931,5.485467184005648,77.00605151654207,6.400466470123059,1.0875272896831292,0.0009760365784007097,S230518h,20901,1.0875272896831292
19795,90.3225806451613,2.5471698113207557,91.01100505768188,3.0044862575390323,91.01051615691381,2.089486387892505,89.63464513340878,2.0894863878925047,89.6341562326407,3.004486257539032,1.0834700056538986,0.0009723952374807556,S230518h,19795,1.0834700056538986
127,278.7096774193549,-84.05660377358491,284.85287369471513,-83.5624109828508,285.8637917099777,-84.47135848394804,271.55556312873205,-84.47135848394804,272.5664811439946,-83.5624109828508,1.0578081375232011,0.0009493641630394382,S230518h,127,1.0578081375232011
21934,337.9061371841155,8.49056603773585,338.60208437581423,8.947449563962477,338.6004272149674,8.03245103186768,337.21184715326365,8.032451031867678,337.2101899924167,8.947449563962477,0.9653232281229107,0.000866360586594878,S230518h,21934,0.9653232281229107
26040,60.92307692307692,22.07547169811321,61.66736940458499,22.531293481595384,61.66256450510148,21.616304315504323,60.18358934105235,21.616304315504323,60.178784441568844,22.531293481595387,0.9433805871905447,0.0008466674530249222,S230518h,26040,0.9433805871905447
8184,112.20779220779221,-34.811320754716974,113.04050606523889,-34.350968719977146,113.04980364492366,-35.26593687589358,111.36578077066079,-35.26593687589359,111.37507835034555,-34.350968719977146,0.9256521342771882,0.0008307564789408306,S230518h,8184,0.9256521342771882
26811,56.470588235294116,24.62264150943398,57.2296244179618,25.078244194379334,57.224089291336455,24.16325803009166,55.71708717925176,24.16325803009166,55.711552052626416,25.078244194379334,0.9218456997308956,0.0008273402710114165,S230518h,26811,0.9218456997308956
26818,66.3529411764706,24.62264150943398,67.1119773591383,25.078244194379334,67.10644223251293,24.163258030091665,65.59944012042824,24.163258030091665,65.5939049938029,25.078244194379334,0.8910752997911262,0.0007997243792925204,S230518h,26818,0.8910752997911262
298,330.0,-80.66037735849056,334.03368901980923,-80.17898843380384,334.44381529751263,-81.09155728932656,325.55618470248726,-81.09155728932656,325.96631098019066,-80.17898843380384,0.8773887545158074,0.0007874409460882458,S230518h,298,0.8773887545158074
1175,303.75,-70.47169811320755,305.7606884910646,-70.00282786643592,305.85323544389706,-70.91730442677543,301.6467645561029,-70.91730442677544,301.7393115089354,-70.00282786643592,0.8722690272252076,0.000782846081063279,S230518h,1175,0.8722690272252076
11093,97.41176470588236,-24.622641509433965,98.16526576192472,-24.163258030091654,98.17080088855006,-25.07824419437932,96.65272852321468,-25.07824419437932,96.65826364984002,-24.16325803009165,0.8692818177762999,0.0007801651132226214,S230518h,11093,0.8692818177762999
946,130.9090909090909,-72.16981132075472,133.09902196910764,-71.69980251664518,133.2104138683682,-72.61416610681106,128.60776794981362,-72.61416610681106,128.71915984907415,-71.69980251664518,0.8486620256676514,0.0007616592131610944,S230518h,946,0.8486620256676514
28061,46.829268292682926,28.867924528301884,47.617782710158,29.323140579709964,47.61087117894915,28.40816059901167,46.04766540641669,28.408160599011673,46.04075387520785,29.323140579709964,0.8392158161278779,0.0007531814065575074,S230518h,28061,0.8392158161278779
7955,112.10526315789474,-35.660377358490564,112.94658975805157,-35.19993473001254,112.95628531118399,-36.114900818781194,111.25424100460549,-36.114900818781194,111.2639365577379,-35.19993473001254,0.8362215202881869,0.000750494078805996,S230518h,7955,0.8362215202881869
773,103.5,-73.86792452830188,105.90655587391609,-73.39655303540636,106.04303861737472,-74.31076612063245,100.9569613826253,-74.31076612063245,101.09344412608391,-73.39655303540636,0.7584926379873613,0.0006807337766567835,S230518h,773,0.7584926379873613
17283,95.48387096774194,-5.094339622641511,96.17360623073591,-4.6364721794291,96.1745888843232,-5.551471655945463,94.79315305116067,-5.551471655945462,94.79413570474796,-4.6364721794291,0.712219407217961,0.0006392043674546738,S230518h,17283,0.712219407217961
