#id,ra,dec,ra1,dec1,ra2,dec2,ra3,dec3,ra4,dec4,sum_p3d,nor_sum_p3d,obj,note,weight
9290,95.89706326797557,-12.387899999999973,95.45231326797557,-12.832649999999974,95.45231326797557,-11.943149999999973,96.34181326797557,-11.943149999999973,96.34181326797557,-12.832649999999974,841.578638257269,1.0,S230518h,9290,841.578638257269
8415,96.52713695654802,-13.988999999999976,96.08238695654802,-14.433749999999977,96.08238695654802,-13.544249999999975,96.97188695654802,-13.544249999999975,96.97188695654802,-14.433749999999977,840.1058848812467,0.9982500109804687,S230518h,8415,840.1058848812467
7114,97.63211560641966,-16.39064999999998,97.18736560641966,-16.83539999999998,97.18736560641966,-15.945899999999979,98.07686560641966,-15.945899999999979,98.07686560641966,-16.83539999999998,836.4517776134754,0.9939080432763715,S230518h,7114,836.4517776134754
8852,96.20167738723688,-13.188449999999975,95.75692738723689,-13.633199999999976,95.75692738723689,-12.743699999999974,96.64642738723688,-12.743699999999974,96.64642738723688,-13.633199999999976,829.7838100698169,0.9859848769309585,S230518h,8852,829.7838100698169
10612,94.29238649250453,-9.98624999999997,93.84763649250453,-10.43099999999997,93.84763649250453,-9.541499999999969,94.73713649250453,-9.541499999999969,94.73713649250453,-10.43099999999997,800.1397985782875,0.9507605851726554,S230518h,10612,800.1397985782875
7546,97.24197781368468,-15.590099999999978,96.79722781368469,-16.034849999999977,96.79722781368469,-15.145349999999977,97.68672781368468,-15.145349999999977,97.68672781368468,-16.034849999999977,793.0486757871042,0.9423346075291787,S230518h,7546,793.0486757871042
7980,96.87378203295502,-14.789549999999977,96.42903203295502,-15.234299999999978,96.42903203295502,-14.344799999999976,97.31853203295502,-14.344799999999976,97.31853203295502,-15.234299999999978,776.9461679471708,0.9232009138873364,S230518h,7980,776.9461679471708
10170,94.5341817241857,-10.786799999999971,94.0894317241857,-11.231549999999972,94.0894317241857,-10.34204999999997,94.9789317241857,-10.34204999999997,94.9789317241857,-11.231549999999972,764.0337710754068,0.9078578475536865,S230518h,10170,764.0337710754068
9730,95.61297878883072,-11.587349999999972,95.16822878883072,-12.032099999999973,95.16822878883072,-11.142599999999971,96.05772878883072,-11.142599999999971,96.05772878883072,-12.032099999999973,758.5398158791426,0.9013296932654064,S230518h,9730,758.5398158791426
6256,98.47991941306331,-17.991749999999982,98.03516941306331,-18.43649999999998,98.03516941306331,-17.546999999999983,98.92466941306331,-17.546999999999983,98.92466941306331,-18.43649999999998,743.8755372254187,0.8839049655131781,S230518h,6256,743.8755372254187
11055,94.07014254442066,-9.185699999999969,93.62539254442066,-9.63044999999997,93.62539254442066,-8.740949999999968,94.51489254442066,-8.740949999999968,94.51489254442066,-9.63044999999997,737.690480283934,0.8765556143529672,S230518h,11055,737.690480283934
6684,98.04461388172427,-17.19119999999998,97.59986388172427,-17.63594999999998,97.59986388172427,-16.74644999999998,98.48936388172427,-16.74644999999998,98.48936388172427,-17.63594999999998,728.6099761739877,0.8657657681078794,S230518h,6684,728.6099761739877
11943,92.87581564319217,-7.584599999999966,92.43106564319217,-8.029349999999967,92.43106564319217,-7.139849999999966,93.32056564319217,-7.139849999999966,93.32056564319217,-8.029349999999967,709.9258458130887,0.843564479349422,S230518h,11943,709.9258458130887
5830,98.93850851040365,-18.792299999999983,98.49375851040365,-19.237049999999982,98.49375851040365,-18.347549999999984,99.38325851040365,-18.347549999999984,99.38325851040365,-19.237049999999982,707.5562017036541,0.8407487661151346,S230518h,5830,707.5562017036541
11498,93.05802523875045,-8.385149999999967,92.61327523875045,-8.829899999999968,92.61327523875045,-7.9403999999999675,93.50277523875044,-7.9403999999999675,93.50277523875044,-8.829899999999968,696.7203951772474,0.8278731939061663,S230518h,11498,696.7203951772474
5406,99.42088835398533,-19.592849999999984,98.97613835398533,-20.037599999999983,98.97613835398533,-19.148099999999985,99.86563835398533,-19.148099999999985,99.86563835398533,-20.037599999999983,688.7624557901952,0.8184172274339999,S230518h,5406,688.7624557901952
4984,99.92759843550712,-20.393399999999986,99.48284843550712,-20.838149999999985,99.48284843550712,-19.948649999999986,100.37234843550712,-19.948649999999986,100.37234843550712,-20.838149999999985,666.9500882545204,0.7924988324746844,S230518h,4984,666.9500882545204
9729,94.79577384191762,-11.587349999999972,94.35102384191762,-12.032099999999973,94.35102384191762,-11.142599999999971,95.24052384191762,-11.142599999999971,95.24052384191762,-12.032099999999973,640.4598612361617,0.7610220033179768,S230518h,9729,640.4598612361617
11499,93.86722545821785,-8.385149999999967,93.42247545821785,-8.829899999999968,93.42247545821785,-7.9403999999999675,94.31197545821784,-7.9403999999999675,94.31197545821784,-8.829899999999968,636.1941430971212,0.7559532932234884,S230518h,11499,636.1941430971212
10171,95.34913156663558,-10.786799999999971,94.90438156663558,-11.231549999999972,94.90438156663558,-10.34204999999997,95.79388156663558,-10.34204999999997,95.79388156663558,-11.231549999999972,612.3266392022729,0.7275928966902863,S230518h,10171,612.3266392022729
9289,95.07743024859116,-12.387899999999973,94.63268024859116,-12.832649999999974,94.63268024859116,-11.943149999999973,95.52218024859116,-11.943149999999973,95.52218024859116,-12.832649999999974,587.3025088238016,0.6978581467324084,S230518h,9289,587.3025088238016
7547,98.07310582918626,-15.590099999999978,97.62835582918626,-16.034849999999977,97.62835582918626,-15.145349999999977,98.51785582918626,-15.145349999999977,98.51785582918626,-16.034849999999977,567.1597818776884,0.673923690663247,S230518h,7547,567.1597818776884
11054,93.25919303972738,-9.185699999999969,92.81444303972738,-9.63044999999997,92.81444303972738,-8.740949999999968,93.70394303972738,-8.740949999999968,93.70394303972738,-9.63044999999997,548.0387375088011,0.6512032418547044,S230518h,11054,548.0387375088011
6257,99.32162812599547,-17.991749999999982,98.87687812599547,-18.43649999999998,98.87687812599547,-17.546999999999983,99.76637812599547,-17.546999999999983,99.76637812599547,-18.43649999999998,527.6073838663161,0.6269258271085388,S230518h,6257,527.6073838663161
7115,98.46657813297026,-16.39064999999998,98.02182813297026,-16.83539999999998,98.02182813297026,-15.945899999999979,98.91132813297025,-15.945899999999979,98.91132813297025,-16.83539999999998,527.2037003817665,0.6264461529982435,S230518h,7115,527.2037003817665
6685,98.88260203455953,-17.19119999999998,98.43785203455953,-17.63594999999998,98.43785203455953,-16.74644999999998,99.32735203455952,-16.74644999999998,99.32735203455952,-17.63594999999998,517.2910911855593,0.6146675636358351,S230518h,6685,517.2910911855593
12389,92.71238214729294,-6.784049999999965,92.26763214729294,-7.228799999999965,92.26763214729294,-6.339299999999965,93.15713214729294,-6.339299999999965,93.15713214729294,-7.228799999999965,514.6131461214874,0.6114855139231459,S230518h,12389,514.6131461214874
4564,100.45921211469178,-21.193949999999987,100.01446211469178,-21.638699999999986,100.01446211469178,-20.749199999999988,100.90396211469178,-20.749199999999988,100.90396211469178,-21.638699999999986,513.2723498201016,0.609892321985477,S230518h,4564,513.2723498201016
8851,95.3794408283716,-13.188449999999975,94.9346908283716,-13.633199999999976,94.9346908283716,-12.743699999999974,95.8241908283716,-12.743699999999974,95.8241908283716,-13.633199999999976,492.87410399305975,0.5856542473721738,S230518h,8851,492.87410399305975
10613,95.10525189330198,-9.98624999999997,94.66050189330198,-10.43099999999997,94.66050189330198,-9.541499999999969,95.55000189330198,-9.541499999999969,95.55000189330198,-10.43099999999997,470.6851527875506,0.559288379470087,S230518h,10613,470.6851527875506
7981,97.70176307597174,-14.789549999999977,97.25701307597174,-15.234299999999978,97.25701307597174,-14.344799999999976,98.14651307597174,-14.344799999999976,98.14651307597174,-15.234299999999978,454.66265420862146,0.5402497562796169,S230518h,7981,454.66265420862146
8414,95.70211869196213,-13.988999999999976,95.25736869196213,-14.433749999999977,95.25736869196213,-13.544249999999975,96.14686869196213,-13.544249999999975,96.14686869196213,-14.433749999999977,447.07425766136924,0.5312328965325989,S230518h,8414,447.07425766136924
12388,91.90618751992518,-6.784049999999965,91.46143751992518,-7.228799999999965,91.46143751992518,-6.339299999999965,92.35093751992518,-6.339299999999965,92.35093751992518,-7.228799999999965,442.5965647993726,0.5259123089387063,S230518h,12388,442.5965647993726
8416,97.3521552211339,-13.988999999999976,96.9074052211339,-14.433749999999977,96.9074052211339,-13.544249999999975,97.7969052211339,-13.544249999999975,97.7969052211339,-14.433749999999977,435.72928820396214,0.5177523149901537,S230518h,8416,435.72928820396214
8853,97.02391394610216,-13.188449999999975,96.57916394610216,-13.633199999999976,96.57916394610216,-12.743699999999974,97.46866394610215,-12.743699999999974,97.46866394610215,-13.633199999999976,430.7674307470006,0.5118564221627924,S230518h,8853,430.7674307470006
12835,91.7626268132542,-5.983499999999964,91.3178768132542,-6.428249999999964,91.3178768132542,-5.538749999999964,92.2073768132542,-5.538749999999964,92.2073768132542,-6.428249999999964,404.65569826624704,0.4808293365242769,S230518h,12835,404.65569826624704
10611,93.47952109170707,-9.98624999999997,93.03477109170707,-10.43099999999997,93.03477109170707,-9.541499999999969,93.92427109170707,-9.541499999999969,93.92427109170707,-10.43099999999997,387.0804273985057,0.45994564239423574,S230518h,10611,387.0804273985057
11944,93.68343143139384,-7.584599999999966,93.23868143139384,-8.029349999999967,93.23868143139384,-7.139849999999966,94.12818143139384,-7.139849999999966,94.12818143139384,-8.029349999999967,360.6878334357398,0.4285848250410061,S230518h,11944,360.6878334357398
5831,99.78413678827035,-18.792299999999983,99.33938678827035,-19.237049999999982,99.33938678827035,-18.347549999999984,100.22888678827034,-18.347549999999984,100.22888678827034,-19.237049999999982,357.78813634888473,0.42513928001997314,S230518h,5831,357.78813634888473
4563,99.60058637012176,-21.193949999999987,99.15583637012176,-21.638699999999986,99.15583637012176,-20.749199999999988,100.04533637012176,-20.749199999999988,100.04533637012176,-21.638699999999986,322.74724208980956,0.3835021796158595,S230518h,4563,322.74724208980956
7545,96.4108497981831,-15.590099999999978,95.9660997981831,-16.034849999999977,95.9660997981831,-15.145349999999977,96.85559979818309,-15.145349999999977,96.85559979818309,-16.034849999999977,321.810225103549,0.38238877565850504,S230518h,7545,321.810225103549
5407,100.27063953649804,-19.592849999999984,99.82588953649804,-20.037599999999983,99.82588953649804,-19.148099999999985,100.71538953649804,-19.148099999999985,100.71538953649804,-20.037599999999983,315.5579048893825,0.3749594993794472,S230518h,5407,315.5579048893825
6683,97.20662572888902,-17.19119999999998,96.76187572888902,-17.63594999999998,96.76187572888902,-16.74644999999998,97.65137572888902,-16.74644999999998,97.65137572888902,-17.63594999999998,308.6270739326813,0.36672398740037243,S230518h,6683,308.6270739326813
7113,96.79765307986906,-16.39064999999998,96.35290307986907,-16.83539999999998,96.35290307986907,-15.945899999999979,97.24240307986906,-15.945899999999979,97.24240307986906,-16.83539999999998,302.9681374347034,0.35999979522066555,S230518h,7113,302.9681374347034
11942,92.0681998549905,-7.584599999999966,91.6234498549905,-8.029349999999967,91.6234498549905,-7.139849999999966,92.5129498549905,-7.139849999999966,92.5129498549905,-8.029349999999967,301.99703341997383,0.3588458875873391,S230518h,11942,301.99703341997383
7979,96.04580098993831,-14.789549999999977,95.60105098993832,-15.234299999999978,95.60105098993832,-14.344799999999976,96.49055098993831,-14.344799999999976,96.49055098993831,-15.234299999999978,293.14023687360805,0.34832186030843104,S230518h,7979,293.14023687360805
4983,99.0735163975968,-20.393399999999986,98.6287663975968,-20.838149999999985,98.6287663975968,-19.948649999999986,99.5182663975968,-19.948649999999986,99.5182663975968,-20.838149999999985,291.65943664546495,0.3465623096724863,S230518h,4983,291.65943664546495
9291,96.71669628735998,-12.387899999999973,96.27194628735998,-12.832649999999974,96.27194628735998,-11.943149999999973,97.16144628735998,-11.943149999999973,97.16144628735998,-12.832649999999974,290.8153414281518,0.34555931936481743,S230518h,9291,290.8153414281518
6255,97.63821070013115,-17.991749999999982,97.19346070013115,-18.43649999999998,97.19346070013115,-17.546999999999983,98.08296070013115,-17.546999999999983,98.08296070013115,-18.43649999999998,286.93172834553155,0.34094464296254756,S230518h,6255,286.93172834553155
4146,100.1529507931564,-21.994499999999988,99.70820079315641,-22.439249999999987,99.70820079315641,-21.54974999999999,100.5977007931564,-21.54974999999999,100.5977007931564,-22.439249999999987,286.6408770770705,0.34059904095313426,S230518h,4146,286.6408770770705
10169,93.71923188173582,-10.786799999999971,93.27448188173582,-11.231549999999972,93.27448188173582,-10.34204999999997,94.16398188173582,-10.34204999999997,94.16398188173582,-11.231549999999972,283.41636193635895,0.3367675331247169,S230518h,10169,283.41636193635895
5829,98.09288023253694,-18.792299999999983,97.64813023253694,-19.237049999999982,97.64813023253694,-18.347549999999984,98.53763023253694,-18.347549999999984,98.53763023253694,-19.237049999999982,281.68623145257726,0.3347117175358559,S230518h,5829,281.68623145257726
12836,92.56756213617749,-5.983499999999964,92.12281213617749,-6.428249999999964,92.12281213617749,-5.538749999999964,93.01231213617748,-5.538749999999964,93.01231213617748,-6.428249999999964,272.93080106203297,0.3243081378909698,S230518h,12836,272.93080106203297
11056,94.88109204911395,-9.185699999999969,94.43634204911395,-9.63044999999997,94.43634204911395,-8.740949999999968,95.32584204911394,-8.740949999999968,95.32584204911394,-9.63044999999997,245.06628555211333,0.29119831993311246,S230518h,11056,245.06628555211333
5405,98.57113717147264,-19.592849999999984,98.12638717147264,-20.037599999999983,98.12638717147264,-19.148099999999985,99.01588717147264,-19.148099999999985,99.01588717147264,-20.037599999999983,240.8673712060938,0.28620898898393987,S230518h,5405,240.8673712060938
11497,92.24882501928305,-8.385149999999967,91.80407501928305,-8.829899999999968,91.80407501928305,-7.9403999999999675,92.69357501928305,-7.9403999999999675,92.69357501928305,-8.829899999999968,225.73890787179906,0.2682326969934224,S230518h,11497,225.73890787179906
9731,96.4301837357438,-11.587349999999972,95.9854337357438,-12.032099999999973,95.9854337357438,-11.142599999999971,96.8749337357438,-11.142599999999971,96.8749337357438,-12.032099999999973,213.891344122201,0.25415491125716383,S230518h,9731,213.891344122201
4147,101.01633829999396,-21.994499999999988,100.57158829999396,-22.439249999999987,100.57158829999396,-21.54974999999999,101.46108829999396,-21.54974999999999,101.46108829999396,-22.439249999999987,212.70702945789463,0.2527476575431689,S230518h,4147,212.70702945789463
14178,89.83709056109147,-3.5818499999999602,89.39234056109147,-4.02659999999996,89.39234056109147,-3.1370999999999603,90.28184056109147,-3.1370999999999603,90.28184056109147,-4.02659999999996,210.2909193119287,0.24987673136214178,S230518h,14178,210.2909193119287
4985,100.78168047341744,-20.393399999999986,100.33693047341744,-20.838149999999985,100.33693047341744,-19.948649999999986,101.22643047341744,-19.948649999999986,101.22643047341744,-20.838149999999985,208.13676027597265,0.2473170667770035,S230518h,4985,208.13676027597265
3731,100.73125041468744,-22.79504999999999,100.28650041468744,-23.23979999999999,100.28650041468744,-22.35029999999999,101.17600041468744,-22.35029999999999,101.17600041468744,-23.23979999999999,201.63260059717433,0.23958854399478666,S230518h,3731,201.63260059717433
2908,101.96841527215236,-24.39614999999999,101.52366527215236,-24.84089999999999,101.52366527215236,-23.951399999999992,102.41316527215236,-23.951399999999992,102.41316527215236,-24.84089999999999,201.24753636599905,0.23913099408361893,S230518h,2908,201.24753636599905
14179,90.6392074411012,-3.5818499999999602,90.1944574411012,-4.02659999999996,90.1944574411012,-3.1370999999999603,91.0839574411012,-3.1370999999999603,91.0839574411012,-4.02659999999996,196.84265173757538,0.23389692037002605,S230518h,14179,196.84265173757538
3732,101.59962326308991,-22.79504999999999,101.15487326308991,-23.23979999999999,101.15487326308991,-22.35029999999999,102.04437326308991,-22.35029999999999,102.04437326308991,-23.23979999999999,196.42209092622986,0.23339719189281988,S230518h,3732,196.42209092622986
12390,93.5185767746607,-6.784049999999965,93.0738267746607,-7.228799999999965,93.0738267746607,-6.339299999999965,93.9633267746607,-6.339299999999965,93.9633267746607,-7.228799999999965,196.0367826626673,0.2329393520118547,S230518h,12390,196.0367826626673
9728,93.97856889500454,-11.587349999999972,93.53381889500454,-12.032099999999973,93.53381889500454,-11.142599999999971,94.42331889500454,-11.142599999999971,94.42331889500454,-12.032099999999973,194.98718449812148,0.23169217424755295,S230518h,9728,194.98718449812148
12834,90.95769149033093,-5.983499999999964,90.51294149033093,-6.428249999999964,90.51294149033093,-5.538749999999964,91.40244149033093,-5.538749999999964,91.40244149033093,-6.428249999999964,191.6879987080871,0.22777193953619393,S230518h,12834,191.6879987080871
3318,101.33616496871849,-23.59559999999999,100.8914149687185,-24.04034999999999,100.8914149687185,-23.15084999999999,101.78091496871849,-23.15084999999999,101.78091496871849,-24.04034999999999,183.4224378000375,0.21795044391795224,S230518h,3318,183.4224378000375
13283,91.6373754606821,-5.182949999999963,91.1926254606821,-5.627699999999963,91.1926254606821,-4.738199999999963,92.0821254606821,-4.738199999999963,92.0821254606821,-5.627699999999963,181.80538802963832,0.21602899570516518,S230518h,13283,181.80538802963832
13730,90.72741231384488,-4.382399999999961,90.28266231384488,-4.827149999999961,90.28266231384488,-3.9376499999999615,91.17216231384488,-3.9376499999999615,91.17216231384488,-4.827149999999961,181.78509652073544,0.21600488445996427,S230518h,13730,181.78509652073544
11500,94.67642567768523,-8.385149999999967,94.23167567768523,-8.829899999999968,94.23167567768523,-7.9403999999999675,95.12117567768523,-7.9403999999999675,95.12117567768523,-8.829899999999968,179.89550187788987,0.2137595866862963,S230518h,11500,179.89550187788987
15975,88.06243321715374,-0.3796499999999554,87.61768321715374,-0.8243999999999554,87.61768321715374,0.06510000000004462,88.50718321715374,0.06510000000004462,88.50718321715374,-0.8243999999999554,179.55919232718534,0.21335996918721034,S230518h,15975,179.55919232718534
13282,90.83353883383401,-5.182949999999963,90.38878883383401,-5.627699999999963,90.38878883383401,-4.738199999999963,91.27828883383401,-4.738199999999963,91.27828883383401,-5.627699999999963,177.89240448245636,0.2113794200513856,S230518h,13282,177.89240448245636
10172,96.16408140908544,-10.786799999999971,95.71933140908544,-11.231549999999972,95.71933140908544,-10.34204999999997,96.60883140908544,-10.34204999999997,96.60883140908544,-11.231549999999972,174.10452550290887,0.2068784990353872,S230518h,10172,174.10452550290887
15525,88.07918503398074,-1.1801999999999566,87.63443503398074,-1.6249499999999566,87.63443503398074,-0.7354499999999566,88.52393503398073,-0.7354499999999566,88.52393503398073,-1.6249499999999566,172.13550678814514,0.20453882615723387,S230518h,15525,172.13550678814514
2907,101.08937720946139,-24.39614999999999,100.64462720946139,-24.84089999999999,100.64462720946139,-23.951399999999992,101.53412720946139,-23.951399999999992,101.53412720946139,-24.84089999999999,171.90702262022222,0.20426733142395967,S230518h,2907,171.90702262022222
11053,92.4482435350341,-9.185699999999969,92.0034935350341,-9.63044999999997,92.0034935350341,-8.740949999999968,92.8929935350341,-8.740949999999968,92.8929935350341,-9.63044999999997,171.4297263150994,0.20370018738842283,S230518h,11053,171.4297263150994
14627,89.76734345622445,-2.781299999999959,89.32259345622445,-3.226049999999959,89.32259345622445,-2.336549999999959,90.21209345622445,-2.336549999999959,90.21209345622445,-3.226049999999959,170.30393959098149,0.20236247909481742,S230518h,14627,170.30393959098149
2500,101.74403475220602,-25.196699999999993,101.29928475220602,-25.641449999999992,101.29928475220602,-24.751949999999994,102.18878475220602,-24.751949999999994,102.18878475220602,-25.641449999999992,168.19096135950159,0.1998517473159602,S230518h,2500,168.19096135950159
2501,102.62876548918172,-25.196699999999993,102.18401548918172,-25.641449999999992,102.18401548918172,-24.751949999999994,103.07351548918172,-24.751949999999994,103.07351548918172,-25.641449999999992,167.3271134059623,0.1988252859559997,S230518h,2501,167.3271134059623
13731,91.5303097679497,-4.382399999999961,91.0855597679497,-4.827149999999961,91.0855597679497,-3.9376499999999615,91.9750597679497,-3.9376499999999615,91.9750597679497,-4.827149999999961,166.5928775776289,0.19795283530794872,S230518h,13731,166.5928775776289
2095,102.42735294298006,-25.997249999999994,101.98260294298007,-26.441999999999993,101.98260294298007,-25.552499999999995,102.87210294298006,-25.552499999999995,102.87210294298006,-26.441999999999993,161.5562786331493,0.1919681314246499,S230518h,2095,161.5562786331493
15076,88.91417657593745,-1.9807499999999578,88.46942657593745,-2.425499999999958,88.46942657593745,-1.5359999999999578,89.35892657593745,-1.5359999999999578,89.35892657593745,-2.425499999999958,161.20603581445874,0.19155195781618495,S230518h,15076,161.20603581445874
3319,102.20975259775916,-23.59559999999999,101.76500259775916,-24.04034999999999,101.76500259775916,-23.15084999999999,102.65450259775916,-23.15084999999999,102.65450259775916,-24.04034999999999,158.4992864495454,0.18833568159211342,S230518h,3319,158.4992864495454
16425,88.06287614808733,0.4209000000000458,87.61812614808733,-0.02384999999995424,87.61812614808733,0.8656500000000458,88.50762614808733,0.8656500000000458,88.50762614808733,-0.02384999999995424,157.8544840258759,0.1875694995689994,S230518h,16425,157.8544840258759
13729,89.92451485974006,-4.382399999999961,89.47976485974006,-4.827149999999961,89.47976485974006,-3.9376499999999615,90.36926485974006,-3.9376499999999615,90.36926485974006,-4.827149999999961,157.53265910016714,0.18718709332544833,S230518h,13729,157.53265910016714
14626,88.96584931822245,-2.781299999999959,88.52109931822245,-3.226049999999959,88.52109931822245,-2.336549999999959,89.41059931822245,-2.336549999999959,89.41059931822245,-3.226049999999959,157.1276629729851,0.18670585947661789,S230518h,14626,157.1276629729851
15077,89.71520519373868,-1.9807499999999578,89.27045519373868,-2.425499999999958,89.27045519373868,-1.5359999999999578,90.15995519373868,-1.5359999999999578,90.15995519373868,-2.425499999999958,156.58222389224852,0.18605774525895422,S230518h,15077,156.58222389224852
15526,88.87990489792601,-1.1801999999999566,88.43515489792601,-1.6249499999999566,88.43515489792601,-0.7354499999999566,89.32465489792601,-0.7354499999999566,89.32465489792601,-1.6249499999999566,155.87114015761222,0.1852128049262138,S230518h,15526,155.87114015761222
14177,89.03497368108172,-3.5818499999999602,88.59022368108172,-4.02659999999996,88.59022368108172,-3.1370999999999603,89.47972368108172,-3.1370999999999603,89.47972368108172,-4.02659999999996,155.63397672492573,0.18493099711657454,S230518h,14177,155.63397672492573
3317,100.46257733967782,-23.59559999999999,100.01782733967782,-24.04034999999999,100.01782733967782,-23.15084999999999,100.90732733967782,-23.15084999999999,100.90732733967782,-24.04034999999999,155.1075551830135,0.1843054803579715,S230518h,3317,155.1075551830135
8850,94.55720426950633,-13.188449999999975,94.11245426950633,-13.633199999999976,94.11245426950633,-12.743699999999974,95.00195426950633,-12.743699999999974,95.00195426950633,-13.633199999999976,153.94069600617794,0.18291896800631313,S230518h,8850,153.94069600617794
897,103.74796876273767,-28.398899999999998,103.30321876273767,-28.843649999999997,103.30321876273767,-27.95415,104.19271876273767,-27.95415,104.19271876273767,-28.843649999999997,153.78694188832333,0.1827362707385058,S230518h,897,153.78694188832333
12387,91.09999289255741,-6.784049999999965,90.65524289255741,-7.228799999999965,90.65524289255741,-6.339299999999965,91.54474289255741,-6.339299999999965,91.54474289255741,-7.228799999999965,151.9320866636418,0.18053225183835578,S230518h,12387,151.9320866636418
2096,103.31802557726685,-25.997249999999994,102.87327557726685,-26.441999999999993,102.87327557726685,-25.552499999999995,103.76277557726685,-25.552499999999995,103.76277557726685,-26.441999999999993,150.40428322501793,0.17871684996243886,S230518h,2096,150.40428322501793
4565,101.31783785926179,-21.193949999999987,100.87308785926179,-21.638699999999986,100.87308785926179,-20.749199999999988,101.76258785926179,-20.749199999999988,101.76258785926179,-21.638699999999986,150.10549295146606,0.17836181448509997,S230518h,4565,150.10549295146606
3730,99.86287756628495,-22.79504999999999,99.41812756628495,-23.23979999999999,99.41812756628495,-22.35029999999999,100.30762756628495,-22.35029999999999,100.30762756628495,-23.23979999999999,149.7704475137045,0.1779636990594811,S230518h,3730,149.7704475137045
13284,92.44121208753018,-5.182949999999963,91.99646208753018,-5.627699999999963,91.99646208753018,-4.738199999999963,92.88596208753017,-4.738199999999963,92.88596208753017,-5.627699999999963,149.6589134088699,0.17783116943032418,S230518h,13284,149.6589134088699
9288,94.25779722920676,-12.387899999999973,93.81304722920676,-12.832649999999974,93.81304722920676,-11.943149999999973,94.70254722920676,-11.943149999999973,94.70254722920676,-12.832649999999974,149.1698174625446,0.17725000455268644,S230518h,9288,149.1698174625446
14180,91.44132432111095,-3.5818499999999602,90.99657432111096,-4.02659999999996,90.99657432111096,-3.1370999999999603,91.88607432111095,-3.1370999999999603,91.88607432111095,-4.02659999999996,149.10822698425665,0.17717682009256816,S230518h,14180,149.10822698425665
16873,86.47905036362225,1.221450000000047,86.03430036362225,0.776700000000047,86.03430036362225,1.666200000000047,86.92380036362225,1.666200000000047,86.92380036362225,0.776700000000047,148.2855934307369,0.17619933145856095,S230518h,16873,148.2855934307369
2909,102.84745333484332,-24.39614999999999,102.40270333484332,-24.84089999999999,102.40270333484332,-23.951399999999992,103.29220333484332,-23.951399999999992,103.29220333484332,-24.84089999999999,147.2178913978749,0.17493064189786464,S230518h,2909,147.2178913978749
14628,90.56883759422647,-2.781299999999959,90.12408759422647,-3.226049999999959,90.12408759422647,-2.336549999999959,91.01358759422646,-2.336549999999959,91.01358759422646,-3.226049999999959,146.95489007095463,0.1746181323889911,S230518h,14628,146.95489007095463
1294,103.88342609571706,-27.598349999999996,103.43867609571706,-28.043099999999995,103.43867609571706,-27.153599999999997,104.32817609571705,-27.153599999999997,104.32817609571705,-28.043099999999995,146.9177301981443,0.17457397742696965,S230518h,1294,146.9177301981443
16424,87.26230454674108,0.4209000000000458,86.81755454674108,-0.02384999999995424,86.81755454674108,0.8656500000000458,87.70705454674108,0.8656500000000458,87.70705454674108,-0.02384999999995424,144.85367183137316,0.17212137433922328,S230518h,16424,144.85367183137316
13281,90.02970220698592,-5.182949999999963,89.58495220698592,-5.627699999999963,89.58495220698592,-4.738199999999963,90.47445220698592,-4.738199999999963,90.47445220698592,-5.627699999999963,143.88929675080962,0.17097546231540983,S230518h,13281,143.88929675080962
2094,101.53668030869329,-25.997249999999994,101.09193030869329,-26.441999999999993,101.09193030869329,-25.552499999999995,101.98143030869329,-25.552499999999995,101.98143030869329,-26.441999999999993,139.9889112803086,0.16634085623916972,S230518h,2094,139.9889112803086
1693,103.14018277566613,-26.797799999999995,102.69543277566613,-27.242549999999994,102.69543277566613,-26.353049999999996,103.58493277566613,-26.353049999999996,103.58493277566613,-27.242549999999994,139.4700658258345,0.1657243417140999,S230518h,1693,139.4700658258345
896,102.83789886131015,-28.398899999999998,102.39314886131015,-28.843649999999997,102.39314886131015,-27.95415,103.28264886131015,-27.95415,103.28264886131015,-28.843649999999997,139.28132720570048,0.16550007435326852,S230518h,896,139.28132720570048
4148,101.87972580683152,-21.994499999999988,101.43497580683152,-22.439249999999987,101.43497580683152,-21.54974999999999,102.32447580683152,-21.54974999999999,102.32447580683152,-22.439249999999987,138.27566975638788,0.16430510884012872,S230518h,4148,138.27566975638788
15078,90.51623381153992,-1.9807499999999578,90.07148381153992,-2.425499999999958,90.07148381153992,-1.5359999999999578,90.96098381153992,-1.5359999999999578,90.96098381153992,-2.425499999999958,137.93859313765574,0.16390457987776086,S230518h,15078,137.93859313765574
15974,87.26186564245234,-0.3796499999999554,86.81711564245234,-0.8243999999999554,86.81711564245234,0.06510000000004462,87.70661564245233,0.06510000000004462,87.70661564245233,-0.8243999999999554,137.90629120939923,0.1638661973347778,S230518h,15974,137.90629120939923
15075,88.11314795813621,-1.9807499999999578,87.66839795813621,-2.425499999999958,87.66839795813621,-1.5359999999999578,88.55789795813621,-1.5359999999999578,88.55789795813621,-2.425499999999958,137.15906661565998,0.16297831287601044,S230518h,15075,137.15906661565998
15976,88.86300079185513,-0.3796499999999554,88.41825079185513,-0.8243999999999554,88.41825079185513,0.06510000000004462,89.30775079185513,0.06510000000004462,89.30775079185513,-0.8243999999999554,135.8287866382884,0.1613976168876637,S230518h,15976,135.8287866382884
10610,92.66665569090962,-9.98624999999997,92.22190569090962,-10.43099999999997,92.22190569090962,-9.541499999999969,93.11140569090962,-9.541499999999969,93.11140569090962,-10.43099999999997,135.19252966445472,0.16064158893625177,S230518h,10610,135.19252966445472
16874,87.27978231143358,1.221450000000047,86.83503231143358,0.776700000000047,86.83503231143358,1.666200000000047,87.72453231143358,1.666200000000047,87.72453231143358,0.776700000000047,134.63329544339365,0.15997708273844816,S230518h,16874,134.63329544339365
11941,91.26058406678882,-7.584599999999966,90.81583406678882,-8.029349999999967,90.81583406678882,-7.139849999999966,91.70533406678882,-7.139849999999966,91.70533406678882,-8.029349999999967,134.48999486424697,0.1598068068157567,S230518h,11941,134.48999486424697
1293,102.9800919557543,-27.598349999999996,102.5353419557543,-28.043099999999995,102.5353419557543,-27.153599999999997,103.4248419557543,-27.153599999999997,103.4248419557543,-28.043099999999995,134.28036672454397,0.1595577176276838,S230518h,1293,134.28036672454397
7548,98.90423384468784,-15.590099999999978,98.45948384468784,-16.034849999999977,98.45948384468784,-15.145349999999977,99.34898384468784,-15.145349999999977,99.34898384468784,-16.034849999999977,133.59493232777544,0.15874325494337907,S230518h,7548,133.59493232777544
3733,102.46799611149238,-22.79504999999999,102.02324611149238,-23.23979999999999,102.02324611149238,-22.35029999999999,102.91274611149238,-22.35029999999999,102.91274611149238,-23.23979999999999,132.40975855164754,0.15733498039570026,S230518h,3733,132.40975855164754
4145,99.28956328631885,-21.994499999999988,98.84481328631885,-22.439249999999987,98.84481328631885,-21.54974999999999,99.73431328631885,-21.54974999999999,99.73431328631885,-22.439249999999987,132.22689247637223,0.1571176910457068,S230518h,4145,132.22689247637223
17323,86.5132672347673,2.022000000000048,86.0685172347673,1.5772500000000482,86.0685172347673,2.466750000000048,86.9580172347673,2.466750000000048,86.9580172347673,1.5772500000000482,131.1666194224245,0.15585782891785702,S230518h,17323,131.1666194224245
1692,102.24331162109512,-26.797799999999995,101.79856162109512,-27.242549999999994,101.79856162109512,-26.353049999999996,102.68806162109512,-26.353049999999996,102.68806162109512,-27.242549999999994,130.99617308846527,0.15565529723963833,S230518h,1692,130.99617308846527
7116,99.30104065952085,-16.39064999999998,98.85629065952085,-16.83539999999998,98.85629065952085,-15.945899999999979,99.74579065952085,-15.945899999999979,99.74579065952085,-16.83539999999998,130.18859275529664,0.15469569549066695,S230518h,7116,130.18859275529664
5404,97.72138598895995,-19.592849999999984,97.27663598895995,-20.037599999999983,97.27663598895995,-19.148099999999985,98.16613598895995,-19.148099999999985,98.16613598895995,-20.037599999999983,129.734539414552,0.15415616974689939,S230518h,5404,129.734539414552
112,103.5322977919451,-30.0,103.0875477919451,-30.44475,103.0875477919451,-29.55525,103.9770477919451,-29.55525,103.9770477919451,-30.44475,129.66782340632642,0.15407689491125987,S230518h,112,129.66782340632642
6258,100.16333683892765,-17.991749999999982,99.71858683892765,-18.43649999999998,99.71858683892765,-17.546999999999983,100.60808683892765,-17.546999999999983,100.60808683892765,-18.43649999999998,129.3758067166831,0.15372990809818196,S230518h,6258,129.3758067166831
6686,99.72059018739478,-17.19119999999998,99.27584018739478,-17.63594999999998,99.27584018739478,-16.74644999999998,100.16534018739478,-16.74644999999998,100.16534018739478,-17.63594999999998,128.7337981298609,0.15296704583239104,S230518h,6686,128.7337981298609
13728,89.12161740563523,-4.382399999999961,88.67686740563524,-4.827149999999961,88.67686740563524,-3.9376499999999615,89.56636740563523,-3.9376499999999615,89.56636740563523,-4.827149999999961,128.52953814401036,0.15272433531602916,S230518h,13728,128.52953814401036
12837,93.37249745910077,-5.983499999999964,92.92774745910077,-6.428249999999964,92.92774745910077,-5.538749999999964,93.81724745910077,-5.538749999999964,93.81724745910077,-6.428249999999964,127.64500060131125,0.1516732896947539,S230518h,12837,127.64500060131125
503,103.63085897851325,-29.19945,103.18610897851325,-29.644199999999998,103.18610897851325,-28.7547,104.07560897851324,-28.7547,104.07560897851324,-29.644199999999998,127.04811129689375,0.15096404010442027,S230518h,503,127.04811129689375
12833,90.15275616740765,-5.983499999999964,89.70800616740765,-6.428249999999964,89.70800616740765,-5.538749999999964,90.59750616740764,-5.538749999999964,90.59750616740764,-6.428249999999964,126.43423257505842,0.1502346029562691,S230518h,12833,126.43423257505842
17322,85.71221846407501,2.022000000000048,85.26746846407501,1.5772500000000482,85.26746846407501,2.466750000000048,86.156968464075,2.466750000000048,86.156968464075,1.5772500000000482,126.06373618183099,0.14979436317785141,S230518h,17322,126.06373618183099
2906,100.21033914677042,-24.39614999999999,99.76558914677042,-24.84089999999999,99.76558914677042,-23.951399999999992,100.65508914677042,-23.951399999999992,100.65508914677042,-24.84089999999999,125.64539029007459,0.14929726656353776,S230518h,2906,125.64539029007459
8413,94.87710042737625,-13.988999999999976,94.43235042737625,-14.433749999999977,94.43235042737625,-13.544249999999975,95.32185042737625,-13.544249999999975,95.32185042737625,-14.433749999999977,125.19212822127552,0.14875868104319032,S230518h,8413,125.19212822127552
898,104.65803866416519,-28.398899999999998,104.21328866416519,-28.843649999999997,104.21328866416519,-27.95415,105.10278866416519,-27.95415,105.10278866416519,-28.843649999999997,124.8707954144401,0.14837685955648905,S230518h,898,124.8707954144401
4562,98.74196062555174,-21.193949999999987,98.29721062555174,-21.638699999999986,98.29721062555174,-20.749199999999988,99.18671062555174,-20.749199999999988,99.18671062555174,-21.638699999999986,124.2770938340913,0.14767139775724683,S230518h,4562,124.2770938340913
113,104.45669330794462,-30.0,104.01194330794462,-30.44475,104.01194330794462,-29.55525,104.90144330794462,-29.55525,104.90144330794462,-30.44475,124.09456822400945,0.1474545129626662,S230518h,113,124.09456822400945
2502,103.51349622615743,-25.196699999999993,103.06874622615743,-25.641449999999992,103.06874622615743,-24.751949999999994,103.95824622615743,-24.751949999999994,103.95824622615743,-25.641449999999992,124.06360563569305,0.14741772188110963,S230518h,2502,124.06360563569305
7112,95.96319055331847,-16.39064999999998,95.51844055331847,-16.83539999999998,95.51844055331847,-15.945899999999979,96.40794055331847,-15.945899999999979,96.40794055331847,-16.83539999999998,122.80545731839983,0.14592273583928403,S230518h,7112,122.80545731839983
2499,100.85930401523031,-25.196699999999993,100.41455401523031,-25.641449999999992,100.41455401523031,-24.751949999999994,101.3040540152303,-24.751949999999994,101.3040540152303,-25.641449999999992,122.12323633413395,0.1451120914701748,S230518h,2499,122.12323633413395
504,104.5479462261107,-29.19945,104.1031962261107,-29.644199999999998,104.1031962261107,-28.7547,104.9926962261107,-28.7547,104.9926962261107,-29.644199999999998,121.59086979897448,0.14447951061443695,S230518h,504,121.59086979897448
19117,83.60449060164413,5.224200000000053,83.15974060164413,4.779450000000053,83.15974060164413,5.668950000000053,84.04924060164413,5.668950000000053,84.04924060164413,4.779450000000053,121.42657067651274,0.14428428331779125,S230518h,19117,121.42657067651274
15524,87.27846517003546,-1.1801999999999566,86.83371517003546,-1.6249499999999566,86.83371517003546,-0.7354499999999566,87.72321517003546,-0.7354499999999566,87.72321517003546,-1.6249499999999566,121.31580620132578,0.14415266819574354,S230518h,15524,121.31580620132578
15527,89.68062476187129,-1.1801999999999566,89.23587476187129,-1.6249499999999566,89.23587476187129,-0.7354499999999566,90.12537476187129,-0.7354499999999566,90.12537476187129,-1.6249499999999566,121.1805186130213,0.14399191365403533,S230518h,15527,121.1805186130213
17772,85.76289461959547,2.8225500000000494,85.31814461959547,2.3778000000000494,85.31814461959547,3.2673000000000494,86.20764461959547,3.2673000000000494,86.20764461959547,2.3778000000000494,120.78522999730718,0.14352221468860926,S230518h,17772,120.78522999730718
11496,91.43962479981566,-8.385149999999967,90.99487479981566,-8.829899999999968,90.99487479981566,-7.9403999999999675,91.88437479981566,-7.9403999999999675,91.88437479981566,-8.829899999999968,119.64503193600757,0.14216738222320743,S230518h,11496,119.64503193600757
10614,95.91811729409943,-9.98624999999997,95.47336729409943,-10.43099999999997,95.47336729409943,-9.541499999999969,96.36286729409943,-9.541499999999969,96.36286729409943,-10.43099999999997,119.59730737695853,0.14211067384578488,S230518h,10614,119.59730737695853
18221,85.02824322920057,3.6231000000000506,84.58349322920057,3.1783500000000506,84.58349322920057,4.067850000000051,85.47299322920057,4.067850000000051,85.47299322920057,3.1783500000000506,119.5070491996997,0.14200342519051276,S230518h,18221,119.5070491996997
8417,98.17717348571978,-13.988999999999976,97.73242348571978,-14.433749999999977,97.73242348571978,-13.544249999999975,98.62192348571978,-13.544249999999975,98.62192348571978,-14.433749999999977,119.44015738271132,0.14192394145132603,S230518h,8417,119.44015738271132
17321,84.91116969338273,2.022000000000048,84.46641969338273,1.5772500000000482,84.46641969338273,2.466750000000048,85.35591969338273,2.466750000000048,85.35591969338273,1.5772500000000482,119.20358501239481,0.1416428359674625,S230518h,17321,119.20358501239481
5832,100.62976506613704,-18.792299999999983,100.18501506613704,-19.237049999999982,100.18501506613704,-18.347549999999984,101.07451506613704,-18.347549999999984,101.07451506613704,-19.237049999999982,118.43858252407394,0.14073382704833756,S230518h,5832,118.43858252407394
17771,84.96137223997309,2.8225500000000494,84.51662223997309,2.3778000000000494,84.51662223997309,3.2673000000000494,85.40612223997309,3.2673000000000494,85.40612223997309,2.3778000000000494,116.96058910614127,0.13897761158522495,S230518h,17771,116.96058910614127
19116,82.80060126893602,5.224200000000053,82.35585126893602,4.779450000000053,82.35585126893602,5.668950000000053,83.24535126893602,5.668950000000053,83.24535126893602,4.779450000000053,116.1418292629136,0.13800472586069762,S230518h,19116,116.1418292629136
16423,86.46173294539483,0.4209000000000458,86.01698294539483,-0.02384999999995424,86.01698294539483,0.8656500000000458,86.90648294539483,0.8656500000000458,86.90648294539483,-0.02384999999995424,116.08733887304888,0.1379399780315731,S230518h,16423,116.08733887304888
13732,92.33320722205453,-4.382399999999961,91.88845722205453,-4.827149999999961,91.88845722205453,-3.9376499999999615,92.77795722205452,-3.9376499999999615,92.77795722205452,-4.827149999999961,116.06287728213529,0.13791091171524614,S230518h,13732,116.06287728213529
4982,98.21943435968647,-20.393399999999986,97.77468435968647,-20.838149999999985,97.77468435968647,-19.948649999999986,98.66418435968647,-19.948649999999986,98.66418435968647,-20.838149999999985,116.0449463785181,0.13788960544295967,S230518h,4982,116.0449463785181
18668,83.50596427193116,4.423650000000052,83.06121427193116,3.978900000000052,83.06121427193116,4.868400000000052,83.95071427193116,4.868400000000052,83.95071427193116,3.978900000000052,115.85871977045214,0.13766832296310538,S230518h,18668,115.85871977045214
10168,92.90428203928595,-10.786799999999971,92.45953203928595,-11.231549999999972,92.45953203928595,-10.34204999999997,93.34903203928594,-10.34204999999997,93.34903203928594,-11.231549999999972,115.52406876617576,0.13727067622034897,S230518h,10168,115.52406876617576
14625,88.16435518022045,-2.781299999999959,87.71960518022046,-3.226049999999959,87.71960518022046,-2.336549999999959,88.60910518022045,-2.336549999999959,88.60910518022045,-3.226049999999959,115.29099321181072,0.13699372580387015,S230518h,14625,115.29099321181072
17324,87.31431600545959,2.022000000000048,86.86956600545959,1.5772500000000482,86.86956600545959,2.466750000000048,87.75906600545959,2.466750000000048,87.75906600545959,1.5772500000000482,114.56674131761564,0.13613313849655106,S230518h,17324,114.56674131761564
11945,94.49104721959552,-7.584599999999966,94.04629721959552,-8.029349999999967,94.04629721959552,-7.139849999999966,94.93579721959551,-7.139849999999966,94.93579721959551,-8.029349999999967,113.43135134018009,0.1347840192035677,S230518h,11945,113.43135134018009
18669,84.30890623608435,4.423650000000052,83.86415623608436,3.978900000000052,83.86415623608436,4.868400000000052,84.75365623608435,4.868400000000052,84.75365623608435,3.978900000000052,113.40622311635079,0.13475416076528635,S230518h,18669,113.40622311635079
16872,85.67831841581093,1.221450000000047,85.23356841581094,0.776700000000047,85.23356841581094,1.666200000000047,86.12306841581093,1.666200000000047,86.12306841581093,0.776700000000047,113.13477280722839,0.13443161181170962,S230518h,16872,113.13477280722839
17773,86.56441699921785,2.8225500000000494,86.11966699921786,2.3778000000000494,86.11966699921786,3.2673000000000494,87.00916699921785,3.2673000000000494,87.00916699921785,2.3778000000000494,113.08796871997949,0.1343759971785414,S230518h,17773,113.08796871997949
1694,104.03705393023715,-26.797799999999995,103.59230393023715,-27.242549999999994,103.59230393023715,-26.353049999999996,104.48180393023715,-26.353049999999996,104.48180393023715,-27.242549999999994,112.05625761979059,0.1331500735948281,S230518h,1694,112.05625761979059
8854,97.84615050496743,-13.188449999999975,97.40140050496743,-13.633199999999976,97.40140050496743,-12.743699999999974,98.29090050496742,-12.743699999999974,98.29090050496742,-13.633199999999976,111.83651508003233,0.1328889660407993,S230518h,8854,111.83651508003233
5828,97.24725195467025,-18.792299999999983,96.80250195467025,-19.237049999999982,96.80250195467025,-18.347549999999984,97.69200195467025,-18.347549999999984,97.69200195467025,-19.237049999999982,110.83250927536979,0.1316959630829989,S230518h,5828,110.83250927536979
14176,88.23285680107197,-3.5818499999999602,87.78810680107198,-4.02659999999996,87.78810680107198,-3.1370999999999603,88.67760680107197,-3.1370999999999603,88.67760680107197,-4.02659999999996,110.74460671504026,0.13159151347326126,S230518h,14176,110.74460671504026
18220,84.22608999118924,3.6231000000000506,83.78133999118924,3.1783500000000506,83.78133999118924,4.067850000000051,84.67083999118924,4.067850000000051,84.67083999118924,3.1783500000000506,110.46355927764424,0.1312575607983478,S230518h,18220,110.46355927764424
6682,96.36863757605377,-17.19119999999998,95.92388757605377,-17.63594999999998,95.92388757605377,-16.74644999999998,96.81338757605377,-16.74644999999998,96.81338757605377,-17.63594999999998,109.60849476292299,0.13024153629885254,S230518h,6682,109.60849476292299
19118,84.40837993435225,5.224200000000053,83.96362993435226,4.779450000000053,83.96362993435226,5.668950000000053,84.85312993435225,5.668950000000053,84.85312993435225,4.779450000000053,109.23187301794037,0.1297940181135496,S230518h,19118,109.23187301794037
16426,88.86344774943358,0.4209000000000458,88.41869774943358,-0.02384999999995424,88.41869774943358,0.8656500000000458,89.30819774943357,0.8656500000000458,89.30819774943357,-0.02384999999995424,108.80594052074724,0.1292879067677636,S230518h,16426,108.80594052074724
7982,98.52974411898845,-14.789549999999977,98.08499411898845,-15.234299999999978,98.08499411898845,-14.344799999999976,98.97449411898845,-14.344799999999976,98.97449411898845,-15.234299999999978,108.57746427287913,0.1290164214454398,S230518h,7982,108.57746427287913
9292,97.53632930674438,-12.387899999999973,97.09157930674438,-12.832649999999974,97.09157930674438,-11.943149999999973,97.98107930674438,-11.943149999999973,97.98107930674438,-12.832649999999974,108.06311282056417,0.12840524688737345,S230518h,9292,108.06311282056417
18222,85.8303964672119,3.6231000000000506,85.3856464672119,3.1783500000000506,85.3856464672119,4.067850000000051,86.2751464672119,4.067850000000051,86.2751464672119,3.1783500000000506,107.0787404094124,0.12723557317370815,S230518h,18222,107.0787404094124
9727,93.16136394809146,-11.587349999999972,92.71661394809146,-12.032099999999973,92.71661394809146,-11.142599999999971,93.60611394809146,-11.142599999999971,93.60611394809146,-12.032099999999973,106.55427916285252,0.1266123857225082,S230518h,9727,106.55427916285252
14629,91.37033173222846,-2.781299999999959,90.92558173222847,-3.226049999999959,90.92558173222847,-2.336549999999959,91.81508173222846,-2.336549999999959,91.81508173222846,-3.226049999999959,106.22573493425871,0.12622199531374714,S230518h,14629,106.22573493425871
16875,88.0805142592449,1.221450000000047,87.6357642592449,0.776700000000047,87.6357642592449,1.666200000000047,88.52526425924489,1.666200000000047,88.52526425924489,0.776700000000047,106.06519746595035,0.126031237776649,S230518h,16875,106.06519746595035
18670,85.11184820023753,4.423650000000052,84.66709820023753,3.978900000000052,84.66709820023753,4.868400000000052,85.55659820023753,4.868400000000052,85.55659820023753,3.978900000000052,105.25359942576029,0.1250668620150794,S230518h,18670,105.25359942576029
5408,101.12039071901073,-19.592849999999984,100.67564071901073,-20.037599999999983,100.67564071901073,-19.148099999999985,101.56514071901073,-19.148099999999985,101.56514071901073,-20.037599999999983,104.58708628250564,0.1242748823794807,S230518h,5408,104.58708628250564
1292,102.07675781579154,-27.598349999999996,101.63200781579154,-28.043099999999995,101.63200781579154,-27.153599999999997,102.52150781579154,-27.153599999999997,102.52150781579154,-28.043099999999995,103.82251004098252,0.12336637994516703,S230518h,1292,103.82251004098252
114,105.38108882394413,-30.0,104.93633882394413,-30.44475,104.93633882394413,-29.55525,105.82583882394412,-29.55525,105.82583882394412,-30.44475,102.84870183433287,0.12220925907448262,S230518h,114,102.84870183433287
6254,96.79650198719898,-17.991749999999982,96.35175198719898,-18.43649999999998,96.35175198719898,-17.546999999999983,97.24125198719898,-17.546999999999983,97.24125198719898,-18.43649999999998,102.466383630825,0.12175497211171041,S230518h,6254,102.466383630825
7544,95.57972178268152,-15.590099999999978,95.13497178268152,-16.034849999999977,95.13497178268152,-15.145349999999977,96.02447178268152,-15.145349999999977,96.02447178268152,-16.034849999999977,102.258218620574,0.12150762147709583,S230518h,7544,102.258218620574
3320,103.08334022679985,-23.59559999999999,102.63859022679985,-24.04034999999999,102.63859022679985,-23.15084999999999,103.52809022679985,-23.15084999999999,103.52809022679985,-24.04034999999999,101.99879888197881,0.12119936776579396,S230518h,3320,101.99879888197881
15973,86.46129806775095,-0.3796499999999554,86.01654806775095,-0.8243999999999554,86.01654806775095,0.06510000000004462,86.90604806775094,0.06510000000004462,86.90604806775094,-0.8243999999999554,100.67406858270199,0.11962526614408447,S230518h,15973,100.67406858270199
19564,82.91461648614725,6.024750000000054,82.46986648614725,5.580000000000054,82.46986648614725,6.469500000000054,83.35936648614725,6.469500000000054,83.35936648614725,5.580000000000054,100.31190408963658,0.11919492668844504,S230518h,19564,100.31190408963658
502,102.71377173091578,-29.19945,102.26902173091578,-29.644199999999998,102.26902173091578,-28.7547,103.15852173091578,-28.7547,103.15852173091578,-29.644199999999998,98.89883441332981,0.11751585641257285,S230518h,502,98.89883441332981
7978,95.21781994692161,-14.789549999999977,94.77306994692161,-15.234299999999978,94.77306994692161,-14.344799999999976,95.66256994692161,-14.344799999999976,95.66256994692161,-15.234299999999978,98.46352003992389,0.11699859711722363,S230518h,7978,98.46352003992389
2910,103.7264913975343,-24.39614999999999,103.2817413975343,-24.84089999999999,103.2817413975343,-23.951399999999992,104.1712413975343,-23.951399999999992,104.1712413975343,-24.84089999999999,97.61833475479104,0.1159943115440025,S230518h,2910,97.61833475479104
2097,104.20869821155364,-25.997249999999994,103.76394821155364,-26.441999999999993,103.76394821155364,-25.552499999999995,104.65344821155364,-25.552499999999995,104.65344821155364,-26.441999999999993,97.53911080592766,0.11590017423435378,S230518h,2097,97.53911080592766
3316,99.58898971063714,-23.59559999999999,99.14423971063714,-24.04034999999999,99.14423971063714,-23.15084999999999,100.03373971063714,-23.15084999999999,100.03373971063714,-24.04034999999999,97.03253878910884,0.11529824353674503,S230518h,3316,97.03253878910884
11057,95.69204155380721,-9.185699999999969,95.24729155380722,-9.63044999999997,95.24729155380722,-8.740949999999968,96.13679155380721,-8.740949999999968,96.13679155380721,-9.63044999999997,95.6301930467974,0.11363191590132002,S230518h,11057,95.6301930467974
20011,82.2389166871925,6.825300000000055,81.7941666871925,6.3805500000000555,81.7941666871925,7.270050000000055,82.6836666871925,7.270050000000055,82.6836666871925,6.3805500000000555,94.78379722337347,0.11262619191434163,S230518h,20011,94.78379722337347
19565,83.71961276271179,6.024750000000054,83.27486276271179,5.580000000000054,83.27486276271179,6.469500000000054,84.16436276271179,6.469500000000054,84.16436276271179,5.580000000000054,94.60013917036116,0.11240796150227625,S230518h,19565,94.60013917036116
15977,89.66356836655653,-0.3796499999999554,89.21881836655653,-0.8243999999999554,89.21881836655653,0.06510000000004462,90.10831836655653,0.06510000000004462,90.10831836655653,-0.8243999999999554,94.41961292156826,0.11219345243492786,S230518h,15977,94.41961292156826
4986,101.63576251132775,-20.393399999999986,101.19101251132776,-20.838149999999985,101.19101251132776,-19.948649999999986,102.08051251132775,-19.948649999999986,102.08051251132775,-20.838149999999985,94.36907921104157,0.11213340610267858,S230518h,4986,94.36907921104157
17774,87.36593937884025,2.8225500000000494,86.92118937884025,2.3778000000000494,86.92118937884025,3.2673000000000494,87.81068937884025,3.2673000000000494,87.81068937884025,2.3778000000000494,92.61004008873935,0.11004324002390926,S230518h,17774,92.61004008873935
15074,87.31211934033497,-1.9807499999999578,86.86736934033497,-2.425499999999958,86.86736934033497,-1.5359999999999578,87.75686934033497,-1.5359999999999578,87.75686934033497,-2.425499999999958,92.3258678144499,0.10970557428315576,S230518h,15074,92.3258678144499
505,105.46503347370816,-29.19945,105.02028347370816,-29.644199999999998,105.02028347370816,-28.7547,105.90978347370816,-28.7547,105.90978347370816,-29.644199999999998,92.06990602607543,0.10940142945730265,S230518h,505,92.06990602607543
14181,92.2434412011207,-3.5818499999999602,91.7986912011207,-4.02659999999996,91.7986912011207,-3.1370999999999603,92.6881912011207,-3.1370999999999603,92.6881912011207,-4.02659999999996,92.05609088466885,0.10938501371101518,S230518h,14181,92.05609088466885
20012,83.04518057628263,6.825300000000055,82.60043057628263,6.3805500000000555,82.60043057628263,7.270050000000055,83.48993057628263,7.270050000000055,83.48993057628263,6.3805500000000555,91.08653128628461,0.10823294121973619,S230518h,20012,91.08653128628461
19563,82.10962020958272,6.024750000000054,81.66487020958272,5.580000000000054,81.66487020958272,6.469500000000054,82.55437020958271,6.469500000000054,82.55437020958271,5.580000000000054,90.5100761154246,0.1075479723473635,S230518h,19563,90.5100761154246
13280,89.22586558013782,-5.182949999999963,88.78111558013782,-5.627699999999963,88.78111558013782,-4.738199999999963,89.67061558013782,-4.738199999999963,89.67061558013782,-5.627699999999963,90.2053073906064,0.10718583301662989,S230518h,13280,90.2053073906064
20903,81.73791754500284,8.426400000000058,81.29316754500285,7.981650000000058,81.29316754500285,8.871150000000059,82.18266754500284,8.871150000000059,82.18266754500284,7.981650000000058,89.91096855656356,0.1068360869315197,S230518h,20903,89.91096855656356
1691,101.34644046652411,-26.797799999999995,100.90169046652412,-27.242549999999994,100.90169046652412,-26.353049999999996,101.79119046652411,-26.353049999999996,101.79119046652411,-27.242549999999994,89.62512792580782,0.10649643877772666,S230518h,1691,89.62512792580782
12386,90.29379826518965,-6.784049999999965,89.84904826518965,-7.228799999999965,89.84904826518965,-6.339299999999965,90.73854826518965,-6.339299999999965,90.73854826518965,-7.228799999999965,88.98546150035192,0.10573635956899043,S230518h,12386,88.98546150035192
12391,94.32477140202847,-6.784049999999965,93.88002140202848,-7.228799999999965,93.88002140202848,-6.339299999999965,94.76952140202847,-6.339299999999965,94.76952140202847,-7.228799999999965,88.73312266912836,0.10543651969693035,S230518h,12391,88.73312266912836
16422,85.66116134404858,0.4209000000000458,85.21641134404858,-0.02384999999995424,85.21641134404858,0.8656500000000458,86.10591134404858,0.8656500000000458,86.10591134404858,-0.02384999999995424,88.69379330855898,0.10538978685607447,S230518h,16422,88.69379330855898
17770,84.1598498603507,2.8225500000000494,83.7150998603507,2.3778000000000494,83.7150998603507,3.2673000000000494,84.6045998603507,3.2673000000000494,84.6045998603507,2.3778000000000494,88.39620022562882,0.10503617393221698,S230518h,17770,88.39620022562882
895,101.92782895988262,-28.398899999999998,101.48307895988262,-28.843649999999997,101.48307895988262,-27.95415,102.37257895988262,-27.95415,102.37257895988262,-28.843649999999997,88.34266587679329,0.10497256211223735,S230518h,895,88.34266587679329
13285,93.24504871437827,-5.182949999999963,92.80029871437827,-5.627699999999963,92.80029871437827,-4.738199999999963,93.68979871437827,-4.738199999999963,93.68979871437827,-5.627699999999963,88.07364544808765,0.10465290044727074,S230518h,13285,88.07364544808765
20458,82.38472953174433,7.625850000000057,81.93997953174433,7.181100000000057,81.93997953174433,8.070600000000058,82.82947953174433,8.070600000000058,82.82947953174433,7.181100000000057,86.7540504980256,0.1030849008687707,S230518h,20458,86.7540504980256
1295,104.78676023567982,-27.598349999999996,104.34201023567982,-28.043099999999995,104.34201023567982,-27.153599999999997,105.23151023567982,-27.153599999999997,105.23151023567982,-28.043099999999995,86.72719721382913,0.1030529926394315,S230518h,1295,86.72719721382913
11052,91.63729403034081,-9.185699999999969,91.19254403034081,-9.63044999999997,91.19254403034081,-8.740949999999968,92.08204403034081,-8.740949999999968,92.08204403034081,-9.63044999999997,86.62042958427152,0.10292612674157708,S230518h,11052,86.62042958427152
19119,85.21226926706036,5.224200000000053,84.76751926706036,4.779450000000053,84.76751926706036,5.668950000000053,85.65701926706036,5.668950000000053,85.65701926706036,4.779450000000053,86.1486881186596,0.10236558320569458,S230518h,19119,86.1486881186596
9732,97.24738868265688,-11.587349999999972,96.80263868265688,-12.032099999999973,96.80263868265688,-11.142599999999971,97.69213868265687,-11.142599999999971,97.69213868265687,-12.032099999999973,85.9864534743448,0.1021728090109375,S230518h,9732,85.9864534743448
20457,81.57703610496252,7.625850000000057,81.13228610496252,7.181100000000057,81.13228610496252,8.070600000000058,82.02178610496252,8.070600000000058,82.02178610496252,7.181100000000057,85.59022095303231,0.10170198845620836,S230518h,20457,85.59022095303231
15523,86.47774530609017,-1.1801999999999566,86.03299530609017,-1.6249499999999566,86.03299530609017,-0.7354499999999566,86.92249530609017,-0.7354499999999566,86.92249530609017,-1.6249499999999566,85.05639526131891,0.10106767376778085,S230518h,15523,85.05639526131891
4566,102.1764636038318,-21.193949999999987,101.7317136038318,-21.638699999999986,101.7317136038318,-20.749199999999988,102.6212136038318,-20.749199999999988,102.6212136038318,-21.638699999999986,84.88276844604857,0.10086136290462742,S230518h,4566,84.88276844604857
20010,81.43265279810238,6.825300000000055,80.98790279810238,6.3805500000000555,80.98790279810238,7.270050000000055,81.87740279810238,7.270050000000055,81.87740279810238,6.3805500000000555,84.87528982985715,0.10085247649062944,S230518h,20010,84.87528982985715
20902,80.92863123267608,8.426400000000058,80.48388123267608,7.981650000000058,80.48388123267608,8.871150000000059,81.37338123267608,8.871150000000059,81.37338123267608,7.981650000000058,84.25518113718093,0.10011563662268752,S230518h,20902,84.25518113718093
18671,85.91479016439072,4.423650000000052,85.47004016439072,3.978900000000052,85.47004016439072,4.868400000000052,86.35954016439072,4.868400000000052,86.35954016439072,3.978900000000052,84.214225602278,0.10006697149141977,S230518h,18671,84.214225602278
18219,83.42393675317791,3.6231000000000506,82.97918675317791,3.1783500000000506,82.97918675317791,4.067850000000051,83.86868675317791,4.067850000000051,83.86868675317791,3.1783500000000506,83.97889484416795,0.09978734134467868,S230518h,18219,83.97889484416795
15528,90.48134462581658,-1.1801999999999566,90.03659462581658,-1.6249499999999566,90.03659462581658,-0.7354499999999566,90.92609462581657,-0.7354499999999566,90.92609462581657,-1.6249499999999566,83.35667380281349,0.09904799149302018,S230518h,15528,83.35667380281349
18223,86.63254970522321,3.6231000000000506,86.18779970522321,3.1783500000000506,86.18779970522321,4.067850000000051,87.07729970522321,4.067850000000051,87.07729970522321,3.1783500000000506,82.81254210734906,0.09840143076686962,S230518h,18223,82.81254210734906
20013,83.85144446537275,6.825300000000055,83.40669446537275,6.3805500000000555,83.40669446537275,7.270050000000055,84.29619446537275,7.270050000000055,84.29619446537275,6.3805500000000555,82.10285266338465,0.0975581471903829,S230518h,20013,82.10285266338465
899,105.56810856559272,-28.398899999999998,105.12335856559272,-28.843649999999997,105.12335856559272,-27.95415,106.01285856559272,-27.95415,106.01285856559272,-28.843649999999997,81.89477846155287,0.09731090445824482,S230518h,899,81.89477846155287
19115,81.9967119362279,5.224200000000053,81.5519619362279,4.779450000000053,81.5519619362279,5.668950000000053,82.4414619362279,5.668950000000053,82.4414619362279,4.779450000000053,81.75528132718006,0.09714514795251686,S230518h,19115,81.75528132718006
9287,93.43816420982235,-12.387899999999973,92.99341420982235,-12.832649999999974,92.99341420982235,-11.943149999999973,93.88291420982235,-11.943149999999973,93.88291420982235,-12.832649999999974,81.66674155487432,0.09703994118005281,S230518h,9287,81.66674155487432
11501,95.48562589715263,-8.385149999999967,95.04087589715263,-8.829899999999968,95.04087589715263,-7.9403999999999675,95.93037589715263,-7.9403999999999675,95.93037589715263,-8.829899999999968,81.2273134398899,0.0965177937597067,S230518h,11501,81.2273134398899
2093,100.6460076744065,-25.997249999999994,100.2012576744065,-26.441999999999993,100.2012576744065,-25.552499999999995,101.0907576744065,-25.552499999999995,101.0907576744065,-26.441999999999993,80.87677962003546,0.09610127437112014,S230518h,2093,80.87677962003546
3729,98.99450471788248,-22.79504999999999,98.54975471788248,-23.23979999999999,98.54975471788248,-22.35029999999999,99.43925471788248,-22.35029999999999,99.43925471788248,-23.23979999999999,80.20600550202077,0.09530423166171424,S230518h,3729,80.20600550202077
21346,80.29336967074731,9.226950000000059,79.84861967074731,8.782200000000058,79.84861967074731,9.67170000000006,80.73811967074731,9.67170000000006,80.73811967074731,8.782200000000058,79.33160284291885,0.09426522874582201,S230518h,21346,79.33160284291885
14624,87.36286104221844,-2.781299999999959,86.91811104221844,-3.226049999999959,86.91811104221844,-2.336549999999959,87.80761104221844,-2.336549999999959,87.80761104221844,-3.226049999999959,78.86089331428026,0.0937059114019154,S230518h,14624,78.86089331428026
20456,80.7693426781807,7.625850000000057,80.32459267818071,7.181100000000057,80.32459267818071,8.070600000000058,81.2140926781807,8.070600000000058,81.2140926781807,7.181100000000057,78.79697078512785,0.09362995589847632,S230518h,20456,78.79697078512785
19566,84.52460903927633,6.024750000000054,84.07985903927633,5.580000000000054,84.07985903927633,6.469500000000054,84.96935903927633,6.469500000000054,84.96935903927633,5.580000000000054,77.05806171699923,0.09156370921744182,S230518h,19566,77.05806171699923
1695,104.93392508480815,-26.797799999999995,104.48917508480815,-27.242549999999994,104.48917508480815,-26.353049999999996,105.37867508480815,-26.353049999999996,105.37867508480815,-27.242549999999994,75.63435178192626,0.08987199572763512,S230518h,1695,75.63435178192626
17325,88.11536477615188,2.022000000000048,87.67061477615188,1.5772500000000482,87.67061477615188,2.466750000000048,88.56011477615188,2.466750000000048,88.56011477615188,1.5772500000000482,75.44330507802447,0.08964498580221994,S230518h,17325,75.44330507802447
20901,80.11934492034932,8.426400000000058,79.67459492034932,7.981650000000058,79.67459492034932,8.871150000000059,80.56409492034932,8.871150000000059,80.56409492034932,7.981650000000058,75.43469149656501,0.08963475077358697,S230518h,20901,75.43469149656501
4149,102.74311331366908,-21.994499999999988,102.29836331366909,-22.439249999999987,102.29836331366909,-21.54974999999999,103.18786331366908,-21.54974999999999,103.18786331366908,-22.439249999999987,75.35298628885181,0.08953766512526017,S230518h,4149,75.35298628885181
21789,79.6709296632485,10.02750000000006,79.2261796632485,9.58275000000006,79.2261796632485,10.472250000000061,80.1156796632485,10.472250000000061,80.1156796632485,9.58275000000006,74.79228482702656,0.08887141548875996,S230518h,21789,74.79228482702656
10173,96.97903125153532,-10.786799999999971,96.53428125153532,-11.231549999999972,96.53428125153532,-10.34204999999997,97.42378125153532,-10.34204999999997,97.42378125153532,-11.231549999999972,74.13875954503203,0.08809486858953275,S230518h,10173,74.13875954503203
21345,79.48232553265895,9.226950000000059,79.03757553265895,8.782200000000058,79.03757553265895,9.67170000000006,79.92707553265895,9.67170000000006,79.92707553265895,8.782200000000058,73.49063297265141,0.08732473666968893,S230518h,21345,73.49063297265141
18667,82.70302230777799,4.423650000000052,82.25827230777799,3.978900000000052,82.25827230777799,4.868400000000052,83.14777230777798,4.868400000000052,83.14777230777798,3.978900000000052,73.49055160365197,0.08732463998353776,S230518h,18667,73.49055160365197
21347,81.10441380883566,9.226950000000059,80.65966380883566,8.782200000000058,80.65966380883566,9.67170000000006,81.54916380883566,9.67170000000006,81.54916380883566,8.782200000000058,73.29753419563207,0.08709528838257555,S230518h,21347,73.29753419563207
11940,90.45296827858715,-7.584599999999966,90.00821827858715,-8.029349999999967,90.00821827858715,-7.139849999999966,90.89771827858715,-7.139849999999966,90.89771827858715,-8.029349999999967,72.26137182452722,0.08586407560696313,S230518h,11940,72.26137182452722
16871,84.87758646799962,1.221450000000047,84.43283646799962,0.776700000000047,84.43283646799962,1.666200000000047,85.32233646799962,1.666200000000047,85.32233646799962,0.776700000000047,71.93415412621243,0.0854752614386373,S230518h,16871,71.93415412621243
4144,98.4261757794813,-21.994499999999988,97.9814257794813,-22.439249999999987,97.9814257794813,-21.54974999999999,98.8709257794813,-21.54974999999999,98.8709257794813,-22.439249999999987,70.12209645840855,0.08332209643963463,S230518h,4144,70.12209645840855
15079,91.31726242934116,-1.9807499999999578,90.87251242934116,-2.425499999999958,90.87251242934116,-1.5359999999999578,91.76201242934115,-1.5359999999999578,91.76201242934115,-2.425499999999958,70.01811548991729,0.08319854177253118,S230518h,15079,70.01811548991729
21788,78.85796099321536,10.02750000000006,78.41321099321536,9.58275000000006,78.41321099321536,10.472250000000061,79.30271099321536,10.472250000000061,79.30271099321536,9.58275000000006,69.48179721780313,0.08256126529267094,S230518h,21788,69.48179721780313
115,106.30548433994363,-30.0,105.86073433994363,-30.44475,105.86073433994363,-29.55525,106.75023433994363,-29.55525,106.75023433994363,-30.44475,68.81696622177041,0.08177128445688185,S230518h,115,68.81696622177041
12832,89.34782084448436,-5.983499999999964,88.90307084448436,-6.428249999999964,88.90307084448436,-5.538749999999964,89.79257084448436,-5.538749999999964,89.79257084448436,-6.428249999999964,68.42621542773843,0.0813069775267046,S230518h,12832,68.42621542773843
12838,94.17743278202406,-5.983499999999964,93.73268278202406,-6.428249999999964,93.73268278202406,-5.538749999999964,94.62218278202405,-5.538749999999964,94.62218278202405,-6.428249999999964,68.23849353714246,0.08108391828771928,S230518h,12838,68.23849353714246
8849,93.73496771064106,-13.188449999999975,93.29021771064106,-13.633199999999976,93.29021771064106,-12.743699999999974,94.17971771064106,-12.743699999999974,94.17971771064106,-13.633199999999976,68.11346750814538,0.08093535697293118,S230518h,8849,68.11346750814538
23112,77.87747190631572,12.429150000000064,77.43272190631572,11.984400000000063,77.43272190631572,12.873900000000065,78.32222190631572,12.873900000000065,78.32222190631572,11.984400000000063,68.01088199424078,0.08081346044509508,S230518h,23112,68.01088199424078
111,102.60790227594559,-30.0,102.16315227594559,-30.44475,102.16315227594559,-29.55525,103.05265227594559,-29.55525,103.05265227594559,-30.44475,67.87249708351735,0.08064902553143091,S230518h,111,67.87249708351735
22230,78.24593780323963,10.828050000000061,77.80118780323963,10.38330000000006,77.80118780323963,11.272800000000062,78.69068780323963,11.272800000000062,78.69068780323963,10.38330000000006,67.73154116158882,0.08048153563147288,S230518h,22230,67.73154116158882
16876,88.88124620705621,1.221450000000047,88.43649620705621,0.776700000000047,88.43649620705621,1.666200000000047,89.3259962070562,1.666200000000047,89.3259962070562,0.776700000000047,67.68034691099263,0.08042070441705161,S230518h,16876,67.68034691099263
7117,100.13550318607145,-16.39064999999998,99.69075318607145,-16.83539999999998,99.69075318607145,-15.945899999999979,100.58025318607145,-15.945899999999979,100.58025318607145,-16.83539999999998,67.65713892566282,0.0803931276888948,S230518h,7117,67.65713892566282
20459,83.19242295852614,7.625850000000057,82.74767295852614,7.181100000000057,82.74767295852614,8.070600000000058,83.63717295852614,8.070600000000058,83.63717295852614,7.181100000000057,66.64890559316859,0.07919510140036866,S230518h,20459,66.64890559316859
22231,79.06099965535671,10.828050000000061,78.61624965535671,10.38330000000006,78.61624965535671,11.272800000000062,79.50574965535671,11.272800000000062,79.50574965535671,10.38330000000006,66.00369778236887,0.07842843767879916,S230518h,22231,66.00369778236887
21790,80.48389833328164,10.02750000000006,80.03914833328164,9.58275000000006,80.03914833328164,10.472250000000061,80.92864833328164,10.472250000000061,80.92864833328164,9.58275000000006,65.87218307905499,0.07827216624160319,S230518h,21790,65.87218307905499
17320,84.11012092269044,2.022000000000048,83.66537092269044,1.5772500000000482,83.66537092269044,2.466750000000048,84.55487092269044,2.466750000000048,84.55487092269044,1.5772500000000482,65.65652589775411,0.07801591308652375,S230518h,17320,65.65652589775411
10609,91.85379029011217,-9.98624999999997,91.40904029011217,-10.43099999999997,91.40904029011217,-9.541499999999969,92.29854029011217,-9.541499999999969,92.29854029011217,-10.43099999999997,65.03435623455597,0.0772766242846044,S230518h,10609,65.03435623455597
8412,94.05208216279037,-13.988999999999976,93.60733216279037,-14.433749999999977,93.60733216279037,-13.544249999999975,94.49683216279037,-13.544249999999975,94.49683216279037,-14.433749999999977,64.92132315541164,0.07714231350958474,S230518h,8412,64.92132315541164
6687,100.55857834023003,-17.19119999999998,100.11382834023003,-17.63594999999998,100.11382834023003,-16.74644999999998,101.00332834023003,-16.74644999999998,101.00332834023003,-17.63594999999998,64.40750652131291,0.07653177444556722,S230518h,6687,64.40750652131291
22672,78.46327787054074,11.628600000000063,78.01852787054074,11.183850000000062,78.01852787054074,12.073350000000064,78.90802787054074,12.073350000000064,78.90802787054074,11.183850000000062,64.39739020849103,0.07651975380677958,S230518h,22672,64.39739020849103
6259,101.00504555185981,-17.991749999999982,100.56029555185981,-18.43649999999998,100.56029555185981,-17.546999999999983,101.44979555185981,-17.546999999999983,101.44979555185981,-18.43649999999998,64.38729489537813,0.076507758120751,S230518h,6259,64.38729489537813
3734,103.33636895989487,-22.79504999999999,102.89161895989487,-23.23979999999999,102.89161895989487,-22.35029999999999,103.78111895989487,-22.35029999999999,103.78111895989487,-23.23979999999999,64.15721471090075,0.07623436693183747,S230518h,3734,64.15721471090075
22671,77.64595205938927,11.628600000000063,77.20120205938927,11.183850000000062,77.20120205938927,12.073350000000064,78.09070205938927,12.073350000000064,78.09070205938927,11.183850000000062,64.09325018994083,0.07615836153192336,S230518h,22671,64.09325018994083
7549,99.73536186018941,-15.590099999999978,99.29061186018941,-16.034849999999977,99.29061186018941,-15.145349999999977,100.18011186018941,-15.145349999999977,100.18011186018941,-16.034849999999977,63.23136935233304,0.07513423758387192,S230518h,7549,63.23136935233304
19562,81.30462393301818,6.024750000000054,80.85987393301818,5.580000000000054,80.85987393301818,6.469500000000054,81.74937393301818,6.469500000000054,81.74937393301818,5.580000000000054,63.161225654787444,0.07505088982008973,S230518h,19562,63.161225654787444
13733,93.13610467615935,-4.382399999999961,92.69135467615935,-4.827149999999961,92.69135467615935,-3.9376499999999615,93.58085467615935,-3.9376499999999615,93.58085467615935,-4.827149999999961,62.67509389558439,0.07447324711731185,S230518h,13733,62.67509389558439
21348,81.91545794692402,9.226950000000059,81.47070794692402,8.782200000000058,81.47070794692402,9.67170000000006,82.36020794692402,9.67170000000006,82.36020794692402,8.782200000000058,61.83529129720071,0.07347535748441583,S230518h,21348,61.83529129720071
23111,77.05770904414398,12.429150000000064,76.61295904414398,11.984400000000063,76.61295904414398,12.873900000000065,77.50245904414398,12.873900000000065,77.50245904414398,11.984400000000063,61.21204929760417,0.07273479448618296,S230518h,23111,61.21204929760417
20009,80.62638890901226,6.825300000000055,80.18163890901226,6.3805500000000555,80.18163890901226,7.270050000000055,81.07113890901226,7.270050000000055,81.07113890901226,6.3805500000000555,60.14445032939249,0.07146622739134503,S230518h,20009,60.14445032939249
2503,104.39822696313313,-25.196699999999993,103.95347696313313,-25.641449999999992,103.95347696313313,-24.751949999999994,104.84297696313313,-24.751949999999994,104.84297696313313,-25.641449999999992,59.89305593969991,0.07116750974540625,S230518h,2503,59.89305593969991
22673,79.28060368169221,11.628600000000063,78.83585368169221,11.183850000000062,78.83585368169221,12.073350000000064,79.72535368169221,12.073350000000064,79.72535368169221,11.183850000000062,59.00530845889135,0.0701126499373592,S230518h,22673,59.00530845889135
20900,79.31005860802256,8.426400000000058,78.86530860802256,7.981650000000058,78.86530860802256,8.871150000000059,79.75480860802256,8.871150000000059,79.75480860802256,7.981650000000058,58.81925262849826,0.06989157038289431,S230518h,20900,58.81925262849826
15972,85.66073049304954,-0.3796499999999554,85.21598049304954,-0.8243999999999554,85.21598049304954,0.06510000000004462,86.10548049304954,0.06510000000004462,86.10548049304954,-0.8243999999999554,58.234019686850246,0.06919617138505388,S230518h,15972,58.234019686850246
22232,79.87606150747379,10.828050000000061,79.4313115074738,10.38330000000006,79.4313115074738,11.272800000000062,80.32081150747379,11.272800000000062,80.32081150747379,10.38330000000006,58.22719774473757,0.06918806525949109,S230518h,22232,58.22719774473757
22670,76.82862624823781,11.628600000000063,76.38387624823781,11.183850000000062,76.38387624823781,12.073350000000064,77.27337624823781,12.073350000000064,77.27337624823781,11.183850000000062,56.69034655196503,0.06736191245224418,S230518h,22670,56.69034655196503
13727,88.31871995153041,-4.382399999999961,87.87396995153041,-4.827149999999961,87.87396995153041,-3.9376499999999615,88.76346995153041,-3.9376499999999615,88.76346995153041,-4.827149999999961,55.985443373294885,0.06652431612241118,S230518h,13727,55.985443373294885
2498,99.97457327825461,-25.196699999999993,99.52982327825461,-25.641449999999992,99.52982327825461,-24.751949999999994,100.41932327825461,-24.751949999999994,100.41932327825461,-25.641449999999992,55.82220226154178,0.06633034599967715,S230518h,2498,55.82220226154178
21787,78.04499232318221,10.02750000000006,77.60024232318221,9.58275000000006,77.60024232318221,10.472250000000061,78.48974232318221,10.472250000000061,78.48974232318221,9.58275000000006,55.65639475451597,0.066133326375499,S230518h,21787,55.65639475451597
23550,76.48092283312332,13.229700000000065,76.03617283312332,12.784950000000064,76.03617283312332,13.674450000000066,76.92567283312331,13.674450000000066,76.92567283312331,12.784950000000064,55.00461599142643,0.06535885476528888,S230518h,23550,55.00461599142643
23551,77.30329834745798,13.229700000000065,76.85854834745798,12.784950000000064,76.85854834745798,13.674450000000066,77.74804834745798,13.674450000000066,77.74804834745798,12.784950000000064,54.795267783234365,0.06511009820389899,S230518h,23551,54.795267783234365
16427,89.66401935077982,0.4209000000000458,89.21926935077983,-0.02384999999995424,89.21926935077983,0.8656500000000458,90.10876935077982,0.8656500000000458,90.10876935077982,-0.02384999999995424,54.55749184446789,0.06482756258814375,S230518h,16427,54.55749184446789
20904,82.5472038573296,8.426400000000058,82.1024538573296,7.981650000000058,82.1024538573296,8.871150000000059,82.9919538573296,8.871150000000059,82.9919538573296,7.981650000000058,53.49513161812594,0.06356522039212285,S230518h,20904,53.49513161812594
22229,77.43087595112254,10.828050000000061,76.98612595112255,10.38330000000006,76.98612595112255,11.272800000000062,77.87562595112254,11.272800000000062,77.87562595112254,10.38330000000006,52.23971431064999,0.06207347945383614,S230518h,22229,52.23971431064999
4561,97.88333488098174,-21.193949999999987,97.43858488098174,-21.638699999999986,97.43858488098174,-20.749199999999988,98.32808488098173,-20.749199999999988,98.32808488098173,-21.638699999999986,51.4114562351041,0.06108930752040752,S230518h,4561,51.4114562351041
1291,101.17342367582879,-27.598349999999996,100.72867367582879,-28.043099999999995,100.72867367582879,-27.153599999999997,101.61817367582879,-27.153599999999997,101.61817367582879,-28.043099999999995,50.27057176349122,0.059733659432695346,S230518h,1291,50.27057176349122
7983,99.35772516200515,-14.789549999999977,98.91297516200515,-15.234299999999978,98.91297516200515,-14.344799999999976,99.80247516200515,-14.344799999999976,99.80247516200515,-15.234299999999978,49.90647581507822,0.059301024938589166,S230518h,7983,49.90647581507822
10615,96.7309826948969,-9.98624999999997,96.2862326948969,-10.43099999999997,96.2862326948969,-9.541499999999969,97.1757326948969,-9.541499999999969,97.1757326948969,-10.43099999999997,49.80697149536445,0.059182789618453406,S230518h,10615,49.80697149536445
14630,92.17182587023046,-2.781299999999959,91.72707587023046,-3.226049999999959,91.72707587023046,-2.336549999999959,92.61657587023046,-2.336549999999959,92.61657587023046,-3.226049999999959,49.44950806021102,0.05875803616238463,S230518h,14630,49.44950806021102
23110,76.23794618197223,12.429150000000064,75.79319618197223,11.984400000000063,75.79319618197223,12.873900000000065,76.68269618197223,12.873900000000065,76.68269618197223,11.984400000000063,49.39024668585604,0.05868761924391615,S230518h,23110,49.39024668585604
23987,75.9153159182599,14.030250000000066,75.47056591825991,13.585500000000065,75.47056591825991,14.475000000000067,76.3600659182599,14.475000000000067,76.3600659182599,13.585500000000065,48.84060737335666,0.058034514129891905,S230518h,23987,48.84060737335666
2098,105.09937084584043,-25.997249999999994,104.65462084584043,-26.441999999999993,104.65462084584043,-25.552499999999995,105.54412084584042,-25.552499999999995,105.54412084584042,-26.441999999999993,48.78886096570364,0.05797302681866431,S230518h,2098,48.78886096570364
21344,78.6712813945706,9.226950000000059,78.2265313945706,8.782200000000058,78.2265313945706,9.67170000000006,79.1160313945706,9.67170000000006,79.1160313945706,8.782200000000058,48.77825297973421,0.05796042195265749,S230518h,21344,48.77825297973421
5833,101.47539334400373,-18.792299999999983,101.03064334400374,-19.237049999999982,101.03064334400374,-18.347549999999984,101.92014334400373,-18.347549999999984,101.92014334400373,-19.237049999999982,48.42451812516486,0.057540098956696165,S230518h,5833,48.42451812516486
501,101.79668448331832,-29.19945,101.35193448331832,-29.644199999999998,101.35193448331832,-28.7547,102.24143448331832,-28.7547,102.24143448331832,-29.644199999999998,48.051925671195335,0.05709736854858946,S230518h,501,48.051925671195335
23986,75.09014944088752,14.030250000000066,74.64539944088752,13.585500000000065,74.64539944088752,14.475000000000067,75.53489944088751,14.475000000000067,75.53489944088751,13.585500000000065,47.893921375239884,0.05690962103603063,S230518h,23986,47.893921375239884
21791,81.2968670033148,10.02750000000006,80.8521170033148,9.58275000000006,80.8521170033148,10.472250000000061,81.7416170033148,10.472250000000061,81.7416170033148,9.58275000000006,47.63936366701785,0.056607144598713764,S230518h,21791,47.63936366701785
11495,90.63042458034826,-8.385149999999967,90.18567458034826,-8.829899999999968,90.18567458034826,-7.9403999999999675,91.07517458034826,-7.9403999999999675,91.07517458034826,-8.829899999999968,47.40753590087896,0.05633167685797007,S230518h,11495,47.40753590087896
7977,94.38983890390489,-14.789549999999977,93.94508890390489,-15.234299999999978,93.94508890390489,-14.344799999999976,94.83458890390489,-14.344799999999976,94.83458890390489,-15.234299999999978,47.36819058647731,0.05628492506008327,S230518h,7977,47.36819058647731
15978,90.46413594125794,-0.3796499999999554,90.01938594125794,-0.8243999999999554,90.01938594125794,0.06510000000004462,90.90888594125794,0.06510000000004462,90.90888594125794,-0.8243999999999554,47.35225047198047,0.05626598432920891,S230518h,15978,47.35225047198047
17769,83.3583274807283,2.8225500000000494,82.9135774807283,2.3778000000000494,82.9135774807283,3.2673000000000494,83.8030774807283,3.2673000000000494,83.8030774807283,2.3778000000000494,47.26144777283097,0.05615808864956389,S230518h,17769,47.26144777283097
20455,79.96164925139891,7.625850000000057,79.51689925139891,7.181100000000057,79.51689925139891,8.070600000000058,80.40639925139891,8.070600000000058,80.40639925139891,7.181100000000057,47.18080590137253,0.056062266503192126,S230518h,20455,47.18080590137253
23549,75.65854731878866,13.229700000000065,75.21379731878866,12.784950000000064,75.21379731878866,13.674450000000066,76.10329731878866,13.674450000000066,76.10329731878866,12.784950000000064,46.514456132795175,0.05527048099642448,S230518h,23549,46.514456132795175
18218,82.62178351516658,3.6231000000000506,82.17703351516658,3.1783500000000506,82.17703351516658,4.067850000000051,83.06653351516658,4.067850000000051,83.06653351516658,3.1783500000000506,46.36432206465238,0.05509208522766579,S230518h,18218,46.36432206465238
24422,74.53248017716834,14.830800000000067,74.08773017716834,14.386050000000067,74.08773017716834,15.275550000000068,74.97723017716834,15.275550000000068,74.97723017716834,14.386050000000067,46.002427976435975,0.05466206707871917,S230518h,24422,46.002427976435975
8418,99.00219175030566,-13.988999999999976,98.55744175030566,-14.433749999999977,98.55744175030566,-13.544249999999975,99.44694175030565,-13.544249999999975,99.44694175030565,-14.433749999999977,45.58656441744037,0.054167920079150875,S230518h,8418,45.58656441744037
1296,105.69009437564257,-27.598349999999996,105.24534437564257,-28.043099999999995,105.24534437564257,-27.153599999999997,106.13484437564257,-27.153599999999997,106.13484437564257,-28.043099999999995,45.471815965260205,0.05403157102397787,S230518h,1296,45.471815965260205
2905,99.33130108407946,-24.39614999999999,98.88655108407946,-24.84089999999999,98.88655108407946,-23.951399999999992,99.77605108407946,-23.951399999999992,99.77605108407946,-24.84089999999999,45.39348153041944,0.05393849067321828,S230518h,2905,45.39348153041944
5403,96.87163480644726,-19.592849999999984,96.42688480644726,-20.037599999999983,96.42688480644726,-19.148099999999985,97.31638480644726,-19.148099999999985,97.31638480644726,-20.037599999999983,43.67170602035654,0.051892602824129885,S230518h,5403,43.67170602035654
7543,94.74859376717994,-15.590099999999978,94.30384376717994,-16.034849999999977,94.30384376717994,-15.145349999999977,95.19334376717994,-15.145349999999977,95.19334376717994,-16.034849999999977,43.510637531588785,0.05170121430564124,S230518h,7543,43.510637531588785
15073,86.51109072253374,-1.9807499999999578,86.06634072253374,-2.425499999999958,86.06634072253374,-1.5359999999999578,86.95584072253374,-1.5359999999999578,86.95584072253374,-2.425499999999958,43.22369433329156,0.05136025603358787,S230518h,15073,43.22369433329156
5827,96.40162367680355,-18.792299999999983,95.95687367680355,-19.237049999999982,95.95687367680355,-18.347549999999984,96.84637367680355,-18.347549999999984,96.84637367680355,-19.237049999999982,43.221843170138285,0.05135805640176605,S230518h,5827,43.221843170138285
8855,98.6683870638327,-13.188449999999975,98.2236370638327,-13.633199999999976,98.2236370638327,-12.743699999999974,99.1131370638327,-12.743699999999974,99.1131370638327,-13.633199999999976,43.212670349473214,0.05134715686101242,S230518h,8855,43.212670349473214
11058,96.5029910585005,-9.185699999999969,96.0582410585005,-9.63044999999997,96.0582410585005,-8.740949999999968,96.9477410585005,-8.740949999999968,96.9477410585005,-9.63044999999997,43.08227120743275,0.051192210981788944,S230518h,11058,43.08227120743275
4987,102.48984454923807,-20.393399999999986,102.04509454923807,-20.838149999999985,102.04509454923807,-19.948649999999986,102.93459454923807,-19.948649999999986,102.93459454923807,-20.838149999999985,42.84265628626917,0.05090749020791121,S230518h,4987,42.84265628626917
3321,103.95692785584052,-23.59559999999999,103.51217785584052,-24.04034999999999,103.51217785584052,-23.15084999999999,104.40167785584052,-23.15084999999999,104.40167785584052,-24.04034999999999,42.73988345921076,0.05078537110651478,S230518h,3321,42.73988345921076
23113,78.69723476848746,12.429150000000064,78.25248476848746,11.984400000000063,78.25248476848746,12.873900000000065,79.14198476848746,12.873900000000065,79.14198476848746,11.984400000000063,42.70902874917006,0.05074870821057365,S230518h,23113,42.70902874917006
14175,87.43073992106223,-3.5818499999999602,86.98598992106223,-4.02659999999996,86.98598992106223,-3.1370999999999603,87.87548992106223,-3.1370999999999603,87.87548992106223,-4.02659999999996,41.431712779839174,0.049230946338699226,S230518h,14175,41.431712779839174
18672,86.7177321285439,4.423650000000052,86.2729821285439,3.978900000000052,86.2729821285439,4.868400000000052,87.1624821285439,4.868400000000052,87.1624821285439,3.978900000000052,40.91826012638827,0.04862083977217069,S230518h,18672,40.91826012638827
16421,84.86058974270233,0.4209000000000458,84.41583974270233,-0.02384999999995424,84.41583974270233,0.8656500000000458,85.30533974270233,0.8656500000000458,85.30533974270233,-0.02384999999995424,40.82794879068898,0.04851352795174912,S230518h,16421,40.82794879068898
506,106.38212072130563,-29.19945,105.93737072130563,-29.644199999999998,105.93737072130563,-28.7547,106.82687072130562,-28.7547,106.82687072130562,-29.644199999999998,40.4793484265727,0.04809930597857956,S230518h,506,40.4793484265727
11946,95.29866300779717,-7.584599999999966,94.85391300779717,-8.029349999999967,94.85391300779717,-7.139849999999966,95.74341300779717,-7.139849999999966,95.74341300779717,-8.029349999999967,40.07193821468301,0.047615203610281154,S230518h,11946,40.07193821468301
7111,95.12872802676787,-16.39064999999998,94.68397802676787,-16.83539999999998,94.68397802676787,-15.945899999999979,95.57347802676787,-15.945899999999979,95.57347802676787,-16.83539999999998,39.9616848639615,0.0474841958283467,S230518h,7111,39.9616848639615
20014,84.65770835446287,6.825300000000055,84.21295835446287,6.3805500000000555,84.21295835446287,7.270050000000055,85.10245835446287,7.270050000000055,85.10245835446287,6.3805500000000555,39.56841240523648,0.04701689254752744,S230518h,20014,39.56841240523648
10167,92.08933219683607,-10.786799999999971,91.64458219683607,-11.231549999999972,91.64458219683607,-10.34204999999997,92.53408219683607,-10.34204999999997,92.53408219683607,-11.231549999999972,38.665907545388976,0.045944497385838924,S230518h,10167,38.665907545388976
5409,101.97014190152342,-19.592849999999984,101.52539190152342,-20.037599999999983,101.52539190152342,-19.148099999999985,102.41489190152342,-19.148099999999985,102.41489190152342,-20.037599999999983,38.23960163141837,0.04543794233014811,S230518h,5409,38.23960163141837
19567,85.32960531584087,6.024750000000054,84.88485531584087,5.580000000000054,84.88485531584087,6.469500000000054,85.77435531584086,6.469500000000054,85.77435531584086,5.580000000000054,38.16885734294207,0.045353880918343754,S230518h,19567,38.16885734294207
4981,97.36535232177616,-20.393399999999986,96.92060232177616,-20.838149999999985,96.92060232177616,-19.948649999999986,97.81010232177616,-19.948649999999986,97.81010232177616,-20.838149999999985,38.01475707707174,0.04517077234254929,S230518h,4981,38.01475707707174
12385,89.48760363782188,-6.784049999999965,89.04285363782188,-7.228799999999965,89.04285363782188,-6.339299999999965,89.93235363782188,-6.339299999999965,89.93235363782188,-7.228799999999965,37.76703701145458,0.04487642068679656,S230518h,12385,37.76703701145458
22233,80.69112335959088,10.828050000000061,80.24637335959088,10.38330000000006,80.24637335959088,11.272800000000062,81.13587335959087,11.272800000000062,81.13587335959087,10.38330000000006,37.3595323236652,0.04439220605816335,S230518h,22233,37.3595323236652
19120,86.01615859976849,5.224200000000053,85.57140859976849,4.779450000000053,85.57140859976849,5.668950000000053,86.46090859976849,5.668950000000053,86.46090859976849,4.779450000000053,37.268489874692534,0.04428402549744808,S230518h,19120,37.268489874692534
9293,98.35596232612879,-12.387899999999973,97.91121232612879,-12.832649999999974,97.91121232612879,-11.943149999999973,98.80071232612879,-11.943149999999973,98.80071232612879,-12.832649999999974,36.14154332240503,0.04294493904603675,S230518h,9293,36.14154332240503
17326,88.91641354684417,2.022000000000048,88.47166354684417,1.5772500000000482,88.47166354684417,2.466750000000048,89.36116354684417,2.466750000000048,89.36116354684417,1.5772500000000482,35.15629086015313,0.041774219617734545,S230518h,17326,35.15629086015313
13279,88.42202895328974,-5.182949999999963,87.97727895328974,-5.627699999999963,87.97727895328974,-4.738199999999963,88.86677895328974,-4.738199999999963,88.86677895328974,-5.627699999999963,34.64635460226551,0.0411682913839291,S230518h,13279,34.64635460226551
17775,88.16746175846264,2.8225500000000494,87.72271175846264,2.3778000000000494,87.72271175846264,3.2673000000000494,88.61221175846264,3.2673000000000494,88.61221175846264,2.3778000000000494,34.59354852767504,0.04110554493078739,S230518h,17775,34.59354852767504
1690,100.4495693119531,-26.797799999999995,100.0048193119531,-27.242549999999994,100.0048193119531,-26.353049999999996,100.8943193119531,-26.353049999999996,100.8943193119531,-27.242549999999994,34.550347361397115,0.04105421144355988,S230518h,1690,34.550347361397115
13286,94.04888534122637,-5.182949999999963,93.60413534122637,-5.627699999999963,93.60413534122637,-4.738199999999963,94.49363534122637,-4.738199999999963,94.49363534122637,-5.627699999999963,34.257063893139836,0.04070571938954981,S230518h,13286,34.257063893139836
24423,75.36061884580354,14.830800000000067,74.91586884580354,14.386050000000067,74.91586884580354,15.275550000000068,75.80536884580354,15.275550000000068,75.80536884580354,14.386050000000067,34.062712851622784,0.04047478310780255,S230518h,24423,34.062712851622784
6253,95.95479327426682,-17.991749999999982,95.51004327426682,-18.43649999999998,95.51004327426682,-17.546999999999983,96.39954327426682,-17.546999999999983,96.39954327426682,-18.43649999999998,33.498330540847064,0.039804159727978614,S230518h,6253,33.498330540847064
18224,87.43470294323454,3.6231000000000506,86.98995294323454,3.1783500000000506,86.98995294323454,4.067850000000051,87.87945294323454,4.067850000000051,87.87945294323454,3.1783500000000506,31.275942001953958,0.037163421907571,S230518h,18224,31.275942001953958
9726,92.34415900117838,-11.587349999999972,91.89940900117838,-12.032099999999973,91.89940900117838,-11.142599999999971,92.78890900117838,-11.142599999999971,92.78890900117838,-12.032099999999973,30.357714610146648,0.036072344555953845,S230518h,9726,30.357714610146648
6681,95.53064942321852,-17.19119999999998,95.08589942321852,-17.63594999999998,95.08589942321852,-16.74644999999998,95.97539942321852,-16.74644999999998,95.97539942321852,-17.63594999999998,30.096660446391173,0.03576214875025224,S230518h,6681,30.096660446391173
15529,91.28206448976185,-1.1801999999999566,90.83731448976185,-1.6249499999999566,90.83731448976185,-0.7354499999999566,91.72681448976185,-0.7354499999999566,91.72681448976185,-1.6249499999999566,29.982530619935527,0.03562653477282051,S230518h,15529,29.982530619935527
16870,84.0768545201883,1.221450000000047,83.6321045201883,0.776700000000047,83.6321045201883,1.666200000000047,84.5216045201883,1.666200000000047,84.5216045201883,0.776700000000047,29.838391054526404,0.03545526193050169,S230518h,16870,29.838391054526404
20460,84.00011638530793,7.625850000000057,83.55536638530793,7.181100000000057,83.55536638530793,8.070600000000058,84.44486638530793,8.070600000000058,84.44486638530793,7.181100000000057,29.815007689593422,0.035427476808743606,S230518h,20460,29.815007689593422
23552,78.12567386179265,13.229700000000065,77.68092386179265,12.784950000000064,77.68092386179265,13.674450000000066,78.57042386179265,13.674450000000066,78.57042386179265,12.784950000000064,29.157872933874437,0.034646640977311655,S230518h,23552,29.157872933874437
18666,81.9000803436248,4.423650000000052,81.4553303436248,3.978900000000052,81.4553303436248,4.868400000000052,82.34483034362479,4.868400000000052,82.34483034362479,3.978900000000052,28.89093821395731,0.03432945764139679,S230518h,18666,28.89093821395731
15522,85.6770254421449,-1.1801999999999566,85.2322754421449,-1.6249499999999566,85.2322754421449,-0.7354499999999566,86.1217754421449,-0.7354499999999566,86.1217754421449,-1.6249499999999566,28.456233763046242,0.033812923082236344,S230518h,15522,28.456233763046242
23988,76.7404823956323,14.030250000000066,76.2957323956323,13.585500000000065,76.2957323956323,14.475000000000067,77.1852323956323,14.475000000000067,77.1852323956323,13.585500000000065,28.275788120578007,0.03359850979479609,S230518h,23988,28.275788120578007
3315,98.71540208159647,-23.59559999999999,98.27065208159647,-24.04034999999999,98.27065208159647,-23.15084999999999,99.16015208159646,-23.15084999999999,99.16015208159646,-24.04034999999999,28.23568809257805,0.033550861213692613,S230518h,3315,28.23568809257805
9733,98.06459362956996,-11.587349999999972,97.61984362956996,-12.032099999999973,97.61984362956996,-11.142599999999971,98.50934362956995,-11.142599999999971,98.50934362956995,-12.032099999999973,28.209752659018307,0.033520043614028425,S230518h,9733,28.209752659018307
4567,103.03508934840183,-21.193949999999987,102.59033934840183,-21.638699999999986,102.59033934840183,-20.749199999999988,103.47983934840182,-20.749199999999988,103.47983934840182,-21.638699999999986,27.853679392489585,0.03309694201621925,S230518h,4567,27.853679392489585
2911,104.60552946022527,-24.39614999999999,104.16077946022527,-24.84089999999999,104.16077946022527,-23.951399999999992,105.05027946022527,-23.951399999999992,105.05027946022527,-24.84089999999999,27.723018621276527,0.0329416852579398,S230518h,2911,27.723018621276527
900,106.47817846702024,-28.398899999999998,106.03342846702024,-28.843649999999997,106.03342846702024,-27.95415,106.92292846702024,-27.95415,106.92292846702024,-28.843649999999997,27.521372761092,0.03270208095833199,S230518h,900,27.521372761092
116,107.22987985594314,-30.0,106.78512985594314,-30.44475,106.78512985594314,-29.55525,107.67462985594314,-29.55525,107.67462985594314,-30.44475,26.445125995592498,0.03142323817813954,S230518h,116,26.445125995592498
14182,93.04555808113045,-3.5818499999999602,92.60080808113045,-4.02659999999996,92.60080808113045,-3.1370999999999603,93.49030808113045,-3.1370999999999603,93.49030808113045,-4.02659999999996,25.85019455896937,0.030716315010679986,S230518h,14182,25.85019455896937
17319,83.30907215199815,2.022000000000048,82.86432215199815,1.5772500000000482,82.86432215199815,2.466750000000048,83.75382215199815,2.466750000000048,83.75382215199815,1.5772500000000482,25.245572511101592,0.02999787704138953,S230518h,17319,25.245572511101592
20008,79.82012501992213,6.825300000000055,79.37537501992213,6.3805500000000555,79.37537501992213,7.270050000000055,80.26487501992213,7.270050000000055,80.26487501992213,6.3805500000000555,25.183131238199806,0.02992368163045195,S230518h,20008,25.183131238199806
19114,81.19282260351979,5.224200000000053,80.74807260351979,4.779450000000053,80.74807260351979,5.668950000000053,81.63757260351979,5.668950000000053,81.63757260351979,4.779450000000053,25.146016357963962,0.02987958013054613,S230518h,19114,25.146016357963962
19561,80.49962765645364,6.024750000000054,80.05487765645364,5.580000000000054,80.05487765645364,6.469500000000054,80.94437765645364,6.469500000000054,80.94437765645364,5.580000000000054,24.972001796650023,0.029672808530836463,S230518h,19561,24.972001796650023
11502,96.29482611662003,-8.385149999999967,95.85007611662003,-8.829899999999968,95.85007611662003,-7.9403999999999675,96.73957611662003,-7.9403999999999675,96.73957611662003,-8.829899999999968,24.60636209781736,0.02923833968596437,S230518h,11502,24.60636209781736
11939,89.64535249038548,-7.584599999999966,89.20060249038548,-8.029349999999967,89.20060249038548,-7.139849999999966,90.09010249038548,-7.139849999999966,90.09010249038548,-8.029349999999967,24.432760172853357,0.02903205839854541,S230518h,11939,24.432760172853357
894,101.0177590584551,-28.398899999999998,100.5730090584551,-28.843649999999997,100.5730090584551,-27.95415,101.4625090584551,-27.95415,101.4625090584551,-28.843649999999997,23.70334248469473,0.028165332872254614,S230518h,894,23.70334248469473
22674,80.09792949284368,11.628600000000063,79.65317949284368,11.183850000000062,79.65317949284368,12.073350000000064,80.54267949284367,12.073350000000064,80.54267949284367,11.183850000000062,22.993688200764314,0.027322091074435267,S230518h,22674,22.993688200764314
12392,95.13096602939623,-6.784049999999965,94.68621602939623,-7.228799999999965,94.68621602939623,-6.339299999999965,95.57571602939623,-6.339299999999965,95.57571602939623,-7.228799999999965,22.639099953092696,0.026900754040018737,S230518h,12392,22.639099953092696
1696,105.83079623937917,-26.797799999999995,105.38604623937917,-27.242549999999994,105.38604623937917,-26.353049999999996,106.27554623937917,-26.353049999999996,106.27554623937917,-27.242549999999994,22.557145780153828,0.026803372560483353,S230518h,1696,22.557145780153828
11051,90.82634452564753,-9.185699999999969,90.38159452564753,-9.63044999999997,90.38159452564753,-8.740949999999968,91.27109452564753,-8.740949999999968,91.27109452564753,-9.63044999999997,22.260565436920047,0.026450963017570123,S230518h,11051,22.260565436920047
3728,98.12613186947999,-22.79504999999999,97.68138186947999,-23.23979999999999,97.68138186947999,-22.35029999999999,98.57088186947999,-22.35029999999999,98.57088186947999,-23.23979999999999,21.876785879490978,0.025994939611101782,S230518h,3728,21.876785879490978
24857,74.81656986817924,15.631350000000069,74.37181986817924,15.186600000000068,74.37181986817924,16.076100000000068,75.26131986817924,16.076100000000068,75.26131986817924,15.186600000000068,21.663384030942545,0.025741366339576802,S230518h,24857,21.663384030942545
22669,76.01130043708635,11.628600000000063,75.56655043708635,11.183850000000062,75.56655043708635,12.073350000000064,76.45605043708635,12.073350000000064,76.45605043708635,11.183850000000062,21.65549518139194,0.025731992468625255,S230518h,22669,21.65549518139194
14623,86.56136690421644,-2.781299999999959,86.11661690421644,-3.226049999999959,86.11661690421644,-2.336549999999959,87.00611690421644,-2.336549999999959,87.00611690421644,-3.226049999999959,21.007534069398226,0.024962057155942526,S230518h,14623,21.007534069398226
20899,78.5007722956958,8.426400000000058,78.0560222956958,7.981650000000058,78.0560222956958,8.871150000000059,78.9455222956958,8.871150000000059,78.9455222956958,7.981650000000058,19.989871650604844,0.02375282682079435,S230518h,20899,19.989871650604844
23109,75.41818331980049,12.429150000000064,74.97343331980049,11.984400000000063,74.97343331980049,12.873900000000065,75.86293331980049,12.873900000000065,75.86293331980049,11.984400000000063,19.91389682650952,0.023662550261193634,S230518h,23109,19.91389682650952
16428,90.46459095212607,0.4209000000000458,90.01984095212607,-0.02384999999995424,90.01984095212607,0.8656500000000458,90.90934095212607,0.8656500000000458,90.90934095212607,-0.02384999999995424,19.527576069628306,0.0232035072920408,S230518h,16428,19.527576069628306
21343,77.86023725648224,9.226950000000059,77.41548725648224,8.782200000000058,77.41548725648224,9.67170000000006,78.30498725648224,9.67170000000006,78.30498725648224,8.782200000000058,19.231944399577436,0.02285222500348003,S230518h,21343,19.231944399577436
4150,103.60650082050664,-21.994499999999988,103.16175082050664,-22.439249999999987,103.16175082050664,-21.54974999999999,104.05125082050664,-21.54974999999999,104.05125082050664,-22.439249999999987,18.54570863386601,0.02203681009806789,S230518h,4150,18.54570863386601
110,101.68350675994608,-30.0,101.23875675994609,-30.44475,101.23875675994609,-29.55525,102.12825675994608,-29.55525,102.12825675994608,-30.44475,18.21115121940018,0.02163927456275698,S230518h,110,18.21115121940018
24856,73.98527464742169,15.631350000000069,73.54052464742169,15.186600000000068,73.54052464742169,16.076100000000068,74.43002464742169,16.076100000000068,74.43002464742169,15.186600000000068,18.105832782110248,0.021514130657597955,S230518h,24856,18.105832782110248
2092,99.75533504011972,-25.997249999999994,99.31058504011972,-26.441999999999993,99.31058504011972,-25.552499999999995,100.20008504011972,-25.552499999999995,100.20008504011972,-26.441999999999993,17.886448946105343,0.021253449330824733,S230518h,2092,17.886448946105343
21349,82.72650208501237,9.226950000000059,82.28175208501237,8.782200000000058,82.28175208501237,9.67170000000006,83.17125208501237,9.67170000000006,83.17125208501237,8.782200000000058,17.851561755838457,0.02121199486812695,S230518h,21349,17.851561755838457
23985,74.26498296351514,14.030250000000066,73.82023296351514,13.585500000000065,73.82023296351514,14.475000000000067,74.70973296351514,14.475000000000067,74.70973296351514,13.585500000000065,17.790994753642998,0.02114002654640139,S230518h,23985,17.790994753642998
21786,77.23202365314906,10.02750000000006,76.78727365314906,9.58275000000006,76.78727365314906,10.472250000000061,77.67677365314906,10.472250000000061,77.67677365314906,9.58275000000006,17.72332580885348,0.02105961939047637,S230518h,21786,17.72332580885348
23548,74.83617180445401,13.229700000000065,74.39142180445401,12.784950000000064,74.39142180445401,13.674450000000066,75.28092180445401,13.674450000000066,75.28092180445401,12.784950000000064,17.55050175153846,0.02085426239891477,S230518h,23548,17.55050175153846
20454,79.1539558246171,7.625850000000057,78.7092058246171,7.181100000000057,78.7092058246171,8.070600000000058,79.5987058246171,8.070600000000058,79.5987058246171,7.181100000000057,17.549189500320793,0.02085270312547553,S230518h,20454,17.549189500320793
15080,92.11829104714239,-1.9807499999999578,91.6735410471424,-2.425499999999958,91.6735410471424,-1.5359999999999578,92.56304104714239,-1.5359999999999578,92.56304104714239,-2.425499999999958,16.698001056961058,0.019841284340984557,S230518h,15080,16.698001056961058
9286,92.61853119043795,-12.387899999999973,92.17378119043795,-12.832649999999974,92.17378119043795,-11.943149999999973,93.06328119043795,-11.943149999999973,93.06328119043795,-12.832649999999974,15.752370204365988,0.01871764501649639,S230518h,9286,15.752370204365988
8848,92.91273115177579,-13.188449999999975,92.46798115177579,-13.633199999999976,92.46798115177579,-12.743699999999974,93.35748115177579,-12.743699999999974,93.35748115177579,-13.633199999999976,14.740770847799658,0.017515619073132215,S230518h,8848,14.740770847799658
21792,82.10983567334794,10.02750000000006,81.66508567334795,9.58275000000006,81.66508567334795,10.472250000000061,82.55458567334794,10.472250000000061,82.55458567334794,9.58275000000006,14.672506933298681,0.01743450494855993,S230518h,21792,14.672506933298681
2504,105.28295770010884,-25.196699999999993,104.83820770010884,-25.641449999999992,104.83820770010884,-24.751949999999994,105.72770770010884,-24.751949999999994,105.72770770010884,-25.641449999999992,14.157106986389426,0.016822084524039008,S230518h,2504,14.157106986389426
7118,100.96996571262204,-16.39064999999998,100.52521571262204,-16.83539999999998,100.52521571262204,-15.945899999999979,101.41471571262204,-15.945899999999979,101.41471571262204,-16.83539999999998,13.919745365808689,0.016540041219004244,S230518h,7118,13.919745365808689
24421,73.70434150853313,14.830800000000067,73.25959150853313,14.386050000000067,73.25959150853313,15.275550000000068,74.14909150853313,15.275550000000068,74.14909150853313,14.386050000000067,13.702339726691418,0.01628171047100965,S230518h,24421,13.702339726691418
12831,88.54288552156108,-5.983499999999964,88.09813552156108,-6.428249999999964,88.09813552156108,-5.538749999999964,88.98763552156107,-5.538749999999964,88.98763552156107,-6.428249999999964,13.140551934845984,0.01561417001037156,S230518h,12831,13.140551934845984
22228,76.61581409900548,10.828050000000061,76.17106409900548,10.38330000000006,76.17106409900548,11.272800000000062,77.06056409900548,11.272800000000062,77.06056409900548,10.38330000000006,13.014445096499424,0.015464324431344387,S230518h,22228,13.014445096499424
4143,97.56278827264374,-21.994499999999988,97.11803827264374,-22.439249999999987,97.11803827264374,-21.54974999999999,98.00753827264374,-21.54974999999999,98.00753827264374,-22.439249999999987,13.009428605871435,0.01545836362102917,S230518h,4143,13.009428605871435
24855,73.15397942666415,15.631350000000069,72.70922942666415,15.186600000000068,72.70922942666415,16.076100000000068,73.59872942666415,16.076100000000068,73.59872942666415,15.186600000000068,12.90865871486311,0.015338624494550155,S230518h,24855,12.90865871486311
20905,83.35649016965637,8.426400000000058,82.91174016965637,7.981650000000058,82.91174016965637,8.871150000000059,83.80124016965637,8.871150000000059,83.80124016965637,7.981650000000058,12.856654085834876,0.015276830353558264,S230518h,20905,12.856654085834876
15971,84.86016291834815,-0.3796499999999554,84.41541291834815,-0.8243999999999554,84.41541291834815,0.06510000000004462,85.30491291834815,0.06510000000004462,85.30491291834815,-0.8243999999999554,12.661744425109069,0.015045230296397327,S230518h,15971,12.661744425109069
11494,89.82122436088086,-8.385149999999967,89.37647436088086,-8.829899999999968,89.37647436088086,-7.9403999999999675,90.26597436088086,-7.9403999999999675,90.26597436088086,-8.829899999999968,12.572466076011375,0.014939145915165205,S230518h,11494,12.572466076011375
23989,77.56564887300469,14.030250000000066,77.12089887300469,13.585500000000065,77.12089887300469,14.475000000000067,78.01039887300469,14.475000000000067,78.01039887300469,13.585500000000065,12.409586932057195,0.014745605898166356,S230518h,23989,12.409586932057195
16877,89.68197815486752,1.221450000000047,89.23722815486752,0.776700000000047,89.23722815486752,1.666200000000047,90.12672815486752,1.666200000000047,90.12672815486752,0.776700000000047,12.0646032950609,0.014335681475998651,S230518h,16877,12.0646032950609
25719,72.08305560825968,17.23245000000007,71.63830560825969,16.787700000000072,71.63830560825969,17.67720000000007,72.52780560825968,17.67720000000007,72.52780560825968,16.787700000000072,11.914824219652512,0.014157707524902948,S230518h,25719,11.914824219652512
14631,92.97332000823248,-2.781299999999959,92.52857000823248,-3.226049999999959,92.52857000823248,-2.336549999999959,93.41807000823248,-2.336549999999959,93.41807000823248,-3.226049999999959,11.751304010665933,0.013963405766810329,S230518h,14631,11.751304010665933
24424,76.18875751443875,14.830800000000067,75.74400751443875,14.386050000000067,75.74400751443875,15.275550000000068,76.63350751443875,15.275550000000068,76.63350751443875,14.386050000000067,11.532191619640452,0.013703046982657709,S230518h,24424,11.532191619640452
25718,71.24488054304736,17.23245000000007,70.80013054304736,16.787700000000072,70.80013054304736,17.67720000000007,71.68963054304736,17.67720000000007,71.68963054304736,16.787700000000072,11.484904978581193,0.01364685895825968,S230518h,25718,11.484904978581193
6688,101.39656649306528,-17.19119999999998,100.95181649306528,-17.63594999999998,100.95181649306528,-16.74644999999998,101.84131649306528,-16.74644999999998,101.84131649306528,-17.63594999999998,11.42519903267412,0.013575913780717257,S230518h,6688,11.42519903267412
24854,72.3226842059066,15.631350000000069,71.8779342059066,15.186600000000068,71.8779342059066,16.076100000000068,72.7674342059066,16.076100000000068,72.7674342059066,15.186600000000068,11.40835430059597,0.013555898144254534,S230518h,24854,11.40835430059597
17768,82.55680510110592,2.8225500000000494,82.11205510110592,2.3778000000000494,82.11205510110592,3.2673000000000494,83.00155510110592,3.2673000000000494,83.00155510110592,2.3778000000000494,11.372447858515557,0.013513232562634297,S230518h,17768,11.372447858515557
25720,72.92123067347201,17.23245000000007,72.47648067347201,16.787700000000072,72.47648067347201,17.67720000000007,73.36598067347201,17.67720000000007,73.36598067347201,16.787700000000072,11.320456134515982,0.013451453755953512,S230518h,25720,11.320456134515982
10174,97.7939810939852,-10.786799999999971,97.3492310939852,-11.231549999999972,97.3492310939852,-10.34204999999997,98.2387310939852,-10.34204999999997,98.2387310939852,-11.231549999999972,11.281290051670036,0.013404914928723949,S230518h,10174,11.281290051670036
23114,79.5169976306592,12.429150000000064,79.0722476306592,11.984400000000063,79.0722476306592,12.873900000000065,79.9617476306592,12.873900000000065,79.9617476306592,11.984400000000063,11.124933595837014,0.013219125450800883,S230518h,23114,11.124933595837014
18673,87.52067409269709,4.423650000000052,87.0759240926971,3.978900000000052,87.0759240926971,4.868400000000052,87.96542409269709,4.868400000000052,87.96542409269709,3.978900000000052,11.069113721142738,0.013152797870516921,S230518h,18673,11.069113721142738
13726,87.51582249742559,-4.382399999999961,87.07107249742559,-4.827149999999961,87.07107249742559,-3.9376499999999615,87.96057249742559,-3.9376499999999615,87.96057249742559,-4.827149999999961,10.977867862754067,0.013044375609969029,S230518h,13726,10.977867862754067
10608,91.04092488931472,-9.98624999999997,90.59617488931472,-10.43099999999997,90.59617488931472,-9.541499999999969,91.48567488931472,-9.541499999999969,91.48567488931472,-10.43099999999997,10.877902768001581,0.01292559277707834,S230518h,10608,10.877902768001581
23547,74.01379629011934,13.229700000000065,73.56904629011935,12.784950000000064,73.56904629011935,13.674450000000066,74.45854629011934,13.674450000000066,74.45854629011934,12.784950000000064,10.808113439429764,0.01284266608977989,S230518h,23547,10.808113439429764
23984,73.43981648614275,14.030250000000066,72.99506648614275,13.585500000000065,72.99506648614275,14.475000000000067,73.88456648614275,14.475000000000067,73.88456648614275,13.585500000000065,10.609445226544862,0.012606599958994652,S230518h,23984,10.609445226544862
7984,100.18570620502186,-14.789549999999977,99.74095620502186,-15.234299999999978,99.74095620502186,-14.344799999999976,100.63045620502186,-14.344799999999976,100.63045620502186,-15.234299999999978,10.564365415959562,0.01255303418565391,S230518h,7984,10.564365415959562
10616,97.54384809569434,-9.98624999999997,97.09909809569434,-10.43099999999997,97.09909809569434,-9.541499999999969,97.98859809569434,-9.541499999999969,97.98859809569434,-10.43099999999997,10.519410819750904,0.012499617197430741,S230518h,10616,10.519410819750904
8411,93.22706389820449,-13.988999999999976,92.78231389820449,-14.433749999999977,92.78231389820449,-13.544249999999975,93.67181389820449,-13.544249999999975,93.67181389820449,-14.433749999999977,10.485377740574757,0.012459177626332998,S230518h,8411,10.485377740574757
12839,94.98236810494734,-5.983499999999964,94.53761810494734,-6.428249999999964,94.53761810494734,-5.538749999999964,95.42711810494734,-5.538749999999964,95.42711810494734,-6.428249999999964,10.462760478716552,0.012432302821258286,S230518h,12839,10.462760478716552
4560,97.02470913641172,-21.193949999999987,96.57995913641172,-21.638699999999986,96.57995913641172,-20.749199999999988,97.46945913641171,-20.749199999999988,97.46945913641171,-21.638699999999986,10.36732440854122,0.012318901570517227,S230518h,4560,10.36732440854122
8419,99.82721001489153,-13.988999999999976,99.38246001489154,-14.433749999999977,99.38246001489154,-13.544249999999975,100.27196001489153,-13.544249999999975,100.27196001489153,-14.433749999999977,10.360885766743273,0.012311250898904079,S230518h,8419,10.360885766743273
3735,104.20474180829734,-22.79504999999999,103.75999180829734,-23.23979999999999,103.75999180829734,-22.35029999999999,104.64949180829734,-22.35029999999999,104.64949180829734,-23.23979999999999,10.247246587759728,0.012176219929939766,S230518h,3735,10.247246587759728
24858,75.64786508893678,15.631350000000069,75.20311508893678,15.186600000000068,75.20311508893678,16.076100000000068,76.09261508893678,16.076100000000068,76.09261508893678,15.186600000000068,10.075613347011588,0.011972277917932955,S230518h,24858,10.075613347011588
5410,102.81989308403612,-19.592849999999984,102.37514308403613,-20.037599999999983,102.37514308403613,-19.148099999999985,103.26464308403612,-19.148099999999985,103.26464308403612,-20.037599999999983,9.905684722158643,0.011770361403981472,S230518h,5410,9.905684722158643
18665,81.09713837947162,4.423650000000052,80.65238837947162,3.978900000000052,80.65238837947162,4.868400000000052,81.54188837947162,4.868400000000052,81.54188837947162,3.978900000000052,9.77717361435961,0.011617658968395473,S230518h,18665,9.77717361435961
11947,96.10627879599885,-7.584599999999966,95.66152879599885,-8.029349999999967,95.66152879599885,-7.139849999999966,96.55102879599885,-7.139849999999966,96.55102879599885,-8.029349999999967,9.774823311627925,0.01161486623741961,S230518h,11947,9.774823311627925
4980,96.51127028386584,-20.393399999999986,96.06652028386584,-20.838149999999985,96.06652028386584,-19.948649999999986,96.95602028386584,-19.948649999999986,96.95602028386584,-20.838149999999985,9.437216646554786,0.011213707451150688,S230518h,4980,9.437216646554786
1290,100.27008953586603,-27.598349999999996,99.82533953586604,-28.043099999999995,99.82533953586604,-27.153599999999997,100.71483953586603,-27.153599999999997,100.71483953586603,-28.043099999999995,9.434658486145,0.011210667734725514,S230518h,1290,9.434658486145
19113,80.38893327081166,5.224200000000053,79.94418327081166,4.779450000000053,79.94418327081166,5.668950000000053,80.83368327081166,5.668950000000053,80.83368327081166,4.779450000000053,9.300293614445376,0.011051009604645282,S230518h,19113,9.300293614445376
25287,71.77899613880555,16.43190000000007,71.33424613880555,15.987150000000069,71.33424613880555,16.87665000000007,72.22374613880555,16.87665000000007,72.22374613880555,15.987150000000069,9.269843894404351,0.01101482793527202,S230518h,25287,9.269843894404351
16420,84.06001814135608,0.4209000000000458,83.61526814135608,-0.02384999999995424,83.61526814135608,0.8656500000000458,84.50476814135608,0.8656500000000458,84.50476814135608,-0.02384999999995424,9.268549693376787,0.011013290109846407,S230518h,16420,9.268549693376787
26147,70.72008533150517,18.033000000000072,70.27533533150518,17.588250000000073,70.27533533150518,18.47775000000007,71.16483533150517,18.47775000000007,71.16483533150517,17.588250000000073,9.261202920077075,0.011004560357253203,S230518h,26147,9.261202920077075
10166,91.27438235438619,-10.786799999999971,90.82963235438619,-11.231549999999972,90.82963235438619,-10.34204999999997,91.71913235438619,-10.34204999999997,91.71913235438619,-11.231549999999972,9.250755762122356,0.010992146594023242,S230518h,10166,9.250755762122356
25717,70.40670547783503,17.23245000000007,69.96195547783503,16.787700000000072,69.96195547783503,17.67720000000007,70.85145547783503,17.67720000000007,70.85145547783503,16.787700000000072,9.150148431992076,0.010872600629383956,S230518h,25717,9.150148431992076
25721,73.75940573868432,17.23245000000007,73.31465573868432,16.787700000000072,73.31465573868432,17.67720000000007,74.20415573868432,17.67720000000007,74.20415573868432,16.787700000000072,9.142637814234325,0.010863676189745965,S230518h,25721,9.142637814234325
2497,99.0898425412789,-25.196699999999993,98.6450925412789,-25.641449999999992,98.6450925412789,-24.751949999999994,99.5345925412789,-24.751949999999994,99.5345925412789,-25.641449999999992,8.932490684811883,0.010613970315726143,S230518h,2497,8.932490684811883
20015,85.46397224355299,6.825300000000055,85.01922224355299,6.3805500000000555,85.01922224355299,7.270050000000055,85.90872224355299,7.270050000000055,85.90872224355299,6.3805500000000555,8.891070552557338,0.01056475312986658,S230518h,20015,8.891070552557338
26574,70.20436409199333,18.833550000000074,69.75961409199333,18.388800000000074,69.75961409199333,19.278300000000073,70.64911409199333,19.278300000000073,70.64911409199333,18.388800000000074,8.794240230916659,0.010449695169458753,S230518h,26574,8.794240230916659
22668,75.19397462593489,11.628600000000063,74.74922462593489,11.183850000000062,74.74922462593489,12.073350000000064,75.63872462593488,12.073350000000064,75.63872462593488,11.183850000000062,8.696242964667805,0.010333250595186068,S230518h,22668,8.696242964667805
24420,72.87620283989793,14.830800000000067,72.43145283989793,14.386050000000067,72.43145283989793,15.275550000000068,73.32095283989793,15.275550000000068,73.32095283989793,14.386050000000067,8.639641666593377,0.010265994493971763,S230518h,24420,8.639641666593377
6260,101.84675426479198,-17.991749999999982,101.40200426479198,-18.43649999999998,101.40200426479198,-17.546999999999983,102.29150426479198,-17.546999999999983,102.29150426479198,-18.43649999999998,8.551822271738095,0.010161643705034038,S230518h,6260,8.551822271738095
25288,72.61363562879167,16.43190000000007,72.16888562879167,15.987150000000069,72.16888562879167,16.87665000000007,73.05838562879167,16.87665000000007,73.05838562879167,15.987150000000069,8.528538780231756,0.010133977257184845,S230518h,25288,8.528538780231756
26146,69.87817955374916,18.033000000000072,69.43342955374916,17.588250000000073,69.43342955374916,18.47775000000007,70.32292955374916,18.47775000000007,70.32292955374916,17.588250000000073,8.426385617347691,0.010012594467460521,S230518h,26146,8.426385617347691
26998,68.84750654413018,19.634100000000075,68.40275654413018,19.189350000000076,68.40275654413018,20.078850000000074,69.29225654413018,20.078850000000074,69.29225654413018,19.189350000000076,8.378842986262512,0.009956102264683572,S230518h,26998,8.378842986262512
20007,79.01386113083201,6.825300000000055,78.56911113083201,6.3805500000000555,78.56911113083201,7.270050000000055,79.45861113083201,7.270050000000055,79.45861113083201,6.3805500000000555,8.366630282107575,0.009941590603384485,S230518h,20007,8.366630282107575
26999,69.69747576072439,19.634100000000075,69.25272576072439,19.189350000000076,69.25272576072439,20.078850000000074,70.14222576072439,20.078850000000074,70.14222576072439,19.189350000000076,8.349723936701482,0.009921501755310699,S230518h,26999,8.349723936701482
25289,73.44827511877779,16.43190000000007,73.00352511877779,15.987150000000069,73.00352511877779,16.87665000000007,73.89302511877779,16.87665000000007,73.89302511877779,15.987150000000069,8.308482255370624,0.009872496612527773,S230518h,25289,8.308482255370624
507,107.29920796890309,-29.19945,106.85445796890309,-29.644199999999998,106.85445796890309,-28.7547,107.74395796890309,-28.7547,107.74395796890309,-29.644199999999998,8.277716860887642,0.009835939845180766,S230518h,507,8.277716860887642
27419,66.63625154981266,20.434650000000076,66.19150154981266,19.989900000000077,66.19150154981266,20.879400000000075,67.08100154981265,20.879400000000075,67.08100154981265,19.989900000000077,8.224648940105139,0.009772882255111233,S230518h,27419,8.224648940105139
22234,81.50618521170794,10.828050000000061,81.06143521170794,10.38330000000006,81.06143521170794,11.272800000000062,81.95093521170794,11.272800000000062,81.95093521170794,10.38330000000006,8.17665283696917,0.009715851217304287,S230518h,22234,8.17665283696917
26575,71.05019980394505,18.833550000000074,70.60544980394505,18.388800000000074,70.60544980394505,19.278300000000073,71.49494980394505,19.278300000000073,71.49494980394505,18.388800000000074,8.103103232077796,0.009628456407659783,S230518h,26575,8.103103232077796
26576,71.89603551589678,18.833550000000074,71.45128551589679,18.388800000000074,71.45128551589679,19.278300000000073,72.34078551589678,19.278300000000073,72.34078551589678,18.388800000000074,7.915035935001034,0.009404986741811077,S230518h,26576,7.915035935001034
24853,71.49138898514906,15.631350000000069,71.04663898514906,15.186600000000068,71.04663898514906,16.076100000000068,71.93613898514906,16.076100000000068,71.93613898514906,15.186600000000068,7.8009243376488895,0.009269394424985585,S230518h,24853,7.8009243376488895
25286,70.94435664881945,16.43190000000007,70.49960664881945,15.987150000000069,70.49960664881945,16.87665000000007,71.38910664881945,16.87665000000007,71.38910664881945,15.987150000000069,7.674534494512896,0.009119212567473469,S230518h,25286,7.674534494512896
21342,77.04919311839387,9.226950000000059,76.60444311839387,8.782200000000058,76.60444311839387,9.67170000000006,77.49394311839387,9.67170000000006,77.49394311839387,8.782200000000058,7.638857863182409,0.009076820056888403,S230518h,21342,7.638857863182409
27841,66.99152693147734,21.235200000000077,66.54677693147734,20.790450000000078,66.54677693147734,21.679950000000076,67.43627693147734,21.679950000000076,67.43627693147734,20.790450000000078,7.621565672636462,0.00905627273099411,S230518h,27841,7.621565672636462
22227,75.8007522468884,10.828050000000061,75.3560022468884,10.38330000000006,75.3560022468884,11.272800000000062,76.24550224688839,11.272800000000062,76.24550224688839,10.38330000000006,7.611684029841821,0.009044530937244328,S230518h,22227,7.611684029841821
17318,82.50802338130586,2.022000000000048,82.06327338130586,1.5772500000000482,82.06327338130586,2.466750000000048,82.95277338130586,2.466750000000048,82.95277338130586,1.5772500000000482,7.395795040999642,0.008788002338456174,S230518h,17318,7.395795040999642
26148,71.5619911092612,18.033000000000072,71.1172411092612,17.588250000000073,71.1172411092612,18.47775000000007,72.0067411092612,18.47775000000007,72.0067411092612,17.588250000000073,7.367756059828672,0.008754685212882463,S230518h,26148,7.367756059828672
25290,74.28291460876389,16.43190000000007,73.83816460876389,15.987150000000069,73.83816460876389,16.87665000000007,74.72766460876389,16.87665000000007,74.72766460876389,15.987150000000069,7.350092521659996,0.008733696635742182,S230518h,25290,7.350092521659996
27842,67.85039266136808,21.235200000000077,67.40564266136808,20.790450000000078,67.40564266136808,21.679950000000076,68.29514266136808,21.679950000000076,68.29514266136808,20.790450000000078,7.343671185482455,0.008726066527412864,S230518h,27842,7.343671185482455
25716,69.56853041262272,17.23245000000007,69.12378041262272,16.787700000000072,69.12378041262272,17.67720000000007,70.01328041262272,17.67720000000007,70.01328041262272,16.787700000000072,7.16919022462523,0.008518740731669597,S230518h,25716,7.16919022462523
29086,62.04424890928991,23.63685000000008,61.59949890928991,23.19210000000008,61.59949890928991,24.08160000000008,62.48899890928991,24.08160000000008,62.48899890928991,23.19210000000008,7.1227684816200405,0.008463580416406226,S230518h,29086,7.1227684816200405
29906,61.06712202243864,25.237950000000083,60.62237202243864,24.793200000000084,60.62237202243864,25.682700000000082,61.51187202243864,25.682700000000082,61.51187202243864,24.793200000000084,7.113640342529125,0.00845273396822425,S230518h,29906,7.113640342529125
18217,81.81963027715526,3.6231000000000506,81.37488027715526,3.1783500000000506,81.37488027715526,4.067850000000051,82.26438027715525,4.067850000000051,82.26438027715525,3.1783500000000506,7.07293385526852,0.008404364766096092,S230518h,18217,7.07293385526852
2099,105.9900434801272,-25.997249999999994,105.5452934801272,-26.441999999999993,105.5452934801272,-25.552499999999995,106.4347934801272,-25.552499999999995,106.4347934801272,-26.441999999999993,7.008342189416748,0.008327614165598999,S230518h,2099,7.008342189416748
25722,74.59758080389665,17.23245000000007,74.15283080389665,16.787700000000072,74.15283080389665,17.67720000000007,75.04233080389665,17.67720000000007,75.04233080389665,16.787700000000072,6.981799340529504,0.008296074808870305,S230518h,25722,6.981799340529504
22675,80.91525530399514,11.628600000000063,80.47050530399514,11.183850000000062,80.47050530399514,12.073350000000064,81.36000530399514,12.073350000000064,81.36000530399514,11.183850000000062,6.975944589857532,0.008289117941851798,S230518h,22675,6.975944589857532
27422,69.19918430172852,20.434650000000076,68.75443430172852,19.989900000000077,68.75443430172852,20.879400000000075,69.64393430172852,20.879400000000075,69.64393430172852,19.989900000000077,6.973976530559415,0.008286779408993843,S230518h,27422,6.973976530559415
1297,106.59342851560532,-27.598349999999996,106.14867851560533,-28.043099999999995,106.14867851560533,-27.153599999999997,107.03817851560532,-27.153599999999997,107.03817851560532,-28.043099999999995,6.971660784811791,0.008284027740115437,S230518h,1297,6.971660784811791
26571,67.66685695613815,18.833550000000074,67.22210695613815,18.388800000000074,67.22210695613815,19.278300000000073,68.11160695613815,19.278300000000073,68.11160695613815,18.388800000000074,6.8994867140435225,0.008198267399385157,S230518h,26571,6.8994867140435225
29905,60.182091268490254,25.237950000000083,59.737341268490255,24.793200000000084,59.737341268490255,25.682700000000082,60.62684126849025,25.682700000000082,60.62684126849025,24.793200000000084,6.865479933993587,0.008157859078042357,S230518h,29905,6.865479933993587
13734,93.93900213026417,-4.382399999999961,93.49425213026417,-4.827149999999961,93.49425213026417,-3.9376499999999615,94.38375213026417,-3.9376499999999615,94.38375213026417,-4.827149999999961,6.862424092578309,0.008154227995602331,S230518h,13734,6.862424092578309
26573,69.35852838004159,18.833550000000074,68.91377838004159,18.388800000000074,68.91377838004159,19.278300000000073,69.80327838004159,19.278300000000073,69.80327838004159,18.388800000000074,6.798134540800835,0.008077836380065838,S230518h,26573,6.798134540800835
29907,61.952152776387024,25.237950000000083,61.507402776387025,24.793200000000084,61.507402776387025,25.682700000000082,62.39690277638702,25.682700000000082,62.39690277638702,24.793200000000084,6.757226770585491,0.00802922800485796,S230518h,29907,6.757226770585491
24425,77.01689618307395,14.830800000000067,76.57214618307395,14.386050000000067,76.57214618307395,15.275550000000068,77.46164618307395,15.275550000000068,77.46164618307395,14.386050000000067,6.754655228746303,0.008026172388041791,S230518h,24425,6.754655228746303
28258,64.77291560715067,22.03575000000008,64.32816560715067,21.59100000000008,64.32816560715067,22.480500000000077,65.21766560715066,22.480500000000077,65.21766560715066,21.59100000000008,6.635686336963559,0.007884808424682284,S230518h,28258,6.635686336963559
19121,86.8200479324766,5.224200000000053,86.3752979324766,4.779450000000053,86.3752979324766,5.668950000000053,87.2647979324766,5.668950000000053,87.2647979324766,4.779450000000053,6.613678919812348,0.007858658263365473,S230518h,19121,6.613678919812348
24859,76.47916030969434,15.631350000000069,76.03441030969434,15.186600000000068,76.03441030969434,16.076100000000068,76.92391030969434,16.076100000000068,76.92391030969434,15.186600000000068,6.600149842999062,0.00784258243135374,S230518h,24859,6.600149842999062
26149,72.40389688701721,18.033000000000072,71.95914688701721,17.588250000000073,71.95914688701721,18.47775000000007,72.84864688701721,18.47775000000007,72.84864688701721,17.588250000000073,6.572398239033207,0.007809606779757684,S230518h,26149,6.572398239033207
24419,72.04806417126274,14.830800000000067,71.60331417126274,14.386050000000067,71.60331417126274,15.275550000000068,72.49281417126274,15.275550000000068,72.49281417126274,14.386050000000067,6.554230760408414,0.007788019398853608,S230518h,24419,6.554230760408414
30714,58.317846707283756,26.839050000000086,57.87309670728376,26.394300000000086,57.87309670728376,27.283800000000085,58.762596707283755,27.283800000000085,58.762596707283755,26.394300000000086,6.539351289129285,0.007770338969951633,S230518h,30714,6.539351289129285
27843,68.70925839125881,21.235200000000077,68.26450839125881,20.790450000000078,68.26450839125881,21.679950000000076,69.15400839125881,21.679950000000076,69.15400839125881,20.790450000000078,6.526245380071709,0.007754765964100728,S230518h,27843,6.526245380071709
29088,63.79197423067836,23.63685000000008,63.347224230678364,23.19210000000008,63.347224230678364,24.08160000000008,64.23672423067836,24.08160000000008,64.23672423067836,23.19210000000008,6.5046821192231175,0.007729143568440539,S230518h,29088,6.5046821192231175
29087,62.918111569984134,23.63685000000008,62.473361569984135,23.19210000000008,62.473361569984135,24.08160000000008,63.36286156998413,24.08160000000008,63.36286156998413,23.19210000000008,6.473316606682065,0.007691873714958987,S230518h,29087,6.473316606682065
14174,86.62862304105249,-3.5818499999999602,86.1838730410525,-4.02659999999996,86.1838730410525,-3.1370999999999603,87.07337304105249,-3.1370999999999603,87.07337304105249,-4.02659999999996,6.465488283997401,0.007682571764637536,S230518h,14174,6.465488283997401
19568,86.1346015924054,6.024750000000054,85.6898515924054,5.580000000000054,85.6898515924054,6.469500000000054,86.5793515924054,6.469500000000054,86.5793515924054,5.580000000000054,6.457746706051725,0.007673372888152615,S230518h,19568,6.457746706051725
30713,57.420649065633235,26.839050000000086,56.975899065633236,26.394300000000086,56.975899065633236,27.283800000000085,57.865399065633234,27.283800000000085,57.865399065633234,26.394300000000086,6.438064148680338,0.007649985225399975,S230518h,30713,6.438064148680338
25291,75.11755409875,16.43190000000007,74.67280409875,15.987150000000069,74.67280409875,16.87665000000007,75.56230409875,16.87665000000007,75.56230409875,15.987150000000069,6.413086001490237,0.007620305114647848,S230518h,25291,6.413086001490237
27421,68.34487338442324,20.434650000000076,67.90012338442324,19.989900000000077,67.90012338442324,20.879400000000075,68.78962338442324,20.879400000000075,68.78962338442324,19.989900000000077,6.373329817026014,0.007573065103249091,S230518h,27421,6.373329817026014
20453,78.34626239783529,7.625850000000057,77.90151239783529,7.181100000000057,77.90151239783529,8.070600000000058,78.79101239783529,8.070600000000058,78.79101239783529,7.181100000000057,6.34021090080166,0.00753371177996021,S230518h,20453,6.34021090080166
12384,88.68140901045412,-6.784049999999965,88.23665901045412,-7.228799999999965,88.23665901045412,-6.339299999999965,89.12615901045412,-6.339299999999965,89.12615901045412,-7.228799999999965,6.312971285907493,0.00750134449583977,S230518h,12384,6.312971285907493
27420,67.49056246711794,20.434650000000076,67.04581246711794,19.989900000000077,67.04581246711794,20.879400000000075,67.93531246711794,20.879400000000075,67.93531246711794,19.989900000000077,6.308589680199487,0.007496138083142462,S230518h,27420,6.308589680199487
23553,78.9480493761273,13.229700000000065,78.5032993761273,12.784950000000064,78.5032993761273,13.674450000000066,79.3927993761273,13.674450000000066,79.3927993761273,12.784950000000064,6.265007692266011,0.007444352087214945,S230518h,23553,6.265007692266011
30715,59.21504434893427,26.839050000000086,58.77029434893427,26.394300000000086,58.77029434893427,27.283800000000085,59.65979434893427,27.283800000000085,59.65979434893427,26.394300000000086,6.262034293628239,0.007440818966835452,S230518h,30715,6.262034293628239
7550,100.56648987569099,-15.590099999999978,100.12173987569099,-16.034849999999977,100.12173987569099,-15.145349999999977,101.01123987569099,-15.145349999999977,101.01123987569099,-16.034849999999977,6.2407414722314,0.007415517918984556,S230518h,7550,6.2407414722314
28676,66.0163278304624,22.83630000000008,65.5715778304624,22.39155000000008,65.5715778304624,23.28105000000008,66.4610778304624,23.28105000000008,66.4610778304624,22.39155000000008,6.2130350136728305,0.007382595911106667,S230518h,28676,6.2130350136728305
23983,72.61465000877035,14.030250000000066,72.16990000877036,13.585500000000065,72.16990000877036,14.475000000000067,73.05940000877035,14.475000000000067,73.05940000877035,13.585500000000065,6.181883255082356,0.007345580049279443,S230518h,23983,6.181883255082356
30712,56.52345142398271,26.839050000000086,56.078701423982714,26.394300000000086,56.078701423982714,27.283800000000085,56.96820142398271,27.283800000000085,56.96820142398271,26.394300000000086,6.073693975714415,0.0072170248858641995,S230518h,30712,6.073693975714415
15072,85.71006210473249,-1.9807499999999578,85.26531210473249,-2.425499999999958,85.26531210473249,-1.5359999999999578,86.15481210473249,-1.5359999999999578,86.15481210473249,-2.425499999999958,6.069335871622944,0.007211846398800298,S230518h,15072,6.069335871622944
29497,61.55277884211248,24.437400000000082,61.10802884211248,23.992650000000083,61.10802884211248,24.88215000000008,61.99752884211248,24.88215000000008,61.99752884211248,23.992650000000083,6.033432182269851,0.007169184088089273,S230518h,29497,6.033432182269851
26572,68.51269266808987,18.833550000000074,68.06794266808987,18.388800000000074,68.06794266808987,19.278300000000073,68.95744266808987,19.278300000000073,68.95744266808987,18.388800000000074,6.031749477488784,0.007167184625763861,S230518h,26572,6.031749477488784
21785,76.41905498311591,10.02750000000006,75.97430498311591,9.58275000000006,75.97430498311591,10.472250000000061,76.86380498311591,10.472250000000061,76.86380498311591,9.58275000000006,5.959778105716131,0.007081665140714085,S230518h,21785,5.959778105716131
11059,97.31394056319378,-9.185699999999969,96.86919056319378,-9.63044999999997,96.86919056319378,-8.740949999999968,97.75869056319378,-8.740949999999968,97.75869056319378,-9.63044999999997,5.945527720024877,0.007064732218413724,S230518h,11059,5.945527720024877
26997,67.99753732753598,19.634100000000075,67.55278732753598,19.189350000000076,67.55278732753598,20.078850000000074,68.44228732753598,20.078850000000074,68.44228732753598,19.189350000000076,5.925888287995656,0.007041395799050836,S230518h,26997,5.925888287995656
29908,62.83718353033541,25.237950000000083,62.39243353033541,24.793200000000084,62.39243353033541,25.682700000000082,63.28193353033541,25.682700000000082,63.28193353033541,24.793200000000084,5.924959053374426,0.0070402916424349374,S230518h,29908,5.924959053374426
28673,63.41042015294415,22.83630000000008,62.96567015294415,22.39155000000008,62.96567015294415,23.28105000000008,63.85517015294415,23.28105000000008,63.85517015294415,22.39155000000008,5.912228676123944,0.007025164859658174,S230518h,28673,5.912228676123944
2904,98.45226302138849,-24.39614999999999,98.00751302138849,-24.84089999999999,98.00751302138849,-23.951399999999992,98.89701302138849,-23.951399999999992,98.89701302138849,-24.84089999999999,5.866647068277705,0.006971002829190494,S230518h,2904,5.866647068277705
22667,74.37664881478341,11.628600000000063,73.93189881478341,11.183850000000062,73.93189881478341,12.073350000000064,74.82139881478341,12.073350000000064,74.82139881478341,11.183850000000062,5.8273386531336575,0.006924294876591498,S230518h,22667,5.8273386531336575
20461,84.80780981208974,7.625850000000057,84.36305981208974,7.181100000000057,84.36305981208974,8.070600000000058,85.25255981208974,8.070600000000058,85.25255981208974,7.181100000000057,5.813197284806437,0.006907491493420433,S230518h,20461,5.813197284806437
27423,70.05349521903382,20.434650000000076,69.60874521903382,19.989900000000077,69.60874521903382,20.879400000000075,70.49824521903382,20.879400000000075,70.49824521903382,19.989900000000077,5.811381301832648,0.006905333664203725,S230518h,27423,5.811381301832648
28261,67.3638322314367,22.03575000000008,66.9190822314367,21.59100000000008,66.9190822314367,22.480500000000077,67.8085822314367,22.480500000000077,67.8085822314367,21.59100000000008,5.804800149774222,0.006897513655758579,S230518h,28261,5.804800149774222
23108,74.59842045762875,12.429150000000064,74.15367045762875,11.984400000000063,74.15367045762875,12.873900000000065,75.04317045762875,12.873900000000065,75.04317045762875,11.984400000000063,5.802580317816712,0.00689487595577833,S230518h,23108,5.802580317816712
28257,63.90927673238866,22.03575000000008,63.46452673238866,21.59100000000008,63.46452673238866,22.480500000000077,64.35402673238866,22.480500000000077,64.35402673238866,21.59100000000008,5.7967011253581076,0.006887890045975795,S230518h,28257,5.7967011253581076
19560,79.6946313798891,6.024750000000054,79.2498813798891,5.580000000000054,79.2498813798891,6.469500000000054,80.1393813798891,6.469500000000054,80.1393813798891,5.580000000000054,5.794876819180956,0.0068857223267702215,S230518h,19560,5.794876819180956
28259,65.63655448191268,22.03575000000008,65.19180448191268,21.59100000000008,65.19180448191268,22.480500000000077,66.08130448191268,22.480500000000077,66.08130448191268,21.59100000000008,5.784837278299631,0.006873792911710311,S230518h,28259,5.784837278299631
5402,96.02188362393456,-19.592849999999984,95.57713362393456,-20.037599999999983,95.57713362393456,-19.148099999999985,96.46663362393456,-19.148099999999985,96.46663362393456,-20.037599999999983,5.7444662702601885,0.0068258223404479,S230518h,5402,5.7444662702601885
30311,59.69604121553913,26.038500000000084,59.25129121553913,25.593750000000085,59.25129121553913,26.483250000000083,60.14079121553913,26.483250000000083,60.14079121553913,25.593750000000085,5.727621976700661,0.0068058072250519,S230518h,30311,5.727621976700661
23990,78.39081535037708,14.030250000000066,77.94606535037708,13.585500000000065,77.94606535037708,14.475000000000067,78.83556535037708,14.475000000000067,78.83556535037708,13.585500000000065,5.714800246292864,0.006790571892517382,S230518h,23990,5.714800246292864
27000,70.54744497731858,19.634100000000075,70.10269497731858,19.189350000000076,70.10269497731858,20.078850000000074,70.99219497731858,20.078850000000074,70.99219497731858,19.189350000000076,5.700998528633979,0.006774172096905334,S230518h,27000,5.700998528633979
27840,66.13266120158661,21.235200000000077,65.68791120158662,20.790450000000078,65.68791120158662,21.679950000000076,66.57741120158661,21.679950000000076,66.57741120158661,20.790450000000078,5.695069155794691,0.0067671265606122945,S230518h,27840,5.695069155794691
31903,52.29502790564779,29.24070000000009,51.85027790564779,28.79595000000009,51.85027790564779,29.68545000000009,52.73977790564779,29.68545000000009,52.73977790564779,28.79595000000009,5.693804567425863,0.006765623922223745,S230518h,31903,5.693804567425863
31115,57.83516641089693,27.639600000000087,57.39041641089693,27.194850000000088,57.39041641089693,28.084350000000086,58.27991641089693,28.084350000000086,58.27991641089693,27.194850000000088,5.669477814422889,0.006736717826112099,S230518h,31115,5.669477814422889
893,100.10768915702758,-28.398899999999998,99.66293915702758,-28.843649999999997,99.66293915702758,-27.95415,100.55243915702758,-27.95415,100.55243915702758,-28.843649999999997,5.627549461217149,0.006686896750220053,S230518h,893,5.627549461217149
2912,105.48456752291624,-24.39614999999999,105.03981752291624,-24.84089999999999,105.03981752291624,-23.951399999999992,105.92931752291624,-23.951399999999992,105.92931752291624,-24.84089999999999,5.6263498744275475,0.0066854713495087354,S230518h,2912,5.6263498744275475
28260,66.50019335667469,22.03575000000008,66.05544335667469,21.59100000000008,66.05544335667469,22.480500000000077,66.94494335667468,22.480500000000077,66.94494335667468,21.59100000000008,5.590707661300527,0.006643119736116043,S230518h,28260,5.590707661300527
27418,65.78194063250736,20.434650000000076,65.33719063250736,19.989900000000077,65.33719063250736,20.879400000000075,66.22669063250736,20.879400000000075,66.22669063250736,19.989900000000077,5.57721536578445,0.00662708760922649,S230518h,27418,5.57721536578445
28675,65.14769193795631,22.83630000000008,64.70294193795631,22.39155000000008,64.70294193795631,23.28105000000008,65.59244193795631,23.28105000000008,65.59244193795631,22.39155000000008,5.560149860648556,0.006606809640703866,S230518h,28675,5.560149860648556
15530,92.08278435370713,-1.1801999999999566,91.63803435370713,-1.6249499999999566,91.63803435370713,-0.7354499999999566,92.52753435370713,-0.7354499999999566,92.52753435370713,-1.6249499999999566,5.529888660534267,0.006570851978830517,S230518h,15530,5.529888660534267
29496,60.673453430082304,24.437400000000082,60.228703430082305,23.992650000000083,60.228703430082305,24.88215000000008,61.1182034300823,24.88215000000008,61.1182034300823,23.992650000000083,5.521626924772878,0.006561035028416355,S230518h,29496,5.521626924772878
15970,84.05959534364675,-0.3796499999999554,83.61484534364675,-0.8243999999999554,83.61484534364675,0.06510000000004462,84.50434534364675,0.06510000000004462,84.50434534364675,-0.8243999999999554,5.519817683690897,0.006558885210205989,S230518h,15970,5.519817683690897
30312,60.5870269053233,26.038500000000084,60.1422769053233,25.593750000000085,60.1422769053233,26.483250000000083,61.0317769053233,26.483250000000083,61.0317769053233,25.593750000000085,5.503589777149678,0.006539602512424087,S230518h,30312,5.503589777149678
28674,64.27905604545023,22.83630000000008,63.834306045450234,22.39155000000008,63.834306045450234,23.28105000000008,64.72380604545023,23.28105000000008,64.72380604545023,22.39155000000008,5.45617410437714,0.006483261166984609,S230518h,28674,5.45617410437714
23546,73.19142077578468,13.229700000000065,72.74667077578468,12.784950000000064,72.74667077578468,13.674450000000066,73.63617077578468,13.674450000000066,73.63617077578468,12.784950000000064,5.419931929160916,0.0064401966527863,S230518h,23546,5.419931929160916
13278,87.61819232644166,-5.182949999999963,87.17344232644166,-5.627699999999963,87.17344232644166,-4.738199999999963,88.06294232644166,-4.738199999999963,88.06294232644166,-5.627699999999963,5.413384344766714,0.006432416530886152,S230518h,13278,5.413384344766714
31902,51.37757127572415,29.24070000000009,50.93282127572415,28.79595000000009,50.93282127572415,29.68545000000009,51.82232127572415,29.68545000000009,51.82232127572415,28.79595000000009,5.39308771434701,0.006408299200078263,S230518h,31902,5.39308771434701
4568,103.89371509297183,-21.193949999999987,103.44896509297183,-21.638699999999986,103.44896509297183,-20.749199999999988,104.33846509297183,-20.749199999999988,104.33846509297183,-21.638699999999986,5.39075553994605,0.006405528009966083,S230518h,4568,5.39075553994605
16869,83.27612257237699,1.221450000000047,82.83137257237699,0.776700000000047,82.83137257237699,1.666200000000047,83.72087257237699,1.666200000000047,83.72087257237699,0.776700000000047,5.375493822598574,0.006387393379815441,S230518h,16869,5.375493822598574
31905,54.12994116549508,29.24070000000009,53.685191165495084,28.79595000000009,53.685191165495084,29.68545000000009,54.57469116549508,29.68545000000009,54.57469116549508,28.79595000000009,5.370224916557321,0.006381132638630086,S230518h,31905,5.370224916557321
901,107.38824836844776,-28.398899999999998,106.94349836844776,-28.843649999999997,106.94349836844776,-27.95415,107.83299836844776,-27.95415,107.83299836844776,-28.843649999999997,5.362271435589795,0.006371681969844105,S230518h,901,5.362271435589795
26150,73.24580266477322,18.033000000000072,72.80105266477322,17.588250000000073,72.80105266477322,18.47775000000007,73.69055266477322,18.47775000000007,73.69055266477322,17.588250000000073,5.310872380837195,0.006310607398299565,S230518h,26150,5.310872380837195
28677,66.88496372296848,22.83630000000008,66.44021372296848,22.39155000000008,66.44021372296848,23.28105000000008,67.32971372296848,23.28105000000008,67.32971372296848,22.39155000000008,5.3057271302861855,0.006304493589895797,S230518h,28677,5.3057271302861855
17767,81.75528272148354,2.8225500000000494,81.31053272148354,2.3778000000000494,81.31053272148354,3.2673000000000494,82.20003272148354,3.2673000000000494,82.20003272148354,2.3778000000000494,5.299691071277937,0.006297321284499894,S230518h,17767,5.299691071277937
7110,94.29426550021728,-16.39064999999998,93.84951550021728,-16.83539999999998,93.84951550021728,-15.945899999999979,94.73901550021728,-15.945899999999979,94.73901550021728,-16.83539999999998,5.263712088903766,0.006254569507376992,S230518h,7110,5.263712088903766
29904,59.29706051454186,25.237950000000083,58.85231051454186,24.793200000000084,58.85231051454186,25.682700000000082,59.74181051454186,25.682700000000082,59.74181051454186,24.793200000000084,5.234433362483823,0.006219779263080186,S230518h,29904,5.234433362483823
23115,80.33676049283095,12.429150000000064,79.89201049283095,11.984400000000063,79.89201049283095,12.873900000000065,80.78151049283095,12.873900000000065,80.78151049283095,11.984400000000063,5.227567693439705,0.006211621179293346,S230518h,23115,5.227567693439705
31113,56.027817460556406,27.639600000000087,55.58306746055641,27.194850000000088,55.58306746055641,28.084350000000086,56.472567460556405,28.084350000000086,56.472567460556405,27.194850000000088,5.216859334445886,0.006198897045734069,S230518h,31113,5.216859334445886
15979,91.26470351595933,-0.3796499999999554,90.81995351595933,-0.8243999999999554,90.81995351595933,0.06510000000004462,91.70945351595932,0.06510000000004462,91.70945351595932,-0.8243999999999554,5.201369389027708,0.006180491225155908,S230518h,15979,5.201369389027708
20898,77.69148598336903,8.426400000000058,77.24673598336904,7.981650000000058,77.24673598336904,8.871150000000059,78.13623598336903,8.871150000000059,78.13623598336903,7.981650000000058,5.159429187320701,0.006130656070364127,S230518h,20898,5.159429187320701
17327,89.71746231753646,2.022000000000048,89.27271231753646,1.5772500000000482,89.27271231753646,2.466750000000048,90.16221231753646,2.466750000000048,90.16221231753646,1.5772500000000482,5.111537724501476,0.006073749370690287,S230518h,17327,5.111537724501476
500,100.87959723572085,-29.19945,100.43484723572085,-29.644199999999998,100.43484723572085,-28.7547,101.32434723572085,-28.7547,101.32434723572085,-29.644199999999998,5.097673251851501,0.006057275006893833,S230518h,500,5.097673251851501
7976,93.56185786088818,-14.789549999999977,93.11710786088818,-15.234299999999978,93.11710786088818,-14.344799999999976,94.00660786088818,-14.344799999999976,94.00660786088818,-15.234299999999978,5.092022435823303,0.006050560463806214,S230518h,7976,5.092022435823303
26145,69.03627377599315,18.033000000000072,68.59152377599315,17.588250000000073,68.59152377599315,18.47775000000007,69.48102377599315,18.47775000000007,69.48102377599315,17.588250000000073,5.065504701742674,0.00601905094957289,S230518h,26145,5.065504701742674
29498,62.432104254142665,24.437400000000082,61.987354254142666,23.992650000000083,61.987354254142666,24.88215000000008,62.876854254142664,24.88215000000008,62.876854254142664,23.992650000000083,5.0588386864187305,0.006011130102939059,S230518h,29498,5.0588386864187305
31510,54.62547157367774,28.440150000000088,54.180721573677744,27.99540000000009,54.180721573677744,28.884900000000087,55.07022157367774,28.884900000000087,55.07022157367774,27.99540000000009,5.044905865207266,0.005994574524436833,S230518h,31510,5.044905865207266
24852,70.6600937643915,15.631350000000069,70.2153437643915,15.186600000000068,70.2153437643915,16.076100000000068,71.1048437643915,16.076100000000068,71.1048437643915,15.186600000000068,5.0426958512944475,0.005991948490680327,S230518h,24852,5.0426958512944475
28672,62.541784260438064,22.83630000000008,62.097034260438065,22.39155000000008,62.097034260438065,23.28105000000008,62.98653426043806,23.28105000000008,62.98653426043806,22.39155000000008,5.0347407208350115,0.005982495861896985,S230518h,28672,5.0347407208350115
8856,99.49062362269797,-13.188449999999975,99.04587362269797,-13.633199999999976,99.04587362269797,-12.743699999999974,99.93537362269797,-12.743699999999974,99.93537362269797,-13.633199999999976,5.019599932001293,0.005964504924216971,S230518h,8856,5.019599932001293
31112,55.124142985386136,27.639600000000087,54.67939298538614,27.194850000000088,54.67939298538614,28.084350000000086,55.568892985386135,28.084350000000086,55.568892985386135,27.194850000000088,5.01289753781896,0.005956540850656105,S230518h,31112,5.01289753781896
30716,60.11224199058479,26.839050000000086,59.66749199058479,26.394300000000086,59.66749199058479,27.283800000000085,60.55699199058479,27.283800000000085,60.55699199058479,26.394300000000086,5.0070694489745975,0.005949615664369972,S230518h,30716,5.0070694489745975
30717,61.00943963223531,26.839050000000086,60.564689632235314,26.394300000000086,60.564689632235314,27.283800000000085,61.45418963223531,27.283800000000085,61.45418963223531,26.394300000000086,5.001653314897265,0.00594317998048837,S230518h,30717,5.001653314897265
17776,88.96898413808502,2.8225500000000494,88.52423413808502,2.3778000000000494,88.52423413808502,3.2673000000000494,89.41373413808502,3.2673000000000494,89.41373413808502,2.3778000000000494,4.994382814810928,0.005934540859013766,S230518h,17776,4.994382814810928
27839,65.27379547169588,21.235200000000077,64.82904547169588,20.790450000000078,64.82904547169588,21.679950000000076,65.71854547169588,21.679950000000076,65.71854547169588,20.790450000000078,4.988943743419109,0.005928077920026766,S230518h,27839,4.988943743419109
7542,93.91746575167836,-15.590099999999978,93.47271575167836,-16.034849999999977,93.47271575167836,-15.145349999999977,94.36221575167836,-15.145349999999977,94.36221575167836,-16.034849999999977,4.957245670752706,0.00589041290427489,S230518h,7542,4.957245670752706
26996,67.14756811094178,19.634100000000075,66.70281811094178,19.189350000000076,66.70281811094178,20.078850000000074,67.59231811094178,20.078850000000074,67.59231811094178,19.189350000000076,4.9490983148197465,0.0058807318649012775,S230518h,26996,4.9490983148197465
5826,95.55599539893686,-18.792299999999983,95.11124539893686,-19.237049999999982,95.11124539893686,-18.347549999999984,96.00074539893686,-18.347549999999984,96.00074539893686,-19.237049999999982,4.942530436255725,0.005872927628594113,S230518h,5826,4.942530436255725
29500,64.19075507820301,24.437400000000082,63.74600507820301,23.992650000000083,63.74600507820301,24.88215000000008,64.63550507820301,24.88215000000008,64.63550507820301,23.992650000000083,4.920368105403674,0.005846593392143025,S230518h,29500,4.920368105403674
31901,50.4601146458005,29.24070000000009,50.0153646458005,28.79595000000009,50.0153646458005,29.68545000000009,50.9048646458005,29.68545000000009,50.9048646458005,28.79595000000009,4.882926815182972,0.005802104037828811,S230518h,31901,4.882926815182972
31509,53.71504704744979,28.440150000000088,53.27029704744979,27.99540000000009,53.27029704744979,28.884900000000087,54.159797047449786,28.884900000000087,54.159797047449786,27.99540000000009,4.875796414037144,0.005793631387951916,S230518h,31509,4.875796414037144
33065,46.07674688741294,31.642350000000093,45.63199688741294,31.197600000000094,45.63199688741294,32.08710000000009,46.52149688741294,32.08710000000009,46.52149688741294,31.197600000000094,4.8509506941615985,0.005764108633040983,S230518h,33065,4.8509506941615985
5834,102.32102162187043,-18.792299999999983,101.87627162187043,-19.237049999999982,101.87627162187043,-18.347549999999984,102.76577162187043,-18.347549999999984,102.76577162187043,-19.237049999999982,4.831424181414592,0.005740906389234698,S230518h,5834,4.831424181414592
9294,99.1755953455132,-12.387899999999973,98.7308453455132,-12.832649999999974,98.7308453455132,-11.943149999999973,99.6203453455132,-11.943149999999973,99.6203453455132,-12.832649999999974,4.831358024972035,0.005740827779299096,S230518h,9294,4.831358024972035
31904,53.21248453557144,29.24070000000009,52.76773453557144,28.79595000000009,52.76773453557144,29.68545000000009,53.65723453557144,29.68545000000009,53.65723453557144,28.79595000000009,4.82616896536432,0.005734661915086502,S230518h,31904,4.82616896536432
14622,85.75987276621444,-2.781299999999959,85.31512276621444,-3.226049999999959,85.31512276621444,-2.336549999999959,86.20462276621444,-2.336549999999959,86.20462276621444,-3.226049999999959,4.816698932572059,0.005723409214077038,S230518h,14622,4.816698932572059
29499,63.31142966617284,24.437400000000082,62.86667966617284,23.992650000000083,62.86667966617284,24.88215000000008,63.75617966617284,24.88215000000008,63.75617966617284,23.992650000000083,4.796051932537521,0.005698875558996042,S230518h,29499,4.796051932537521
33066,47.01708866062545,31.642350000000093,46.57233866062545,31.197600000000094,46.57233866062545,32.08710000000009,47.461838660625446,32.08710000000009,47.461838660625446,31.197600000000094,4.695163512018667,0.005578995590645405,S230518h,33066,4.695163512018667
3322,104.8305154848812,-23.59559999999999,104.3857654848812,-24.04034999999999,104.3857654848812,-23.15084999999999,105.2752654848812,-23.15084999999999,105.2752654848812,-24.04034999999999,4.694996880031102,0.005578797591337924,S230518h,3322,4.694996880031102
29089,64.66583689137259,23.63685000000008,64.2210868913726,23.19210000000008,64.2210868913726,24.08160000000008,65.11058689137259,24.08160000000008,65.11058689137259,23.19210000000008,4.693851002374673,0.005577436010132867,S230518h,29089,4.693851002374673
25715,68.7303553474104,17.23245000000007,68.2856053474104,16.787700000000072,68.2856053474104,17.67720000000007,69.1751053474104,17.67720000000007,69.1751053474104,16.787700000000072,4.692625457889456,0.005575979765369151,S230518h,25715,4.692625457889456
11938,88.83773670218382,-7.584599999999966,88.39298670218382,-8.029349999999967,88.39298670218382,-7.139849999999966,89.28248670218382,-7.139849999999966,89.28248670218382,-8.029349999999967,4.673963487911415,0.005553804808532454,S230518h,11938,4.673963487911415
33063,44.196063340987926,31.642350000000093,43.75131334098793,31.197600000000094,43.75131334098793,32.08710000000009,44.640813340987926,32.08710000000009,44.640813340987926,31.197600000000094,4.628914752954898,0.005500275960592821,S230518h,33063,4.628914752954898
27001,71.39741419391278,19.634100000000075,70.95266419391278,19.189350000000076,70.95266419391278,20.078850000000074,71.84216419391278,20.078850000000074,71.84216419391278,19.189350000000076,4.5801699764283414,0.005442355316804265,S230518h,27001,4.5801699764283414
12830,87.73795019863779,-5.983499999999964,87.29320019863779,-6.428249999999964,87.29320019863779,-5.538749999999964,88.18270019863779,-5.538749999999964,88.18270019863779,-6.428249999999964,4.566982563413736,0.005426685464439769,S230518h,12830,4.566982563413736
29903,58.41202976059348,25.237950000000083,57.96727976059348,24.793200000000084,57.96727976059348,25.682700000000082,58.856779760593476,25.682700000000082,58.856779760593476,24.793200000000084,4.528274065939827,0.005380690359865744,S230518h,29903,4.528274065939827
32293,49.93812820422332,30.04125000000009,49.49337820422332,29.59650000000009,49.49337820422332,30.48600000000009,50.38287820422332,30.48600000000009,50.38287820422332,29.59650000000009,4.5232859212417065,0.00537476323140577,S230518h,32293,4.5232859212417065
31512,56.44632062613367,28.440150000000088,56.00157062613367,27.99540000000009,56.00157062613367,28.884900000000087,56.89107062613367,28.884900000000087,56.89107062613367,27.99540000000009,4.480998913511136,0.005324515986753579,S230518h,31512,4.480998913511136
30310,58.805055525754966,26.038500000000084,58.36030552575497,25.593750000000085,58.36030552575497,26.483250000000083,59.249805525754965,26.483250000000083,59.249805525754965,25.593750000000085,4.480934261103954,0.0053244391639776165,S230518h,30310,4.480934261103954
117,108.15427537194266,-30.0,107.70952537194266,-30.44475,107.70952537194266,-29.55525,108.59902537194266,-29.55525,108.59902537194266,-30.44475,4.4612138199571,0.005301006486090627,S230518h,117,4.4612138199571
33062,43.25572156777542,31.642350000000093,42.81097156777542,31.197600000000094,42.81097156777542,32.08710000000009,43.700471567775416,32.08710000000009,43.700471567775416,31.197600000000094,4.434657483580559,0.005269451102946,S230518h,33062,4.434657483580559
24426,77.84503485170916,14.830800000000067,77.40028485170916,14.386050000000067,77.40028485170916,15.275550000000068,78.28978485170916,15.275550000000068,78.28978485170916,14.386050000000067,4.4242840793411,0.005257124977058419,S230518h,24426,4.4242840793411
30711,55.6262537823322,26.839050000000086,55.1815037823322,26.394300000000086,55.1815037823322,27.283800000000085,56.0710037823322,27.283800000000085,56.0710037823322,26.394300000000086,4.4057531929235285,0.005235105779356413,S230518h,30711,4.4057531929235285
32681,48.48506116881354,30.84180000000009,48.04031116881354,30.397050000000092,48.04031116881354,31.28655000000009,48.929811168813536,31.28655000000009,48.929811168813536,30.397050000000092,4.385165743319758,0.00521064288466317,S230518h,32681,4.385165743319758
29902,57.52699900664509,25.237950000000083,57.08224900664509,24.793200000000084,57.08224900664509,25.682700000000082,57.97174900664509,25.682700000000082,57.97174900664509,24.793200000000084,4.3183202256397175,0.005131214160309539,S230518h,29902,4.3183202256397175
14183,93.84767496114019,-3.5818499999999602,93.40292496114019,-4.02659999999996,93.40292496114019,-3.1370999999999603,94.29242496114018,-3.1370999999999603,94.29242496114018,-4.02659999999996,4.248550961164425,0.005048311314035102,S230518h,14183,4.248550961164425
29909,63.722214284283794,25.237950000000083,63.277464284283795,24.793200000000084,63.277464284283795,25.682700000000082,64.1669642842838,25.682700000000082,64.1669642842838,24.793200000000084,4.225214726879643,0.005020582194943978,S230518h,29909,4.225214726879643
30308,57.02308414618663,26.038500000000084,56.578334146186634,25.593750000000085,56.578334146186634,26.483250000000083,57.46783414618663,26.483250000000083,57.46783414618663,25.593750000000085,4.223405388039375,0.005018432260573002,S230518h,30308,4.223405388039375
10607,90.22805948851726,-9.98624999999997,89.78330948851726,-10.43099999999997,89.78330948851726,-9.541499999999969,90.67280948851726,-9.541499999999969,90.67280948851726,-10.43099999999997,4.195259902066695,0.004984988581404811,S230518h,10607,4.195259902066695
1689,99.5526981573821,-26.797799999999995,99.1079481573821,-27.242549999999994,99.1079481573821,-26.353049999999996,99.9974481573821,-26.353049999999996,99.9974481573821,-27.242549999999994,4.175011210907277,0.004960928214091604,S230518h,1689,4.175011210907277
15831,333.0994634012362,-1.1801999999999566,332.6547134012362,-1.6249499999999566,332.6547134012362,-0.7354499999999566,333.5442134012362,-0.7354499999999566,333.5442134012362,-1.6249499999999566,4.172130028004214,0.004957504668421493,S230518h,15831,4.172130028004214
31114,56.93149193572667,27.639600000000087,56.48674193572667,27.194850000000088,56.48674193572667,28.084350000000086,57.37624193572667,28.084350000000086,57.37624193572667,27.194850000000088,4.151506004434281,0.004932998314965753,S230518h,31114,4.151506004434281
30309,57.9140698359708,26.038500000000084,57.4693198359708,25.593750000000085,57.4693198359708,26.483250000000083,58.3588198359708,26.483250000000083,58.3588198359708,25.593750000000085,4.149868695254016,0.0049310527936492245,S230518h,30309,4.149868695254016
21350,83.53754622310073,9.226950000000059,83.09279622310073,8.782200000000058,83.09279622310073,9.67170000000006,83.98229622310073,9.67170000000006,83.98229622310073,8.782200000000058,4.144402892974093,0.004924558091869197,S230518h,21350,4.144402892974093
23554,79.77042489046195,13.229700000000065,79.32567489046195,12.784950000000064,79.32567489046195,13.674450000000066,80.21517489046195,13.674450000000066,80.21517489046195,12.784950000000064,4.126776006819475,0.004903613066231284,S230518h,23554,4.126776006819475
27002,72.24738341050698,19.634100000000075,71.80263341050699,19.189350000000076,71.80263341050699,20.078850000000074,72.69213341050698,20.078850000000074,72.69213341050698,19.189350000000076,4.102103147087773,0.0048742957111914805,S230518h,27002,4.102103147087773
15521,84.87630557819962,-1.1801999999999566,84.43155557819962,-1.6249499999999566,84.43155557819962,-0.7354499999999566,85.32105557819962,-0.7354499999999566,85.32105557819962,-1.6249499999999566,4.075276841875323,0.004842419539443584,S230518h,15521,4.075276841875323
31116,58.738840886067194,27.639600000000087,58.294090886067195,27.194850000000088,58.294090886067195,28.084350000000086,59.18359088606719,28.084350000000086,59.18359088606719,27.194850000000088,4.070495164825669,0.0048367377447398165,S230518h,31116,4.070495164825669
33064,45.13640511420043,31.642350000000093,44.69165511420043,31.197600000000094,44.69165511420043,32.08710000000009,45.58115511420043,32.08710000000009,45.58115511420043,31.197600000000094,4.06728428621166,0.004832922440419999,S230518h,33064,4.06728428621166
32296,52.712468660013506,30.04125000000009,52.26771866001351,29.59650000000009,52.26771866001351,30.48600000000009,53.157218660013505,30.48600000000009,53.157218660013505,29.59650000000009,4.065275374688748,0.004830535365188299,S230518h,32296,4.065275374688748
6680,94.69266127038327,-17.19119999999998,94.24791127038327,-17.63594999999998,94.24791127038327,-16.74644999999998,95.13741127038327,-16.74644999999998,95.13741127038327,-17.63594999999998,4.051342613683888,0.0048139798582261546,S230518h,6680,4.051342613683888
28262,68.2274711061987,22.03575000000008,67.78272110619871,21.59100000000008,67.78272110619871,22.480500000000077,68.6722211061987,22.480500000000077,68.6722211061987,21.59100000000008,4.031282439226101,0.004790143494580652,S230518h,28262,4.031282439226101
29090,65.5396995520668,23.63685000000008,65.09494955206681,23.19210000000008,65.09494955206681,24.08160000000008,65.9844495520668,24.08160000000008,65.9844495520668,23.19210000000008,4.028469816568201,0.004786801415147975,S230518h,29090,4.028469816568201
25285,70.10971715883333,16.43190000000007,69.66496715883333,15.987150000000069,69.66496715883333,16.87665000000007,70.55446715883333,16.87665000000007,70.55446715883333,15.987150000000069,4.019769934777329,0.004776463840742703,S230518h,25285,4.019769934777329
31511,55.535896099905706,28.440150000000088,55.09114609990571,27.99540000000009,55.09114609990571,28.884900000000087,55.980646099905705,28.884900000000087,55.980646099905705,27.99540000000009,4.017127091227221,0.004773323500161363,S230518h,31511,4.017127091227221
24418,71.21992550262753,14.830800000000067,70.77517550262753,14.386050000000067,70.77517550262753,15.275550000000068,71.66467550262753,15.275550000000068,71.66467550262753,14.386050000000067,4.015314027802178,0.004771169140078273,S230518h,24418,4.015314027802178
29084,60.29652358790147,23.63685000000008,59.85177358790147,23.19210000000008,59.85177358790147,24.08160000000008,60.74127358790147,24.08160000000008,60.74127358790147,23.19210000000008,4.01271285971566,0.004768078320078487,S230518h,29084,4.01271285971566
29501,65.0700804902332,24.437400000000082,64.6253304902332,23.992650000000083,64.6253304902332,24.88215000000008,65.5148304902332,24.88215000000008,65.5148304902332,23.992650000000083,4.0051791507753,0.0047591264425023636,S230518h,29501,4.0051791507753
9734,98.88179857648304,-11.587349999999972,98.43704857648304,-12.032099999999973,98.43704857648304,-11.142599999999971,99.32654857648303,-11.142599999999971,99.32654857648303,-12.032099999999973,3.993308235133652,0.004745020909041783,S230518h,9734,3.993308235133652
13725,86.71292504332077,-4.382399999999961,86.26817504332077,-4.827149999999961,86.26817504332077,-3.9376499999999615,87.15767504332076,-3.9376499999999615,87.15767504332076,-4.827149999999961,3.9867429986547016,0.004737219812173942,S230518h,13725,3.9867429986547016
18983,336.4326829801842,4.423650000000052,335.9879329801842,3.978900000000052,335.9879329801842,4.868400000000052,336.8774329801842,4.868400000000052,336.8774329801842,3.978900000000052,3.977209974975372,0.004725892262678306,S230518h,18983,3.977209974975372
29085,61.17038624859569,23.63685000000008,60.72563624859569,23.19210000000008,60.72563624859569,24.08160000000008,61.61513624859569,24.08160000000008,61.61513624859569,23.19210000000008,3.9600362447881525,0.0047054856964864845,S230518h,29085,3.9600362447881525
26151,74.08770844252923,18.033000000000072,73.64295844252923,17.588250000000073,73.64295844252923,18.47775000000007,74.53245844252923,18.47775000000007,74.53245844252923,17.588250000000073,3.9599419695419495,0.0047053736745768055,S230518h,26151,3.9599419695419495
13132,330.8284177214691,-5.983499999999964,330.3836677214691,-6.428249999999964,330.3836677214691,-5.538749999999964,331.2731677214691,-5.538749999999964,331.2731677214691,-6.428249999999964,3.9454224372776343,0.004688120940721319,S230518h,13132,3.9454224372776343
23107,73.778657595457,12.429150000000064,73.333907595457,11.984400000000063,73.333907595457,12.873900000000065,74.223407595457,12.873900000000065,74.223407595457,11.984400000000063,3.941586624338868,0.004683563062509594,S230518h,23107,3.941586624338868
9285,91.79889817105354,-12.387899999999973,91.35414817105354,-12.832649999999974,91.35414817105354,-11.943149999999973,92.24364817105354,-11.943149999999973,92.24364817105354,-12.832649999999974,3.937431757502872,0.004678626070709755,S230518h,9285,3.937431757502872
6252,95.11308456133466,-17.991749999999982,94.66833456133466,-18.43649999999998,94.66833456133466,-17.546999999999983,95.55783456133466,-17.546999999999983,95.55783456133466,-18.43649999999998,3.9312729724065916,0.004671307936888019,S230518h,6252,3.9312729724065916
25292,75.95219358873611,16.43190000000007,75.50744358873611,15.987150000000069,75.50744358873611,16.87665000000007,76.39694358873611,16.87665000000007,76.39694358873611,15.987150000000069,3.909556524486558,0.004645503517749002,S230518h,25292,3.909556524486558
33447,45.5328757062494,32.442900000000094,45.0881257062494,31.998150000000095,45.0881257062494,32.88765000000009,45.9776257062494,32.88765000000009,45.9776257062494,31.998150000000095,3.8982397092409484,0.004632056390254127,S230518h,33447,3.8982397092409484
19432,336.8296304047009,5.224200000000053,336.3848804047009,4.779450000000053,336.3848804047009,5.668950000000053,337.2743804047009,5.668950000000053,337.2743804047009,4.779450000000053,3.8878461634374126,0.004619706331292247,S230518h,19432,3.8878461634374126
33068,48.897772207050465,31.642350000000093,48.453022207050466,31.197600000000094,48.453022207050466,32.08710000000009,49.342522207050465,32.08710000000009,49.342522207050465,31.197600000000094,3.8731911270579813,0.004602292585608565,S230518h,33068,3.8731911270579813
26995,66.29759889434759,19.634100000000075,65.85284889434759,19.189350000000076,65.85284889434759,20.078850000000074,66.74234889434759,20.078850000000074,66.74234889434759,19.189350000000076,3.8729249517057154,0.0046019763045860125,S230518h,26995,3.8729249517057154
27838,64.41492974180514,21.235200000000077,63.97017974180514,20.790450000000078,63.97017974180514,21.679950000000076,64.85967974180514,21.679950000000076,64.85967974180514,20.790450000000078,3.871827742446961,0.004600672553268101,S230518h,27838,3.871827742446961
26144,68.19436799823714,18.033000000000072,67.74961799823714,17.588250000000073,67.74961799823714,18.47775000000007,68.63911799823714,18.47775000000007,68.63911799823714,17.588250000000073,3.8425547388667702,0.004565889109096076,S230518h,26144,3.8425547388667702
31513,57.35674515236163,28.440150000000088,56.911995152361634,27.99540000000009,56.911995152361634,28.884900000000087,57.80149515236163,28.884900000000087,57.80149515236163,27.99540000000009,3.8408006523341234,0.0045638048278977324,S230518h,31513,3.8408006523341234
22676,81.7325811151466,11.628600000000063,81.2878311151466,11.183850000000062,81.2878311151466,12.073350000000064,82.1773311151466,12.073350000000064,82.1773311151466,11.183850000000062,3.8267616834016644,0.004547123120099718,S230518h,22676,3.8267616834016644
33444,42.687070974608815,32.442900000000094,42.242320974608816,31.998150000000095,42.242320974608816,32.88765000000009,43.131820974608814,32.88765000000009,43.131820974608814,31.998150000000095,3.789779557606671,0.004503179364740651,S230518h,33444,3.789779557606671
27844,69.56812412114955,21.235200000000077,69.12337412114955,20.790450000000078,69.12337412114955,21.679950000000076,70.01287412114955,21.679950000000076,70.01287412114955,20.790450000000078,3.7841169217890327,0.004496450776869928,S230518h,27844,3.7841169217890327
33067,47.957430433837956,31.642350000000093,47.51268043383796,31.197600000000094,47.51268043383796,32.08710000000009,48.402180433837955,32.08710000000009,48.402180433837955,31.197600000000094,3.7755020866840066,0.004486214258601277,S230518h,33067,3.7755020866840066
33443,41.738469397395285,32.442900000000094,41.293719397395286,31.998150000000095,41.293719397395286,32.88765000000009,42.183219397395284,32.88765000000009,42.183219397395284,31.998150000000095,3.7579830481025756,0.004465397382096773,S230518h,33443,3.7579830481025756
27417,64.92762971520207,20.434650000000076,64.48287971520207,19.989900000000077,64.48287971520207,20.879400000000075,65.37237971520207,20.879400000000075,65.37237971520207,19.989900000000077,3.756849291071604,0.004464050203141138,S230518h,27417,3.756849291071604
30313,61.478012595107465,26.038500000000084,61.033262595107466,25.593750000000085,61.033262595107466,26.483250000000083,61.922762595107464,26.483250000000083,61.922762595107464,25.593750000000085,3.7317501466775846,0.004434226318297775,S230518h,30313,3.7317501466775846
21341,76.23814898030552,9.226950000000059,75.79339898030553,8.782200000000058,75.79339898030553,9.67170000000006,76.68289898030552,9.67170000000006,76.68289898030552,8.782200000000058,3.7077612328004514,0.004405721657192297,S230518h,21341,3.7077612328004514
32294,50.86290835615338,30.04125000000009,50.418158356153384,29.59650000000009,50.418158356153384,30.48600000000009,51.30765835615338,30.48600000000009,51.30765835615338,29.59650000000009,3.7029019626558664,0.004399947663029793,S230518h,32294,3.7029019626558664
11050,90.01539502095424,-9.185699999999969,89.57064502095425,-9.63044999999997,89.57064502095425,-8.740949999999968,90.46014502095424,-8.740949999999968,90.46014502095424,-9.63044999999997,3.6992772781019228,0.004395640656662035,S230518h,11050,3.6992772781019228
32684,51.28227623624509,30.84180000000009,50.83752623624509,30.397050000000092,50.83752623624509,31.28655000000009,51.72702623624509,31.28655000000009,51.72702623624509,30.397050000000092,3.6951187090853677,0.004390699265771735,S230518h,32684,3.6951187090853677
20328,337.82456952876134,6.825300000000055,337.37981952876135,6.3805500000000555,337.37981952876135,7.270050000000055,338.26931952876134,7.270050000000055,338.26931952876134,6.3805500000000555,3.691710322597347,0.004386649274085779,S230518h,20328,3.691710322597347
31907,55.964854425342374,29.24070000000009,55.520104425342375,28.79595000000009,55.520104425342375,29.68545000000009,56.40960442534237,29.68545000000009,56.40960442534237,28.79595000000009,3.6700825699394937,0.004360950246478995,S230518h,31907,3.6700825699394937
26577,72.7418712278485,18.833550000000074,72.2971212278485,18.388800000000074,72.2971212278485,19.278300000000073,73.1866212278485,19.278300000000073,73.1866212278485,18.388800000000074,3.617160834236295,0.004298066359819527,S230518h,26577,3.617160834236295
32295,51.78768850808344,30.04125000000009,51.34293850808344,29.59650000000009,51.34293850808344,30.48600000000009,52.23243850808344,30.48600000000009,52.23243850808344,29.59650000000009,3.60276492823211,0.004280960524013148,S230518h,32295,3.60276492823211
26570,66.82102124418641,18.833550000000074,66.37627124418641,18.388800000000074,66.37627124418641,19.278300000000073,67.26577124418641,19.278300000000073,67.26577124418641,18.388800000000074,3.5634521966341084,0.004234247442417577,S230518h,26570,3.5634521966341084
3727,97.25775902107752,-22.79504999999999,96.81300902107752,-23.23979999999999,96.81300902107752,-22.35029999999999,97.70250902107752,-22.35029999999999,97.70250902107752,-23.23979999999999,3.5365838184728258,0.0042023212777790335,S230518h,3727,3.5365838184728258
14930,332.62006727083167,-2.781299999999959,332.17531727083167,-3.226049999999959,332.17531727083167,-2.336549999999959,333.06481727083167,-2.336549999999959,333.06481727083167,-3.226049999999959,3.5323014554619157,0.004197232789530594,S230518h,14930,3.5323014554619157
29495,59.79412801805213,24.437400000000082,59.34937801805213,23.992650000000083,59.34937801805213,24.88215000000008,60.23887801805213,24.88215000000008,60.23887801805213,23.992650000000083,3.5260994628058233,0.0041898633146245584,S230518h,29495,3.5260994628058233
31111,54.22046851021587,27.639600000000087,53.775718510215874,27.194850000000088,53.775718510215874,28.084350000000086,54.66521851021587,28.084350000000086,54.66521851021587,27.194850000000088,3.525268118707797,0.004188875475746248,S230518h,31111,3.525268118707797
16282,333.8366786504828,-0.3796499999999554,333.3919286504828,-0.8243999999999554,333.3919286504828,0.06510000000004462,334.2814286504828,0.06510000000004462,334.2814286504828,-0.8243999999999554,3.5212563665484367,0.004184108538971726,S230518h,16282,3.5212563665484367
31900,49.54265801587686,29.24070000000009,49.09790801587686,28.79595000000009,49.09790801587686,29.68545000000009,49.98740801587686,29.68545000000009,49.98740801587686,28.79595000000009,3.5049059851871776,0.004164680311331446,S230518h,31900,3.5049059851871776
31508,52.80462252122182,28.440150000000088,52.359872521221824,27.99540000000009,52.359872521221824,28.884900000000087,53.24937252122182,28.884900000000087,53.24937252122182,27.99540000000009,3.4958750251847155,0.004153949335529632,S230518h,31508,3.4958750251847155
12393,95.937160656764,-6.784049999999965,95.492410656764,-7.228799999999965,95.492410656764,-6.339299999999965,96.38191065676399,-6.339299999999965,96.38191065676399,-7.228799999999965,3.4909102468199866,0.004148049971953806,S230518h,12393,3.4909102468199866
32682,49.41746619129072,30.84180000000009,48.97271619129072,30.397050000000092,48.97271619129072,31.28655000000009,49.86221619129072,31.28655000000009,49.86221619129072,30.397050000000092,3.481443122836673,0.004136800727316468,S230518h,32682,3.481443122836673
17183,334.70595418513057,1.221450000000047,334.26120418513057,0.776700000000047,334.26120418513057,1.666200000000047,335.15070418513056,1.666200000000047,335.15070418513056,0.776700000000047,3.4813875912475556,0.004136734742289528,S230518h,17183,3.4813875912475556
17633,334.8383861493772,2.022000000000048,334.3936361493772,1.5772500000000482,334.3936361493772,2.466750000000048,335.2831361493772,2.466750000000048,335.2831361493772,1.5772500000000482,3.4717919391672654,0.004125332775029331,S230518h,17633,3.4717919391672654
14480,332.07638832403455,-3.5818499999999602,331.63163832403455,-4.02659999999996,331.63163832403455,-3.1370999999999603,332.52113832403455,-3.1370999999999603,332.52113832403455,-4.02659999999996,3.470823715042529,0.004124182289405384,S230518h,14480,3.470823715042529
28256,63.04563785762665,22.03575000000008,62.60088785762665,21.59100000000008,62.60088785762665,22.480500000000077,63.49038785762665,22.480500000000077,63.49038785762665,21.59100000000008,3.4473899860750548,0.004096337322931424,S230518h,28256,3.4473899860750548
33446,44.584274129035876,32.442900000000094,44.13952412903588,31.998150000000095,44.13952412903588,32.88765000000009,45.029024129035875,32.88765000000009,45.029024129035875,31.998150000000095,3.4394873683670126,0.004086947092061964,S230518h,33446,3.4394873683670126
9725,91.52695405426529,-11.587349999999972,91.08220405426529,-12.032099999999973,91.08220405426529,-11.142599999999971,91.97170405426529,-11.142599999999971,91.97170405426529,-12.032099999999973,3.4276547584130745,0.004072887075070039,S230518h,9725,3.4276547584130745
14929,331.81857313282967,-2.781299999999959,331.37382313282967,-3.226049999999959,331.37382313282967,-2.336549999999959,332.26332313282967,-2.336549999999959,332.26332313282967,-3.226049999999959,3.422302115540923,0.004066526834174148,S230518h,14929,3.422302115540923
32680,47.55265614633635,30.84180000000009,47.107906146336354,30.397050000000092,47.107906146336354,31.28655000000009,47.99740614633635,31.28655000000009,47.99740614633635,30.397050000000092,3.4201567159391213,0.0040639775779261,S230518h,32680,3.4201567159391213
14030,331.5966485452915,-4.382399999999961,331.1518985452915,-4.827149999999961,331.1518985452915,-3.9376499999999615,332.0413985452915,-3.9376499999999615,332.0413985452915,-4.827149999999961,3.4181341671336334,0.004061574298287639,S230518h,14030,3.4181341671336334
13581,331.18069026141245,-5.182949999999963,330.73594026141245,-5.627699999999963,330.73594026141245,-4.738199999999963,331.62544026141245,-4.738199999999963,331.62544026141245,-5.627699999999963,3.4150216767519526,0.004057875903104835,S230518h,13581,3.4150216767519526
29091,66.41356221276104,23.63685000000008,65.96881221276104,23.19210000000008,65.96881221276104,24.08160000000008,66.85831221276104,24.08160000000008,66.85831221276104,23.19210000000008,3.400619302611719,0.004040762381580503,S230518h,29091,3.400619302611719
33061,42.31537979456291,31.642350000000093,41.87062979456291,31.197600000000094,41.87062979456291,32.08710000000009,42.76012979456291,32.08710000000009,42.76012979456291,31.197600000000094,3.399275339798475,0.004039165427057006,S230518h,33061,3.399275339798475
32292,49.01334805229326,30.04125000000009,48.56859805229326,29.59650000000009,48.56859805229326,30.48600000000009,49.45809805229326,30.48600000000009,49.45809805229326,29.59650000000009,3.3972352002925184,0.004036741245390297,S230518h,32292,3.3972352002925184
33819,38.287851698404666,33.243450000000095,37.843101698404666,32.798700000000096,37.843101698404666,33.688200000000094,38.732601698404665,33.688200000000094,38.732601698404665,32.798700000000096,3.36130544300559,0.003994047959637072,S230518h,33819,3.36130544300559
32683,50.349871213767905,30.84180000000009,49.905121213767906,30.397050000000092,49.905121213767906,31.28655000000009,50.794621213767904,31.28655000000009,50.794621213767904,30.397050000000092,3.3471033649302253,0.003977172438527393,S230518h,32683,3.3471033649302253
18084,335.8378770617804,2.8225500000000494,335.3931270617804,2.3778000000000494,335.3931270617804,3.2673000000000494,336.2826270617804,3.2673000000000494,336.2826270617804,2.3778000000000494,3.346480405902577,0.003976432211768622,S230518h,18084,3.346480405902577
33817,36.37345911348444,33.243450000000095,35.92870911348444,32.798700000000096,35.92870911348444,33.688200000000094,36.818209113484436,33.688200000000094,36.818209113484436,32.798700000000096,3.3393335876085835,0.003967940054328893,S230518h,33817,3.3393335876085835
18083,335.036354682158,2.8225500000000494,334.591604682158,2.3778000000000494,334.591604682158,3.2673000000000494,335.481104682158,3.2673000000000494,335.481104682158,2.3778000000000494,3.337455221950971,0.003965708099319315,S230518h,18083,3.337455221950971
21784,75.60608631308277,10.02750000000006,75.16133631308277,9.58275000000006,75.16133631308277,10.472250000000061,76.05083631308277,10.472250000000061,76.05083631308277,9.58275000000006,3.2835657719134357,0.0039016743327908187,S230518h,21784,3.2835657719134357
20006,78.2075972417419,6.825300000000055,77.7628472417419,6.3805500000000555,77.7628472417419,7.270050000000055,78.6523472417419,7.270050000000055,78.6523472417419,6.3805500000000555,3.262707986901877,0.003876890213917803,S230518h,20006,3.262707986901877
32679,46.62025112385917,30.84180000000009,46.17550112385917,30.397050000000092,46.17550112385917,31.28655000000009,47.06500112385917,31.28655000000009,47.06500112385917,30.397050000000092,3.252206413451246,0.003864411791850939,S230518h,32679,3.252206413451246
32685,52.214681258722266,30.84180000000009,51.769931258722266,30.397050000000092,51.769931258722266,31.28655000000009,52.659431258722265,31.28655000000009,52.659431258722265,30.397050000000092,3.244972962787477,0.003855816694096619,S230518h,32685,3.244972962787477
20906,84.16577648198313,8.426400000000058,83.72102648198313,7.981650000000058,83.72102648198313,8.871150000000059,84.61052648198313,8.871150000000059,84.61052648198313,7.981650000000058,3.237932499149151,0.0038474509118413738,S230518h,20906,3.237932499149151
33822,41.15944057578502,33.243450000000095,40.71469057578502,32.798700000000096,40.71469057578502,33.688200000000094,41.60419057578502,33.688200000000094,41.60419057578502,32.798700000000096,3.232049869648386,0.0038404609179972494,S230518h,33822,3.232049869648386
31906,55.04739779541873,29.24070000000009,54.60264779541873,28.79595000000009,54.60264779541873,29.68545000000009,55.49214779541873,29.68545000000009,55.49214779541873,28.79595000000009,3.220989169867407,0.0038273181179329756,S230518h,31906,3.220989169867407
14479,331.2742714440248,-3.5818499999999602,330.8295214440248,-4.02659999999996,330.8295214440248,-3.1370999999999603,331.7190214440248,-3.1370999999999603,331.7190214440248,-4.02659999999996,3.215427344107081,0.0038207093169160635,S230518h,14479,3.215427344107081
18216,81.01747703914394,3.6231000000000506,80.57272703914394,3.1783500000000506,80.57272703914394,4.067850000000051,81.46222703914394,4.067850000000051,81.46222703914394,3.1783500000000506,3.214060936734402,0.003819085692799952,S230518h,18216,3.214060936734402
1697,106.72766739395017,-26.797799999999995,106.28291739395017,-27.242549999999994,106.28291739395017,-26.353049999999996,107.17241739395017,-26.353049999999996,107.17241739395017,-27.242549999999994,3.1949250082273655,0.003796347558017131,S230518h,1697,3.1949250082273655
22226,74.98569039477131,10.828050000000061,74.54094039477131,10.38330000000006,74.54094039477131,11.272800000000062,75.43044039477131,11.272800000000062,75.43044039477131,10.38330000000006,3.1885886444544878,0.0037888184175603355,S230518h,22226,3.1885886444544878
32291,48.088567900363195,30.04125000000009,47.643817900363196,29.59650000000009,47.643817900363196,30.48600000000009,48.533317900363194,30.48600000000009,48.533317900363194,29.59650000000009,3.1577938783022264,0.0037522267495303215,S230518h,32291,3.1577938783022264
13580,330.3768536345644,-5.182949999999963,329.9321036345644,-5.627699999999963,329.9321036345644,-4.738199999999963,330.8216036345644,-4.738199999999963,330.8216036345644,-5.627699999999963,3.140344710178744,0.003731492896114536,S230518h,13580,3.140344710178744
4988,103.34392658714839,-20.393399999999986,102.89917658714839,-20.838149999999985,102.89917658714839,-19.948649999999986,103.78867658714839,-19.948649999999986,103.78867658714839,-20.838149999999985,3.1362810806815604,0.003726664316451917,S230518h,4988,3.1362810806815604
4559,96.1660833918417,-21.193949999999987,95.7213333918417,-21.638699999999986,95.7213333918417,-20.749199999999988,96.6108333918417,-20.749199999999988,96.6108333918417,-21.638699999999986,3.132473695825146,0.0037221402177125542,S230518h,4559,3.132473695825146
30314,62.36899828489163,26.038500000000084,61.92424828489163,25.593750000000085,61.92424828489163,26.483250000000083,62.81374828489163,26.483250000000083,62.81374828489163,25.593750000000085,3.1127931311501773,0.00369875492276766,S230518h,30314,3.1127931311501773
31110,53.31679403504561,27.639600000000087,52.87204403504561,27.194850000000088,52.87204403504561,28.084350000000086,53.76154403504561,28.084350000000086,53.76154403504561,27.194850000000088,3.0999143164563927,0.0036834517602248773,S230518h,31110,3.0999143164563927
23106,72.95889473328525,12.429150000000064,72.51414473328525,11.984400000000063,72.51414473328525,12.873900000000065,73.40364473328525,12.873900000000065,73.40364473328525,11.984400000000063,3.09165322234474,0.00367363557224658,S230518h,23106,3.09165322234474
18225,88.23685618124587,3.6231000000000506,87.79210618124587,3.1783500000000506,87.79210618124587,4.067850000000051,88.68160618124587,4.067850000000051,88.68160618124587,3.1783500000000506,3.065475791809222,0.0036425304213485894,S230518h,18225,3.065475791809222
21793,82.92280434338109,10.02750000000006,82.47805434338109,9.58275000000006,82.47805434338109,10.472250000000061,83.36755434338109,10.472250000000061,83.36755434338109,9.58275000000006,3.0586749397281516,0.0036344493558700818,S230518h,21793,3.0586749397281516
32678,45.687846101381986,30.84180000000009,45.24309610138199,30.397050000000092,45.24309610138199,31.28655000000009,46.132596101381985,31.28655000000009,46.132596101381985,30.397050000000092,3.0493305296831785,0.0036233459252217903,S230518h,32678,3.0493305296831785
33069,49.838113980262975,31.642350000000093,49.393363980262976,31.197600000000094,49.393363980262976,32.08710000000009,50.282863980262974,32.08710000000009,50.282863980262974,31.197600000000094,3.038280154672801,0.00361021539349482,S230518h,33069,3.038280154672801
11790,329.3444893232298,-8.385149999999967,328.8997393232298,-8.829899999999968,328.8997393232298,-7.9403999999999675,329.7892393232298,-7.9403999999999675,329.7892393232298,-8.829899999999968,3.035358916572736,0.0036067442525137294,S230518h,11790,3.035358916572736
16878,90.48271010267884,1.221450000000047,90.03796010267884,0.776700000000047,90.03796010267884,1.666200000000047,90.92746010267884,1.666200000000047,90.92746010267884,0.776700000000047,3.0201948662115754,0.003588725674484513,S230518h,16878,3.0201948662115754
30307,56.13209845640247,26.038500000000084,55.68734845640247,25.593750000000085,55.68734845640247,26.483250000000083,56.576848456402466,26.483250000000083,56.576848456402466,25.593750000000085,3.019247689358041,0.003587600198135094,S230518h,30307,3.019247689358041
27424,70.9078061363391,20.434650000000076,70.4630561363391,19.989900000000077,70.4630561363391,20.879400000000075,71.3525561363391,20.879400000000075,71.3525561363391,19.989900000000077,3.0174238087094793,0.003585432984560926,S230518h,27424,3.0174238087094793
4151,104.4698883273442,-21.994499999999988,104.0251383273442,-22.439249999999987,104.0251383273442,-21.54974999999999,104.91463832734419,-21.54974999999999,104.91463832734419,-22.439249999999987,3.0132954632875943,0.0035805275066480903,S230518h,4151,3.0132954632875943
508,108.21629521650055,-29.19945,107.77154521650056,-29.644199999999998,107.77154521650056,-28.7547,108.66104521650055,-28.7547,108.66104521650055,-29.644199999999998,3.0105264159058533,0.003577237205236121,S230518h,508,3.0105264159058533
20775,338.4235458215772,7.625850000000057,337.9787958215772,7.181100000000057,337.9787958215772,8.070600000000058,338.8682958215772,8.070600000000058,338.8682958215772,7.181100000000057,3.008873784491062,0.003575273477380322,S230518h,20775,3.008873784491062
22235,82.32124706382503,10.828050000000061,81.87649706382503,10.38330000000006,81.87649706382503,11.272800000000062,82.76599706382503,11.272800000000062,82.76599706382503,10.38330000000006,2.998187194605106,0.0035625752108129983,S230518h,22235,2.998187194605106
2505,106.16768843708454,-25.196699999999993,105.72293843708454,-25.641449999999992,105.72293843708454,-24.751949999999994,106.61243843708453,-24.751949999999994,106.61243843708453,-25.641449999999992,2.9942432086506527,0.0035578887967630643,S230518h,2505,2.9942432086506527
11345,329.2454989054723,-9.185699999999969,328.8007489054723,-9.63044999999997,328.8007489054723,-8.740949999999968,329.6902489054723,-8.740949999999968,329.6902489054723,-9.63044999999997,2.9899854749475927,0.003552829574119442,S230518h,11345,2.9899854749475927
19431,336.0257410719928,5.224200000000053,335.5809910719928,4.779450000000053,335.5809910719928,5.668950000000053,336.4704910719928,5.668950000000053,336.4704910719928,4.779450000000053,2.98582296859888,0.0035478835047214204,S230518h,19431,2.98582296859888
33442,40.789867820181755,32.442900000000094,40.345117820181756,31.998150000000095,40.345117820181756,32.88765000000009,41.234617820181754,32.88765000000009,41.234617820181754,31.998150000000095,2.961232130601797,0.0035186636114408524,S230518h,33442,2.961232130601797
34192,34.78098632795997,34.044000000000096,34.33623632795997,33.5992500000001,34.33623632795997,34.488750000000095,35.22573632795997,34.488750000000095,35.22573632795997,33.5992500000001,2.9416349377719695,0.0034953773825146897,S230518h,34192,2.9416349377719695
19559,78.88963510332457,6.024750000000054,78.44488510332457,5.580000000000054,78.44488510332457,6.469500000000054,79.33438510332456,6.469500000000054,79.33438510332456,5.580000000000054,2.9229894056514607,0.0034732219578485885,S230518h,19559,2.9229894056514607
33445,43.635672551822346,32.442900000000094,43.19092255182235,31.998150000000095,43.19092255182235,32.88765000000009,44.080422551822345,32.88765000000009,44.080422551822345,31.998150000000095,2.905117171495,0.003451985399143308,S230518h,33445,2.905117171495
3314,97.84181445255578,-23.59559999999999,97.39706445255578,-24.04034999999999,97.39706445255578,-23.15084999999999,98.28656445255578,-23.15084999999999,98.28656445255578,-24.04034999999999,2.904627098551165,0.0034514030733551323,S230518h,3314,2.904627098551165
19122,87.62393726518472,5.224200000000053,87.17918726518472,4.779450000000053,87.17918726518472,5.668950000000053,88.06868726518472,5.668950000000053,88.06868726518472,4.779450000000053,2.865907880190427,0.003405395229761434,S230518h,19122,2.865907880190427
33441,39.841266242968224,32.442900000000094,39.396516242968225,31.998150000000095,39.396516242968225,32.88765000000009,40.28601624296822,32.88765000000009,40.28601624296822,31.998150000000095,2.856176854484702,0.003393832405726504,S230518h,33441,2.856176854484702
28671,61.67314836793198,22.83630000000008,61.22839836793198,22.39155000000008,61.22839836793198,23.28105000000008,62.11789836793198,23.28105000000008,62.11789836793198,22.39155000000008,2.8523444951218773,0.00338927863120252,S230518h,28671,2.8523444951218773
16732,333.83835776138557,0.4209000000000458,333.39360776138557,-0.02384999999995424,333.39360776138557,0.8656500000000458,334.28310776138557,0.8656500000000458,334.28310776138557,-0.02384999999995424,2.8339389903116734,0.0033674084173288435,S230518h,16732,2.8339389903116734
34195,37.67940185528997,34.044000000000096,37.23465185528997,33.5992500000001,37.23465185528997,34.488750000000095,38.124151855289966,34.488750000000095,38.124151855289966,33.5992500000001,2.830600709530958,0.0033634417282650286,S230518h,34195,2.830600709530958
15380,332.42687638751386,-1.9807499999999578,331.98212638751386,-2.425499999999958,331.98212638751386,-1.5359999999999578,332.87162638751386,-1.5359999999999578,332.87162638751386,-2.425499999999958,2.816630881684909,0.003346842176885044,S230518h,15380,2.816630881684909
33820,39.245047990864784,33.243450000000095,38.800297990864784,32.798700000000096,38.800297990864784,33.688200000000094,39.68979799086478,33.688200000000094,39.68979799086478,32.798700000000096,2.796720547654391,0.0033231838600915613,S230518h,33820,2.796720547654391
27837,63.5560640119144,21.235200000000077,63.1113140119144,20.790450000000078,63.1113140119144,21.679950000000076,64.0008140119144,21.679950000000076,64.0008140119144,20.790450000000078,2.7873911167290215,0.003312098228278605,S230518h,27837,2.7873911167290215
21665,339.01644972093305,9.226950000000059,338.57169972093305,8.782200000000058,338.57169972093305,9.67170000000006,339.46119972093305,9.67170000000006,339.46119972093305,8.782200000000058,2.781799350082642,0.0033054538502107884,S230518h,21665,2.781799350082642
19112,79.58504393810355,5.224200000000053,79.14029393810355,4.779450000000053,79.14029393810355,5.668950000000053,80.02979393810355,5.668950000000053,80.02979393810355,4.779450000000053,2.7766167422349977,0.0032992956522575035,S230518h,19112,2.7766167422349977
27845,70.42698985104029,21.235200000000077,69.98223985104029,20.790450000000078,69.98223985104029,21.679950000000076,70.87173985104029,21.679950000000076,70.87173985104029,20.790450000000078,2.7633583251650937,0.0032835414298150716,S230518h,27845,2.7633583251650937
30718,61.906637273885835,26.839050000000086,61.461887273885836,26.394300000000086,61.461887273885836,27.283800000000085,62.351387273885834,27.283800000000085,62.351387273885834,26.394300000000086,2.752693807687654,0.003270869390634605,S230518h,30718,2.752693807687654
32297,53.637248811943564,30.04125000000009,53.192498811943565,29.59650000000009,53.192498811943565,30.48600000000009,54.08199881194356,30.48600000000009,54.08199881194356,29.59650000000009,2.7449713414777612,0.0032616932235376307,S230518h,32297,2.7449713414777612
15081,92.91931966494363,-1.9807499999999578,92.47456966494363,-2.425499999999958,92.47456966494363,-1.5359999999999578,93.36406966494363,-1.5359999999999578,93.36406966494363,-2.425499999999958,2.7416491645007874,0.0032577456697073038,S230518h,15081,2.7416491645007874
28263,69.09110998096071,22.03575000000008,68.64635998096071,21.59100000000008,68.64635998096071,22.480500000000077,69.53585998096071,22.480500000000077,69.53585998096071,21.59100000000008,2.7394993548540203,0.003255191173253807,S230518h,28263,2.7394993548540203
33818,37.330655405944555,33.243450000000095,36.885905405944555,32.798700000000096,36.885905405944555,33.688200000000094,37.775405405944554,33.688200000000094,37.775405405944554,32.798700000000096,2.735777872208841,0.003250769147223196,S230518h,33818,2.735777872208841
33440,38.8926646657547,32.442900000000094,38.4479146657547,31.998150000000095,38.4479146657547,32.88765000000009,39.3374146657547,32.88765000000009,39.3374146657547,31.998150000000095,2.7241710050697874,0.003236977367570746,S230518h,33440,2.7241710050697874
18534,336.10220672674564,3.6231000000000506,335.65745672674564,3.1783500000000506,335.65745672674564,4.067850000000051,336.54695672674563,4.067850000000051,336.54695672674563,3.1783500000000506,2.7239312993162166,0.003236692538865888,S230518h,18534,2.7239312993162166
17182,333.90522223731926,1.221450000000047,333.46047223731927,0.776700000000047,333.46047223731927,1.666200000000047,334.34997223731926,1.666200000000047,334.34997223731926,0.776700000000047,2.7148411977624263,0.0032258912885244893,S230518h,17182,2.7148411977624263
15381,333.2279050053151,-1.9807499999999578,332.7831550053151,-2.425499999999958,332.7831550053151,-1.5359999999999578,333.6726550053151,-1.5359999999999578,333.6726550053151,-2.425499999999958,2.6830741354171033,0.0031881442962634855,S230518h,15381,2.6830741354171033
33821,40.2022442833249,33.243450000000095,39.7574942833249,32.798700000000096,39.7574942833249,33.688200000000094,40.6469942833249,33.688200000000094,40.6469942833249,32.798700000000096,2.674714133879757,0.0031782105822202463,S230518h,33821,2.674714133879757
31899,48.62520138595321,29.24070000000009,48.18045138595321,28.79595000000009,48.18045138595321,29.68545000000009,49.06995138595321,29.68545000000009,49.06995138595321,28.79595000000009,2.652468154229604,0.003151776950662987,S230518h,31899,2.652468154229604
2091,98.86466240583295,-25.997249999999994,98.41991240583295,-26.441999999999993,98.41991240583295,-25.552499999999995,99.30941240583294,-25.552499999999995,99.30941240583294,-26.441999999999993,2.650288753826995,0.0031491872931983887,S230518h,2091,2.650288753826995
18533,335.3000534887343,3.6231000000000506,334.8553034887343,3.1783500000000506,334.8553034887343,4.067850000000051,335.7448034887343,4.067850000000051,335.7448034887343,3.1783500000000506,2.639028866437134,0.003135807809834627,S230518h,18533,2.639028866437134
31506,50.9837734687659,28.440150000000088,50.5390234687659,27.99540000000009,50.5390234687659,28.884900000000087,51.428523468765896,28.884900000000087,51.428523468765896,27.99540000000009,2.6345850834585764,0.003130527515425349,S230518h,31506,2.6345850834585764
16733,334.6389293627318,0.4209000000000458,334.1941793627318,-0.02384999999995424,334.1941793627318,0.8656500000000458,335.0836793627318,0.8656500000000458,335.0836793627318,-0.02384999999995424,2.633529054679033,0.0031292726965272237,S230518h,16733,2.633529054679033
17634,335.63943492006945,2.022000000000048,335.19468492006945,1.5772500000000482,335.19468492006945,2.466750000000048,336.08418492006945,2.466750000000048,336.08418492006945,1.5772500000000482,2.6321081937098043,0.00312758436830139,S230518h,17634,2.6321081937098043
28255,62.18199898286464,22.03575000000008,61.73724898286464,21.59100000000008,61.73724898286464,22.480500000000077,62.62674898286464,22.480500000000077,62.62674898286464,21.59100000000008,2.6319458508135876,0.0031273914654770586,S230518h,28255,2.6319458508135876
16281,333.0361110757814,-0.3796499999999554,332.5913610757814,-0.8243999999999554,332.5913610757814,0.06510000000004462,333.4808610757814,0.06510000000004462,333.4808610757814,-0.8243999999999554,2.6276410072494483,0.0031222762648666275,S230518h,16281,2.6276410072494483
8410,92.40204563361861,-13.988999999999976,91.95729563361861,-14.433749999999977,91.95729563361861,-13.544249999999975,92.84679563361861,-13.544249999999975,92.84679563361861,-14.433749999999977,2.617706085873109,0.003110471163210397,S230518h,8410,2.617706085873109
12684,330.53979722078356,-6.784049999999965,330.09504722078356,-7.228799999999965,330.09504722078356,-6.339299999999965,330.98454722078355,-6.339299999999965,330.98454722078355,-7.228799999999965,2.6029243728687907,0.0030929068949027694,S230518h,12684,2.6029243728687907
30709,53.831858499031156,26.839050000000086,53.38710849903116,26.394300000000086,53.38710849903116,27.283800000000085,54.276608499031155,27.283800000000085,54.276608499031155,26.394300000000086,2.5901191337462968,0.0030776911580240257,S230518h,30709,2.5901191337462968
14031,332.3995459993963,-4.382399999999961,331.9547959993963,-4.827149999999961,331.9547959993963,-3.9376499999999615,332.8442959993963,-3.9376499999999615,332.8442959993963,-4.827149999999961,2.584066389220802,0.0030704990261775844,S230518h,14031,2.584066389220802
33816,35.41626282102432,33.243450000000095,34.97151282102432,32.798700000000096,34.97151282102432,33.688200000000094,35.86101282102432,33.688200000000094,35.86101282102432,32.798700000000096,2.5745086208145866,0.003059142073931259,S230518h,33816,2.5745086208145866
3736,105.07311465669981,-22.79504999999999,104.62836465669982,-23.23979999999999,104.62836465669982,-22.35029999999999,105.51786465669981,-22.35029999999999,105.51786465669981,-23.23979999999999,2.5698522865824063,0.003053609216963997,S230518h,3736,2.5698522865824063
33823,42.11663686824514,33.243450000000095,41.67188686824514,32.798700000000096,41.67188686824514,33.688200000000094,42.56138686824514,33.688200000000094,42.56138686824514,32.798700000000096,2.556933636951209,0.0030382587208321694,S230518h,33823,2.556933636951209
15832,333.9001832651815,-1.1801999999999566,333.4554332651815,-1.6249499999999566,333.4554332651815,-0.7354499999999566,334.3449332651815,-0.7354499999999566,334.3449332651815,-1.6249499999999566,2.551835189753387,0.0030322005261893253,S230518h,15832,2.551835189753387
16419,83.25944654000983,0.4209000000000458,82.81469654000983,-0.02384999999995424,82.81469654000983,0.8656500000000458,83.70419654000983,0.8656500000000458,83.70419654000983,-0.02384999999995424,2.551450385019739,0.003031743284624301,S230518h,16419,2.551450385019739
19880,337.29343988054075,6.024750000000054,336.84868988054075,5.580000000000054,336.84868988054075,6.469500000000054,337.73818988054074,6.469500000000054,337.73818988054074,5.580000000000054,2.545259301092563,0.0030243867719400006,S230518h,19880,2.545259301092563
18984,337.2356249443374,4.423650000000052,336.7908749443374,3.978900000000052,336.7908749443374,4.868400000000052,337.6803749443374,4.868400000000052,337.6803749443374,3.978900000000052,2.5449077286402115,0.0030239690184035283,S230518h,18984,2.5449077286402115
14173,85.82650616104274,-3.5818499999999602,85.38175616104274,-4.02659999999996,85.38175616104274,-3.1370999999999603,86.27125616104274,-3.1370999999999603,86.27125616104274,-4.02659999999996,2.520655160609722,0.002995151072072676,S230518h,14173,2.520655160609722
18982,335.62974101603106,4.423650000000052,335.18499101603106,3.978900000000052,335.18499101603106,4.868400000000052,336.07449101603106,4.868400000000052,336.07449101603106,3.978900000000052,2.5175922325364,0.00299151156896021,S230518h,18982,2.5175922325364
33059,40.43469624813789,31.642350000000093,39.98994624813789,31.197600000000094,39.98994624813789,32.08710000000009,40.87944624813789,32.08710000000009,40.87944624813789,31.197600000000094,2.515566454041984,0.0029891044516662034,S230518h,33059,2.515566454041984
13131,330.0234823985458,-5.983499999999964,329.5787323985458,-6.428249999999964,329.5787323985458,-5.538749999999964,330.4682323985458,-5.538749999999964,330.4682323985458,-6.428249999999964,2.5039250348404547,0.0029752716157643365,S230518h,13131,2.5039250348404547
20452,77.53856897105348,7.625850000000057,77.09381897105348,7.181100000000057,77.09381897105348,8.070600000000058,77.98331897105348,8.070600000000058,77.98331897105348,7.181100000000057,2.5027406581240967,0.0029738642883174204,S230518h,20452,2.5027406581240967
25723,75.43575586910897,17.23245000000007,74.99100586910897,16.787700000000072,74.99100586910897,17.67720000000007,75.88050586910897,17.67720000000007,75.88050586910897,16.787700000000072,2.5013726739548265,0.0029722387905836574,S230518h,25723,2.5013726739548265
13735,94.741899584369,-4.382399999999961,94.297149584369,-4.827149999999961,94.297149584369,-3.9376499999999615,95.186649584369,-3.9376499999999615,95.186649584369,-4.827149999999961,2.4948108229390287,0.0029644417164690078,S230518h,13735,2.4948108229390287
30710,54.72905614068168,26.839050000000086,54.28430614068168,26.394300000000086,54.28430614068168,27.283800000000085,55.17380614068168,27.283800000000085,55.17380614068168,26.394300000000086,2.487649787445322,0.002955932665539988,S230518h,30710,2.487649787445322
17184,335.5066861329419,1.221450000000047,335.0619361329419,0.776700000000047,335.0619361329419,1.666200000000047,335.9514361329419,1.666200000000047,335.9514361329419,0.776700000000047,2.4773028495425904,0.002943637988094089,S230518h,17184,2.4773028495425904
19433,337.633519737409,5.224200000000053,337.188769737409,4.779450000000053,337.188769737409,5.668950000000053,338.078269737409,5.668950000000053,338.078269737409,4.779450000000053,2.44853921560261,0.0029094597988763306,S230518h,19433,2.44853921560261
34193,35.74712483706997,34.044000000000096,35.30237483706997,33.5992500000001,35.30237483706997,34.488750000000095,36.19187483706997,34.488750000000095,36.19187483706997,33.5992500000001,2.444787746428488,0.0029050021415599685,S230518h,34193,2.444787746428488
11503,97.10402633608741,-8.385149999999967,96.65927633608742,-8.829899999999968,96.65927633608742,-7.9403999999999675,97.54877633608741,-7.9403999999999675,97.54877633608741,-8.829899999999968,2.4427878259056857,0.0029026257498220034,S230518h,11503,2.4427878259056857
20016,86.27023613264312,6.825300000000055,85.82548613264312,6.3805500000000555,85.82548613264312,7.270050000000055,86.71498613264312,7.270050000000055,86.71498613264312,6.3805500000000555,2.4349932636381237,0.0028933639150828245,S230518h,20016,2.4349932636381237
31514,58.267169678589596,28.440150000000088,57.8224196785896,27.99540000000009,57.8224196785896,28.884900000000087,58.711919678589595,28.884900000000087,58.711919678589595,27.99540000000009,2.4341315121577902,0.00289233994484266,S230518h,31514,2.4341315121577902
31507,51.89419799499386,28.440150000000088,51.44944799499386,27.99540000000009,51.44944799499386,28.884900000000087,52.33894799499386,28.884900000000087,52.33894799499386,27.99540000000009,2.4315029267612007,0.0028892165464136877,S230518h,31507,2.4315029267612007
20329,338.6308334178515,6.825300000000055,338.1860834178515,6.3805500000000555,338.1860834178515,7.270050000000055,339.0755834178515,7.270050000000055,339.0755834178515,6.3805500000000555,2.4279594961478717,0.002885006089479245,S230518h,20329,2.4279594961478717
33438,36.99546151132764,32.442900000000094,36.55071151132764,31.998150000000095,36.55071151132764,32.88765000000009,37.44021151132764,32.88765000000009,37.44021151132764,31.998150000000095,2.4239454125317894,0.0028802363823673886,S230518h,33438,2.4239454125317894
1298,107.49676265556809,-27.598349999999996,107.05201265556809,-28.043099999999995,107.05201265556809,-27.153599999999997,107.94151265556809,-27.153599999999997,107.94151265556809,-28.043099999999995,2.4182719102580994,0.002873494882505369,S230518h,1298,2.4182719102580994
33814,33.50187023610408,33.243450000000095,33.05712023610408,32.798700000000096,33.05712023610408,33.688200000000094,33.94662023610408,33.688200000000094,33.94662023610408,32.798700000000096,2.4133587411978024,0.002867656843328815,S230518h,33814,2.4133587411978024
29910,64.60724503823218,25.237950000000083,64.16249503823218,24.793200000000084,64.16249503823218,25.682700000000082,65.05199503823218,25.682700000000082,65.05199503823218,24.793200000000084,2.404419345842332,0.002857034668585903,S230518h,29910,2.404419345842332
22666,73.55932300363195,11.628600000000063,73.11457300363195,11.183850000000062,73.11457300363195,12.073350000000064,74.00407300363194,12.073350000000064,74.00407300363194,11.183850000000062,2.400021260606083,0.0028518086742030653,S230518h,22666,2.400021260606083
13133,331.6333530443924,-5.983499999999964,331.1886030443924,-6.428249999999964,331.1886030443924,-5.538749999999964,332.0781030443924,-5.538749999999964,332.0781030443924,-6.428249999999964,2.385559070864403,0.0028346240772037542,S230518h,13133,2.385559070864403
11791,330.15368954269724,-8.385149999999967,329.70893954269724,-8.829899999999968,329.70893954269724,-7.9403999999999675,330.59843954269724,-7.9403999999999675,330.59843954269724,-8.829899999999968,2.3680252560260797,0.002813789642914129,S230518h,11791,2.3680252560260797
34191,33.81484781884997,34.044000000000096,33.37009781884997,33.5992500000001,33.37009781884997,34.488750000000095,34.25959781884997,34.488750000000095,34.25959781884997,33.5992500000001,2.350828524792523,0.002793355745887979,S230518h,34191,2.350828524792523
12236,329.5072415862818,-7.584599999999966,329.0624915862818,-8.029349999999967,329.0624915862818,-7.139849999999966,329.9519915862818,-7.139849999999966,329.9519915862818,-8.029349999999967,2.348343104468484,0.0027904024623669216,S230518h,12236,2.348343104468484
15071,84.90903348693125,-1.9807499999999578,84.46428348693125,-2.425499999999958,84.46428348693125,-1.5359999999999578,85.35378348693125,-1.5359999999999578,85.35378348693125,-2.425499999999958,2.3443142350499255,0.0027856151861274706,S230518h,15071,2.3443142350499255
15969,83.25902776894534,-0.3796499999999554,82.81427776894535,-0.8243999999999554,82.81427776894535,0.06510000000004462,83.70377776894534,0.06510000000004462,83.70377776894534,-0.8243999999999554,2.3407897423973063,0.0027814272320939443,S230518h,15969,2.3407897423973063
118,109.07867088794217,-30.0,108.63392088794217,-30.44475,108.63392088794217,-29.55525,109.52342088794217,-29.55525,109.52342088794217,-30.44475,2.330370102228072,0.0027690461666823847,S230518h,118,2.330370102228072
14481,332.87850520404425,-3.5818499999999602,332.43375520404425,-4.02659999999996,332.43375520404425,-3.1370999999999603,333.32325520404424,-3.1370999999999603,333.32325520404424,-4.02659999999996,2.329167915271207,0.0027676176763402885,S230518h,14481,2.329167915271207
34194,36.71326334617997,34.044000000000096,36.26851334617997,33.5992500000001,36.26851334617997,34.488750000000095,37.15801334617997,34.488750000000095,37.15801334617997,33.5992500000001,2.3199207290987234,0.002756629771286481,S230518h,34194,2.3199207290987234
20327,337.01830563967127,6.825300000000055,336.57355563967127,6.3805500000000555,336.57355563967127,7.270050000000055,337.46305563967127,7.270050000000055,337.46305563967127,6.3805500000000555,2.3154058781368683,0.0027512650308372647,S230518h,20327,2.3154058781368683
109,100.75911124394658,-30.0,100.31436124394658,-30.44475,100.31436124394658,-29.55525,101.20386124394658,-29.55525,101.20386124394658,-30.44475,2.294411022071202,0.0027263180382316276,S230518h,109,2.294411022071202
21666,339.82749385902144,9.226950000000059,339.38274385902145,8.782200000000058,339.38274385902145,9.67170000000006,340.27224385902144,9.67170000000006,340.27224385902144,8.782200000000058,2.2914202818376723,0.00272276431182084,S230518h,21666,2.2914202818376723
33824,43.073833160705256,33.243450000000095,42.62908316070526,32.798700000000096,42.62908316070526,33.688200000000094,43.518583160705255,33.688200000000094,43.518583160705255,32.798700000000096,2.290081272516278,0.002721173243249794,S230518h,33824,2.290081272516278
34190,32.848709309739974,34.044000000000096,32.403959309739975,33.5992500000001,32.403959309739975,34.488750000000095,33.29345930973997,34.488750000000095,33.29345930973997,33.5992500000001,2.287584936245838,0.002718206988930876,S230518h,34190,2.287584936245838
20776,339.231239248359,7.625850000000057,338.786489248359,7.181100000000057,338.786489248359,8.070600000000058,339.675989248359,8.070600000000058,339.675989248359,7.181100000000057,2.279501708746571,0.0027086021497253494,S230518h,20776,2.279501708746571
34189,31.882570800629974,34.044000000000096,31.437820800629975,33.5992500000001,31.437820800629975,34.488750000000095,32.32732080062998,34.488750000000095,32.32732080062998,33.5992500000001,2.252076191367158,0.0026760139682617543,S230518h,34189,2.252076191367158
18082,334.2348323025356,2.8225500000000494,333.7900823025356,2.3778000000000494,333.7900823025356,3.2673000000000494,334.6795823025356,3.2673000000000494,334.6795823025356,2.3778000000000494,2.251044437104401,0.002674787993390418,S230518h,18082,2.251044437104401
16731,333.03778616003933,0.4209000000000458,332.59303616003933,-0.02384999999995424,332.59303616003933,0.8656500000000458,333.48253616003933,0.8656500000000458,333.48253616003933,-0.02384999999995424,2.24178554475847,0.0026637861785569236,S230518h,16731,2.24178554475847
28678,67.75359961547457,22.83630000000008,67.30884961547457,22.39155000000008,67.30884961547457,23.28105000000008,68.19834961547457,23.28105000000008,68.19834961547457,22.39155000000008,2.2178360030327813,0.002635328301138263,S230518h,28678,2.2178360030327813
34187,29.950293782409975,34.044000000000096,29.505543782409976,33.5992500000001,29.505543782409976,34.488750000000095,30.395043782409974,34.488750000000095,30.395043782409974,33.5992500000001,2.196530677709234,0.002610012395582882,S230518h,34187,2.196530677709234
24860,77.31045553045189,15.631350000000069,76.86570553045189,15.186600000000068,76.86570553045189,16.076100000000068,77.75520553045189,16.076100000000068,77.75520553045189,15.186600000000068,2.189430834550697,0.0026015760560231718,S230518h,24860,2.189430834550697
24851,69.82879854363397,15.631350000000069,69.38404854363397,15.186600000000068,69.38404854363397,16.076100000000068,70.27354854363396,16.076100000000068,70.27354854363396,15.186600000000068,2.1750482936798066,0.002584486101244051,S230518h,24851,2.1750482936798066
7985,101.01368724803856,-14.789549999999977,100.56893724803857,-15.234299999999978,100.56893724803857,-14.344799999999976,101.45843724803856,-14.344799999999976,101.45843724803856,-15.234299999999978,2.167444142518257,0.0025754505211854884,S230518h,7985,2.167444142518257
12840,95.78730342787063,-5.983499999999964,95.34255342787063,-6.428249999999964,95.34255342787063,-5.538749999999964,96.23205342787062,-5.538749999999964,96.23205342787062,-6.428249999999964,2.159724314547433,0.0025662774889578526,S230518h,12840,2.159724314547433
1289,99.36675539590327,-27.598349999999996,98.92200539590327,-28.043099999999995,98.92200539590327,-27.153599999999997,99.81150539590327,-27.153599999999997,99.81150539590327,-28.043099999999995,2.1541052752628493,0.0025596007043661956,S230518h,1289,2.1541052752628493
2913,106.3636055856072,-24.39614999999999,105.9188555856072,-24.84089999999999,105.9188555856072,-23.951399999999992,106.8083555856072,-23.951399999999992,106.8083555856072,-24.84089999999999,2.1474932096635504,0.0025517439631197792,S230518h,2913,2.1474932096635504
15379,331.6258477697126,-1.9807499999999578,331.1810977697126,-2.425499999999958,331.1810977697126,-1.5359999999999578,332.0705977697126,-1.5359999999999578,332.0705977697126,-2.425499999999958,2.124762790752695,0.0025247346999593863,S230518h,15379,2.124762790752695
33060,41.3750380213504,31.642350000000093,40.9302880213504,31.197600000000094,40.9302880213504,32.08710000000009,41.8197880213504,32.08710000000009,41.8197880213504,31.197600000000094,2.0970182979955716,0.002491767498207954,S230518h,33060,2.0970182979955716
6689,102.23455464590052,-17.19119999999998,101.78980464590052,-17.63594999999998,101.78980464590052,-16.74644999999998,102.67930464590052,-16.74644999999998,102.67930464590052,-17.63594999999998,2.0879474957850523,0.0024809891801778018,S230518h,6689,2.0879474957850523
23991,79.21598182774947,14.030250000000066,78.77123182774947,13.585500000000065,78.77123182774947,14.475000000000067,79.66073182774947,14.475000000000067,79.66073182774947,13.585500000000065,2.0849349749063513,0.0024774095730659344,S230518h,23991,2.0849349749063513
11493,89.01202414141346,-8.385149999999967,88.56727414141346,-8.829899999999968,88.56727414141346,-7.9403999999999675,89.45677414141346,-7.9403999999999675,89.45677414141346,-8.829899999999968,2.0503962026948765,0.0024363691157142636,S230518h,11493,2.0503962026948765
32289,46.23900759650307,30.04125000000009,45.79425759650307,29.59650000000009,45.79425759650307,30.48600000000009,46.68375759650307,30.48600000000009,46.68375759650307,29.59650000000009,2.027536213182184,0.0024092058911818173,S230518h,32289,2.027536213182184
13287,94.85272196807445,-5.182949999999963,94.40797196807445,-5.627699999999963,94.40797196807445,-4.738199999999963,95.29747196807445,-4.738199999999963,95.29747196807445,-5.627699999999963,2.0000920252120844,0.0023765955245178883,S230518h,13287,2.0000920252120844
5411,103.66964426654881,-19.592849999999984,103.22489426654882,-20.037599999999983,103.22489426654882,-19.148099999999985,104.11439426654881,-19.148099999999985,104.11439426654881,-20.037599999999983,1.9805419396813222,0.0023533652705142387,S230518h,5411,1.9805419396813222
33439,37.94406308854117,32.442900000000094,37.49931308854117,31.998150000000095,37.49931308854117,32.88765000000009,38.38881308854117,32.88765000000009,38.38881308854117,31.998150000000095,1.9698477850306892,0.0023406580151675745,S230518h,33439,1.9698477850306892
20897,76.88219967104229,8.426400000000058,76.43744967104229,7.981650000000058,76.43744967104229,8.871150000000059,77.32694967104229,8.871150000000059,77.32694967104229,7.981650000000058,1.9334166233343821,0.0022973689390905624,S230518h,20897,1.9334166233343821
20462,85.61550323887155,7.625850000000057,85.17075323887155,7.181100000000057,85.17075323887155,8.070600000000058,86.06025323887155,8.070600000000058,86.06025323887155,7.181100000000057,1.9292572170663145,0.00229242655334194,S230518h,20462,1.9292572170663145
2100,106.88071611441399,-25.997249999999994,106.43596611441399,-26.441999999999993,106.43596611441399,-25.552499999999995,107.32546611441398,-25.552499999999995,107.32546611441398,-26.441999999999993,1.913662856985063,0.002273896662762084,S230518h,2100,1.913662856985063
14029,330.79375109118666,-4.382399999999961,330.34900109118666,-4.827149999999961,330.34900109118666,-3.9376499999999615,331.23850109118666,-3.9376499999999615,331.23850109118666,-4.827149999999961,1.9097395658177154,0.0022692348391498878,S230518h,14029,1.9097395658177154
33815,34.4590665285642,33.243450000000095,34.0143165285642,32.798700000000096,34.0143165285642,33.688200000000094,34.9038165285642,33.688200000000094,34.9038165285642,32.798700000000096,1.9082851995450305,0.0022675066984788076,S230518h,33815,1.9082851995450305
18664,80.29419641531842,4.423650000000052,79.84944641531843,3.978900000000052,79.84944641531843,4.868400000000052,80.73894641531842,4.868400000000052,80.73894641531842,3.978900000000052,1.9034358755320135,0.002261744522738393,S230518h,18664,1.9034358755320135
23982,71.78948353139796,14.030250000000066,71.34473353139796,13.585500000000065,71.34473353139796,14.475000000000067,72.23423353139796,14.475000000000067,72.23423353139796,13.585500000000065,1.9030693511850685,0.0022613090027165162,S230518h,23982,1.9030693511850685
18674,88.32361605685027,4.423650000000052,87.87886605685027,3.978900000000052,87.87886605685027,4.868400000000052,88.76836605685027,4.868400000000052,88.76836605685027,3.978900000000052,1.883565291593874,0.0022381334387174307,S230518h,18674,1.883565291593874
12683,329.73360259341575,-6.784049999999965,329.28885259341575,-7.228799999999965,329.28885259341575,-6.339299999999965,330.17835259341575,-6.339299999999965,330.17835259341575,-7.228799999999965,1.868473049481131,0.0022202001863430645,S230518h,12683,1.868473049481131
26578,73.58770693980023,18.833550000000074,73.14295693980023,18.388800000000074,73.14295693980023,19.278300000000073,74.03245693980023,19.278300000000073,74.03245693980023,18.388800000000074,1.863801964739141,0.0022146498021844755,S230518h,26578,1.863801964739141
16868,82.47539062456568,1.221450000000047,82.03064062456568,0.776700000000047,82.03064062456568,1.666200000000047,82.92014062456568,1.666200000000047,82.92014062456568,0.776700000000047,1.8199466380551845,0.002162539013375991,S230518h,16868,1.8199466380551845
31117,59.64251536123746,27.639600000000087,59.19776536123746,27.194850000000088,59.19776536123746,28.084350000000086,60.087265361237456,28.084350000000086,60.087265361237456,27.194850000000088,1.7815479785492379,0.002116912071625827,S230518h,31117,1.7815479785492379
5835,103.16664989973714,-18.792299999999983,102.72189989973714,-19.237049999999982,102.72189989973714,-18.347549999999984,103.61139989973714,-18.347549999999984,103.61139989973714,-19.237049999999982,1.766061772062177,0.002098510693806721,S230518h,5835,1.766061772062177
21221,339.0909648649128,8.426400000000058,338.6462148649128,7.981650000000058,338.6462148649128,8.871150000000059,339.5357148649128,8.871150000000059,339.5357148649128,7.981650000000058,1.7563226884730492,0.002086938295047533,S230518h,21221,1.7563226884730492
32298,54.56202896387363,30.04125000000009,54.11727896387363,29.59650000000009,54.11727896387363,30.48600000000009,55.00677896387363,30.48600000000009,55.00677896387363,29.59650000000009,1.7544712770198005,0.0020847383681849847,S230518h,32298,1.7544712770198005
15830,332.29874353729093,-1.1801999999999566,331.85399353729093,-1.6249499999999566,331.85399353729093,-0.7354499999999566,332.74349353729093,-0.7354499999999566,332.74349353729093,-1.6249499999999566,1.7525142078200118,0.0020824128942354067,S230518h,15830,1.7525142078200118
33448,46.48147728346293,32.442900000000094,46.03672728346293,31.998150000000095,46.03672728346293,32.88765000000009,46.92622728346293,32.88765000000009,46.92622728346293,31.998150000000095,1.724134820892724,0.0020486912838746027,S230518h,33448,1.724134820892724
31908,56.88231105526602,29.24070000000009,56.43756105526602,28.79595000000009,56.43756105526602,29.68545000000009,57.32706105526602,29.68545000000009,57.32706105526602,28.79595000000009,1.7129576976943095,0.0020354101444892683,S230518h,31908,1.7129576976943095
34188,30.916432291519975,34.044000000000096,30.471682291519976,33.5992500000001,30.471682291519976,34.488750000000095,31.361182291519974,34.488750000000095,31.361182291519974,33.5992500000001,1.6776418433023736,0.0019934463246077806,S230518h,34188,1.6776418433023736
19569,86.93959786896994,6.024750000000054,86.49484786896994,5.580000000000054,86.49484786896994,6.469500000000054,87.38434786896994,6.469500000000054,87.38434786896994,5.580000000000054,1.6738263161282725,0.0019889125508157053,S230518h,19569,1.6738263161282725
17328,90.51851108822875,2.022000000000048,90.07376108822875,1.5772500000000482,90.07376108822875,2.466750000000048,90.96326108822875,2.466750000000048,90.96326108822875,1.5772500000000482,1.6674588511789195,0.0019813464546009313,S230518h,17328,1.6674588511789195
25284,69.27507766884723,16.43190000000007,68.83032766884723,15.987150000000069,68.83032766884723,16.87665000000007,69.71982766884723,16.87665000000007,69.71982766884723,15.987150000000069,1.6585202207197325,0.0019707251887407413,S230518h,25284,1.6585202207197325
32675,42.890631033950434,30.84180000000009,42.445881033950435,30.397050000000092,42.445881033950435,31.28655000000009,43.33538103395043,31.28655000000009,43.33538103395043,30.397050000000092,1.6583914389700838,0.001970572164716848,S230518h,32675,1.6583914389700838
19879,336.48844360397624,6.024750000000054,336.04369360397624,5.580000000000054,336.04369360397624,6.469500000000054,336.93319360397624,6.469500000000054,336.93319360397624,5.580000000000054,1.6562592758822172,0.0019680386366649934,S230518h,19879,1.6562592758822172
8420,100.65222827947741,-13.988999999999976,100.20747827947741,-14.433749999999977,100.20747827947741,-13.544249999999975,101.09697827947741,-13.544249999999975,101.09697827947741,-14.433749999999977,1.647106900833515,0.001957163390273694,S230518h,8420,1.647106900833515
22109,339.82090407385584,10.02750000000006,339.37615407385584,9.58275000000006,339.37615407385584,10.472250000000061,340.26565407385584,10.472250000000061,340.26565407385584,9.58275000000006,1.6451317031030035,0.0019548163752227867,S230518h,22109,1.6451317031030035
29494,58.91480260602195,24.437400000000082,58.47005260602195,23.992650000000083,58.47005260602195,24.88215000000008,59.35955260602195,24.88215000000008,59.35955260602195,23.992650000000083,1.6301406144889503,0.0019370033177940759,S230518h,29494,1.6301406144889503
26143,67.35246222048113,18.033000000000072,66.90771222048113,17.588250000000073,66.90771222048113,18.47775000000007,67.79721222048113,18.47775000000007,67.79721222048113,17.588250000000073,1.626842592157807,0.0019330844655547023,S230518h,26143,1.626842592157807
12685,331.3459918481513,-6.784049999999965,330.9012418481513,-7.228799999999965,330.9012418481513,-6.339299999999965,331.7907418481513,-6.339299999999965,331.7907418481513,-7.228799999999965,1.6208886929489448,0.0019260097859725408,S230518h,12685,1.6208886929489448
29901,56.64196825269671,25.237950000000083,56.19721825269671,24.793200000000084,56.19721825269671,25.682700000000082,57.086718252696706,25.682700000000082,57.086718252696706,24.793200000000084,1.6204226689166465,0.0019254560361372747,S230518h,29901,1.6204226689166465
10175,98.60893093643507,-10.786799999999971,98.16418093643507,-11.231549999999972,98.16418093643507,-10.34204999999997,99.05368093643507,-10.34204999999997,99.05368093643507,-11.231549999999972,1.616228720487348,0.001920472605904322,S230518h,10175,1.616228720487348
23545,72.36904526145003,13.229700000000065,71.92429526145003,12.784950000000064,71.92429526145003,13.674450000000066,72.81379526145003,13.674450000000066,72.81379526145003,12.784950000000064,1.6002584558278143,0.0019014960493075378,S230518h,23545,1.6002584558278143
7119,101.80442823917264,-16.39064999999998,101.35967823917264,-16.83539999999998,101.35967823917264,-15.945899999999979,102.24917823917264,-15.945899999999979,102.24917823917264,-16.83539999999998,1.5888827959722243,0.0018879790001115806,S230518h,7119,1.5888827959722243
26152,74.92961422028525,18.033000000000072,74.48486422028525,17.588250000000073,74.48486422028525,18.47775000000007,75.37436422028524,18.47775000000007,75.37436422028524,17.588250000000073,1.5860484767911427,0.0018846111399351973,S230518h,26152,1.5860484767911427
32290,47.16378774843314,30.04125000000009,46.71903774843314,29.59650000000009,46.71903774843314,30.48600000000009,47.608537748433136,30.48600000000009,47.608537748433136,29.59650000000009,1.5608124340235507,0.0018546245865456645,S230518h,32290,1.5608124340235507
32686,53.14708628119945,30.84180000000009,52.70233628119945,30.397050000000092,52.70233628119945,31.28655000000009,53.59183628119945,31.28655000000009,53.59183628119945,30.397050000000092,1.5579877143741339,0.0018512681329464307,S230518h,32686,1.5579877143741339
27425,71.76211705364439,20.434650000000076,71.31736705364439,19.989900000000077,71.31736705364439,20.879400000000075,72.20686705364439,20.879400000000075,72.20686705364439,19.989900000000077,1.5419974403904606,0.00183226780040854,S230518h,27425,1.5419974403904606
29502,65.94940590226338,24.437400000000082,65.50465590226338,23.992650000000083,65.50465590226338,24.88215000000008,66.39415590226338,24.88215000000008,66.39415590226338,23.992650000000083,1.540317473993583,0.0018302715919492137,S230518h,29502,1.540317473993583
7551,101.39761789119257,-15.590099999999978,100.95286789119257,-16.034849999999977,100.95286789119257,-15.145349999999977,101.84236789119257,-15.145349999999977,101.84236789119257,-16.034849999999977,1.5355346922624191,0.0018245884846152774,S230518h,7551,1.5355346922624191
33071,51.71879752668799,31.642350000000093,51.274047526687994,31.197600000000094,51.274047526687994,32.08710000000009,52.16354752668799,32.08710000000009,52.16354752668799,31.197600000000094,1.5208168727270497,0.0018071001372805032,S230518h,33071,1.5208168727270497
33825,44.03102945316537,33.243450000000095,43.58627945316537,32.798700000000096,43.58627945316537,33.688200000000094,44.475779453165366,33.688200000000094,44.475779453165366,32.798700000000096,1.5048073943785303,0.001788076985288823,S230518h,33825,1.5048073943785303
29092,67.28742487345527,23.63685000000008,66.84267487345527,23.19210000000008,66.84267487345527,24.08160000000008,67.73217487345526,24.08160000000008,67.73217487345526,23.19210000000008,1.5047255782038471,0.001787979767784761,S230518h,29092,1.5047255782038471
34197,39.611678873509966,34.044000000000096,39.16692887350997,33.5992500000001,39.16692887350997,34.488750000000095,40.056428873509965,34.488750000000095,40.056428873509965,33.5992500000001,1.498545788671601,0.0017806366755871701,S230518h,34197,1.498545788671601
17777,89.77050651770742,2.8225500000000494,89.32575651770742,2.3778000000000494,89.32575651770742,3.2673000000000494,90.21525651770742,3.2673000000000494,90.21525651770742,2.3778000000000494,1.4919572699576142,0.001772807913764472,S230518h,17777,1.4919572699576142
23555,80.59280040479662,13.229700000000065,80.14805040479662,12.784950000000064,80.14805040479662,13.674450000000066,81.03755040479662,13.674450000000066,81.03755040479662,12.784950000000064,1.469882327972335,0.001746577516530303,S230518h,23555,1.469882327972335
3323,105.70410311392187,-23.59559999999999,105.25935311392188,-24.04034999999999,105.25935311392188,-23.15084999999999,106.14885311392187,-23.15084999999999,106.14885311392187,-24.04034999999999,1.4663997981999901,0.0017424394245992192,S230518h,3323,1.4663997981999901
1698,107.62453854852119,-26.797799999999995,107.17978854852119,-27.242549999999994,107.17978854852119,-26.353049999999996,108.06928854852119,-26.353049999999996,108.06928854852119,-27.242549999999994,1.4561134734104226,0.001730216770266086,S230518h,1698,1.4561134734104226
5401,95.17213244142187,-19.592849999999984,94.72738244142187,-20.037599999999983,94.72738244142187,-19.148099999999985,95.61688244142186,-19.148099999999985,95.61688244142186,-20.037599999999983,1.4490667420104062,0.0017218435403863344,S230518h,5401,1.4490667420104062
6261,102.68846297772414,-17.991749999999982,102.24371297772414,-18.43649999999998,102.24371297772414,-17.546999999999983,103.13321297772414,-17.546999999999983,103.13321297772414,-18.43649999999998,1.4314613855461966,0.0017009240972542387,S230518h,6261,1.4314613855461966
7975,92.73387681787148,-14.789549999999977,92.28912681787148,-15.234299999999978,92.28912681787148,-14.344799999999976,93.17862681787147,-14.344799999999976,93.17862681787147,-15.234299999999978,1.4225335361187053,0.0016903156418804437,S230518h,7975,1.4225335361187053
2903,97.57322495869752,-24.39614999999999,97.12847495869752,-24.84089999999999,97.12847495869752,-23.951399999999992,98.01797495869752,-23.951399999999992,98.01797495869752,-24.84089999999999,1.4207471884038076,0.0016881930265552772,S230518h,2903,1.4207471884038076
33449,47.43007886067646,32.442900000000094,46.98532886067646,31.998150000000095,46.98532886067646,32.88765000000009,47.87482886067646,32.88765000000009,47.87482886067646,31.998150000000095,1.4132959889556513,0.001679339190312967,S230518h,33449,1.4132959889556513
31515,59.17759420481756,28.440150000000088,58.73284420481756,27.99540000000009,58.73284420481756,28.884900000000087,59.62234420481756,28.884900000000087,59.62234420481756,27.99540000000009,1.404182647139912,0.0016685103248909414,S230518h,31515,1.404182647139912
4142,96.69940076580619,-21.994499999999988,96.25465076580619,-22.439249999999987,96.25465076580619,-21.54974999999999,97.14415076580619,-21.54974999999999,97.14415076580619,-22.439249999999987,1.4023547089089727,0.0016663382899225582,S230518h,4142,1.4023547089089727
34198,40.57781738261997,34.044000000000096,40.13306738261997,33.5992500000001,40.13306738261997,34.488750000000095,41.02256738261997,34.488750000000095,41.02256738261997,33.5992500000001,1.3968729889583056,0.00165982467408029,S230518h,34198,1.3968729889583056
23116,81.1565233550027,12.429150000000064,80.7117733550027,11.984400000000063,80.7117733550027,12.873900000000065,81.6012733550027,12.873900000000065,81.6012733550027,11.984400000000063,1.3650252930139866,0.001621981869502611,S230518h,23116,1.3650252930139866
34561,31.21413123073606,34.8445500000001,30.769381230736062,34.3998000000001,30.769381230736062,35.2893000000001,31.65888123073606,35.2893000000001,31.65888123073606,34.3998000000001,1.351922570595456,0.0016064126501535274,S230518h,34561,1.351922570595456
13582,331.9845268882606,-5.182949999999963,331.5397768882606,-5.627699999999963,331.5397768882606,-4.738199999999963,332.4292768882606,-4.738199999999963,332.4292768882606,-5.627699999999963,1.343941282330151,0.0015969289395381622,S230518h,13582,1.343941282330151
32677,44.7554410789048,30.84180000000009,44.3106910789048,30.397050000000092,44.3106910789048,31.28655000000009,45.2001910789048,31.28655000000009,45.2001910789048,30.397050000000092,1.3423486323100189,0.0015950364841599812,S230518h,32677,1.3423486323100189
13277,86.81435569959356,-5.182949999999963,86.36960569959356,-5.627699999999963,86.36960569959356,-4.738199999999963,87.25910569959356,-4.738199999999963,87.25910569959356,-5.627699999999963,1.3410532952036693,0.0015934973087966047,S230518h,13277,1.3410532952036693
14931,333.4215614088337,-2.781299999999959,332.9768114088337,-3.226049999999959,332.9768114088337,-2.336549999999959,333.8663114088337,-2.336549999999959,333.8663114088337,-3.226049999999959,1.334692445159086,0.0015859390726967017,S230518h,14931,1.334692445159086
31109,52.41311955987534,27.639600000000087,51.96836955987534,27.194850000000088,51.96836955987534,28.084350000000086,52.85786955987534,28.084350000000086,52.85786955987534,27.194850000000088,1.321635464948969,0.0015704242062105998,S230518h,31109,1.321635464948969
15520,84.07558571425433,-1.1801999999999566,83.63083571425433,-1.6249499999999566,83.63083571425433,-0.7354499999999566,84.52033571425433,-0.7354499999999566,84.52033571425433,-1.6249499999999566,1.319907864402909,0.0015683713968027498,S230518h,15520,1.319907864402909
16283,334.6372462251842,-0.3796499999999554,334.1924962251842,-0.8243999999999554,334.1924962251842,0.06510000000004462,335.0819962251842,0.06510000000004462,335.0819962251842,-0.8243999999999554,1.3080327369861076,0.0015542608587294543,S230518h,16283,1.3080327369861076
34564,34.14045603361757,34.8445500000001,33.69570603361757,34.3998000000001,33.69570603361757,35.2893000000001,34.58520603361757,35.2893000000001,34.58520603361757,34.3998000000001,1.3020418389030106,0.0015471422154907156,S230518h,34564,1.3020418389030106
12237,330.31485737448344,-7.584599999999966,329.87010737448344,-8.029349999999967,329.87010737448344,-7.139849999999966,330.75960737448344,-7.139849999999966,330.75960737448344,-8.029349999999967,1.297777776342603,0.0015420754726260945,S230518h,12237,1.297777776342603
17317,81.70697461061357,2.022000000000048,81.26222461061357,1.5772500000000482,81.26222461061357,2.466750000000048,82.15172461061357,2.466750000000048,82.15172461061357,1.5772500000000482,1.294474248555528,0.0015381500785667634,S230518h,17317,1.294474248555528
32676,43.82303605642762,30.84180000000009,43.37828605642762,30.397050000000092,43.37828605642762,31.28655000000009,44.26778605642762,31.28655000000009,44.26778605642762,30.397050000000092,1.286132528003226,0.0015282380867776468,S230518h,32676,1.286132528003226
25293,76.78683307872222,16.43190000000007,76.34208307872223,15.987150000000069,76.34208307872223,16.87665000000007,77.23158307872222,16.87665000000007,77.23158307872222,15.987150000000069,1.2837661815225125,0.0015254262919278943,S230518h,25293,1.2837661815225125
28670,60.804512475425895,22.83630000000008,60.359762475425896,22.39155000000008,60.359762475425896,23.28105000000008,61.249262475425894,23.28105000000008,61.249262475425894,22.39155000000008,1.268898022213489,0.0015077593043962094,S230518h,28670,1.268898022213489
25714,67.89218028219807,17.23245000000007,67.44743028219807,16.787700000000072,67.44743028219807,17.67720000000007,68.33693028219807,17.67720000000007,68.33693028219807,16.787700000000072,1.2677980998566953,0.001506452329258305,S230518h,25714,1.2677980998566953
17632,334.03733737868487,2.022000000000048,333.59258737868487,1.5772500000000482,333.59258737868487,2.466750000000048,334.48208737868487,2.466750000000048,334.48208737868487,1.5772500000000482,1.2616163878487812,0.0014991069526922895,S230518h,17632,1.2616163878487812
12383,87.87521438308636,-6.784049999999965,87.43046438308636,-7.228799999999965,87.43046438308636,-6.339299999999965,88.31996438308636,-6.339299999999965,88.31996438308636,-7.228799999999965,1.2576390119178549,0.0014943808632335996,S230518h,12383,1.2576390119178549
29083,59.42266092720724,23.63685000000008,58.97791092720724,23.19210000000008,58.97791092720724,24.08160000000008,59.86741092720724,24.08160000000008,59.86741092720724,23.19210000000008,1.2331604347241383,0.0014652943630766963,S230518h,29083,1.2331604347241383
902,108.29831826987528,-28.398899999999998,107.85356826987528,-28.843649999999997,107.85356826987528,-27.95415,108.74306826987528,-27.95415,108.74306826987528,-28.843649999999997,1.2206699347020906,0.0014504526127586122,S230518h,902,1.2206699347020906
8847,92.09049459291052,-13.188449999999975,91.64574459291052,-13.633199999999976,91.64574459291052,-12.743699999999974,92.53524459291052,-12.743699999999974,92.53524459291052,-13.633199999999976,1.2166783320708117,0.0014457096185215618,S230518h,8847,1.2166783320708117
33813,32.54467394364397,33.243450000000095,32.09992394364397,32.798700000000096,32.09992394364397,33.688200000000094,32.98942394364397,33.688200000000094,32.98942394364397,32.798700000000096,1.2055603391773635,0.001432498740312401,S230518h,33813,1.2055603391773635
22225,74.17062854265423,10.828050000000061,73.72587854265423,10.38330000000006,73.72587854265423,11.272800000000062,74.61537854265423,11.272800000000062,74.61537854265423,10.38330000000006,1.1929462298116025,0.001417510112046025,S230518h,22225,1.1929462298116025
15382,334.02893362311636,-1.9807499999999578,333.58418362311636,-2.425499999999958,333.58418362311636,-1.5359999999999578,334.47368362311636,-1.5359999999999578,334.47368362311636,-2.425499999999958,1.1824904260332527,0.0014050860754758936,S230518h,15382,1.1824904260332527
33437,36.04685993411411,32.442900000000094,35.60210993411411,31.998150000000095,35.60210993411411,32.88765000000009,36.49160993411411,32.88765000000009,36.49160993411411,31.998150000000095,1.1816024388297888,0.0014040309308190582,S230518h,33437,1.1816024388297888
14928,331.01707899482767,-2.781299999999959,330.57232899482767,-3.226049999999959,330.57232899482767,-2.336549999999959,331.46182899482767,-2.336549999999959,331.46182899482767,-3.226049999999959,1.1789179473680644,0.0014008411023946066,S230518h,14928,1.1789179473680644
14184,94.64979184114993,-3.5818499999999602,94.20504184114994,-4.02659999999996,94.20504184114994,-3.1370999999999603,95.09454184114993,-3.1370999999999603,95.09454184114993,-4.02659999999996,1.1755748683715679,0.0013968687118840544,S230518h,14184,1.1755748683715679
15980,92.06527109066073,-0.3796499999999554,91.62052109066073,-0.8243999999999554,91.62052109066073,0.06510000000004462,92.51002109066073,0.06510000000004462,92.51002109066073,-0.8243999999999554,1.1568044652672407,0.0013745649101345272,S230518h,15980,1.1568044652672407
30315,63.2599839746758,26.038500000000084,62.8152339746758,25.593750000000085,62.8152339746758,26.483250000000083,63.7047339746758,26.483250000000083,63.7047339746758,25.593750000000085,1.1553476341938547,0.0013728338406810501,S230518h,30315,1.1553476341938547
18085,336.6393994414028,2.8225500000000494,336.1946494414028,2.3778000000000494,336.1946494414028,3.2673000000000494,337.0841494414028,3.2673000000000494,337.0841494414028,2.3778000000000494,1.1441166876785722,0.001359488746111469,S230518h,18085,1.1441166876785722
21340,75.42710484221716,9.226950000000059,74.98235484221716,8.782200000000058,74.98235484221716,9.67170000000006,75.87185484221716,9.67170000000006,75.87185484221716,8.782200000000058,1.1362692909950771,0.0013501641312427442,S230518h,21340,1.1362692909950771
16734,335.4395009640781,0.4209000000000458,334.9947509640781,-0.02384999999995424,334.9947509640781,0.8656500000000458,335.8842509640781,0.8656500000000458,335.8842509640781,-0.02384999999995424,1.1346048985822406,0.0013481864284623085,S230518h,16734,1.1346048985822406
17181,333.10449028950796,1.221450000000047,332.65974028950797,0.776700000000047,332.65974028950797,1.666200000000047,333.54924028950796,1.666200000000047,333.54924028950796,0.776700000000047,1.1288707163855525,0.0013413728261012002,S230518h,17181,1.1288707163855525
27846,71.28585558093101,21.235200000000077,70.84110558093101,20.790450000000078,70.84110558093101,21.679950000000076,71.73060558093101,21.679950000000076,71.73060558093101,20.790450000000078,1.1230748543184799,0.0013344859330604326,S230518h,27846,1.1230748543184799
33811,30.630281358723735,33.243450000000095,30.185531358723736,32.798700000000096,30.185531358723736,33.688200000000094,31.075031358723734,33.688200000000094,31.075031358723734,32.798700000000096,1.1222077750656512,0.0013334556321314259,S230518h,33811,1.1222077750656512
31898,47.70774475602957,29.24070000000009,47.26299475602957,28.79595000000009,47.26299475602957,29.68545000000009,48.15249475602957,29.68545000000009,48.15249475602957,28.79595000000009,1.1211086539172515,0.0013321496090238577,S230518h,31898,1.1211086539172515
33070,50.778455753475484,31.642350000000093,50.333705753475485,31.197600000000094,50.333705753475485,32.08710000000009,51.22320575347548,32.08710000000009,51.22320575347548,31.197600000000094,1.1011102591796207,0.0013083866547038156,S230518h,33070,1.1011102591796207
11060,98.12489006788707,-9.185699999999969,97.68014006788707,-9.63044999999997,97.68014006788707,-8.740949999999968,98.56964006788706,-8.740949999999968,98.56964006788706,-9.63044999999997,1.0715315231145164,0.0012732399260197847,S230518h,11060,1.0715315231145164
11049,89.20444551626098,-9.185699999999969,88.75969551626098,-9.63044999999997,88.75969551626098,-8.740949999999968,89.64919551626097,-8.740949999999968,89.64919551626097,-9.63044999999997,1.0627450702093886,0.0012627994840863695,S230518h,11049,1.0627450702093886
11344,328.434549400779,-9.185699999999969,327.989799400779,-9.63044999999997,327.989799400779,-8.740949999999968,328.879299400779,-8.740949999999968,328.879299400779,-9.63044999999997,1.054858836942263,0.00125342872191558,S230518h,11344,1.054858836942263
27003,73.09735262710117,19.634100000000075,72.65260262710117,19.189350000000076,72.65260262710117,20.078850000000074,73.54210262710117,20.078850000000074,73.54210262710117,19.189350000000076,1.0541766182820353,0.0012526180803079934,S230518h,27003,1.0541766182820353
11789,328.53528910376247,-8.385149999999967,328.09053910376247,-8.829899999999968,328.09053910376247,-7.9403999999999675,328.98003910376246,-7.9403999999999675,328.98003910376246,-8.829899999999968,1.0519520637600874,0.0012499747687731919,S230518h,11789,1.0519520637600874
19111,78.78115460539543,5.224200000000053,78.33640460539543,4.779450000000053,78.33640460539543,5.668950000000053,79.22590460539543,5.668950000000053,79.22590460539543,4.779450000000053,1.0241164280421493,0.0012168992670285423,S230518h,19111,1.0241164280421493
11346,330.05644841016556,-9.185699999999969,329.61169841016556,-9.63044999999997,329.61169841016556,-8.740949999999968,330.50119841016556,-8.740949999999968,330.50119841016556,-9.63044999999997,1.01392702889049,0.001204791783914713,S230518h,11346,1.01392702889049
21664,338.2054055828447,9.226950000000059,337.7606555828447,8.782200000000058,337.7606555828447,9.67170000000006,338.6501555828447,9.67170000000006,338.6501555828447,8.782200000000058,1.0092248197450775,0.001199204416398886,S230518h,21664,1.0092248197450775
21783,74.79311764304961,10.02750000000006,74.34836764304961,9.58275000000006,74.34836764304961,10.472250000000061,75.23786764304961,10.472250000000061,75.23786764304961,9.58275000000006,1.0064238790734152,0.0011958762180056112,S230518h,21783,1.0064238790734152
17635,336.44048369076177,2.022000000000048,335.99573369076177,1.5772500000000482,335.99573369076177,2.466750000000048,336.88523369076177,2.466750000000048,336.88523369076177,1.5772500000000482,1.001465404299073,0.0011899843446274915,S230518h,17635,1.001465404299073
14478,330.47215456401506,-3.5818499999999602,330.02740456401506,-4.02659999999996,330.02740456401506,-3.1370999999999603,330.91690456401506,-3.1370999999999603,330.91690456401506,-4.02659999999996,0.9885642552311182,0.0011746546434189744,S230518h,14478,0.9885642552311182
18985,338.03856690849057,4.423650000000052,337.59381690849057,3.978900000000052,337.59381690849057,4.868400000000052,338.48331690849056,4.868400000000052,338.48331690849056,3.978900000000052,0.9865144346097929,0.001172218958233844,S230518h,18985,0.9865144346097929
20330,339.4370973069416,6.825300000000055,338.9923473069416,6.3805500000000555,338.9923473069416,7.270050000000055,339.8818473069416,7.270050000000055,339.8818473069416,6.3805500000000555,0.9843984177077825,0.001169704615775732,S230518h,20330,0.9843984177077825
509,109.13338246409802,-29.19945,108.68863246409802,-29.644199999999998,108.68863246409802,-28.7547,109.57813246409802,-28.7547,109.57813246409802,-29.644199999999998,0.9453105430057738,0.0011232587188326354,S230518h,509,0.9453105430057738
4569,104.75234083754185,-21.193949999999987,104.30759083754185,-21.638699999999986,104.30759083754185,-20.749199999999988,105.19709083754185,-20.749199999999988,105.19709083754185,-21.638699999999986,0.9410270861272783,0.001118168930803598,S230518h,4569,0.9410270861272783
11792,330.96288976216465,-8.385149999999967,330.51813976216465,-8.829899999999968,330.51813976216465,-7.9403999999999675,331.40763976216465,-7.9403999999999675,331.40763976216465,-8.829899999999968,0.8900690430963996,0.0010576183883891635,S230518h,11792,0.8900690430963996
16280,332.23554350108003,-0.3796499999999554,331.79079350108003,-0.8243999999999554,331.79079350108003,0.06510000000004462,332.68029350108003,0.06510000000004462,332.68029350108003,-0.8243999999999554,0.8767085418129648,0.0010417428650855995,S230518h,16280,0.8767085418129648
19434,338.4374090701171,5.224200000000053,337.9926590701171,4.779450000000053,337.9926590701171,5.668950000000053,338.8821590701171,5.668950000000053,338.8821590701171,4.779450000000053,0.8651768696835572,0.0010280404353836205,S230518h,19434,0.8651768696835572
9284,90.97926515166913,-12.387899999999973,90.53451515166913,-12.832649999999974,90.53451515166913,-11.943149999999973,91.42401515166912,-11.943149999999973,91.42401515166912,-12.832649999999974,0.8607762220145476,0.001022811396207766,S230518h,9284,0.8607762220145476
34563,33.16501443265707,34.8445500000001,32.72026443265707,34.3998000000001,32.72026443265707,35.2893000000001,33.609764432657066,35.2893000000001,33.609764432657066,34.3998000000001,0.8532953509248099,0.001013922302842434,S230518h,34563,0.8532953509248099
1688,98.65582700281108,-26.797799999999995,98.21107700281108,-27.242549999999994,98.21107700281108,-26.353049999999996,99.10057700281108,-26.353049999999996,99.10057700281108,-27.242549999999994,0.8523745523704942,0.001012828170324738,S230518h,1688,0.8523745523704942
26994,65.44762967775338,19.634100000000075,65.00287967775338,19.189350000000076,65.00287967775338,20.078850000000074,65.89237967775338,20.078850000000074,65.89237967775338,19.189350000000076,0.8508260219544895,0.001010988139761211,S230518h,26994,0.8508260219544895
31897,46.79028812610592,29.24070000000009,46.34553812610592,28.79595000000009,46.34553812610592,29.68545000000009,47.23503812610592,29.68545000000009,47.23503812610592,28.79595000000009,0.8392158161278779,0.0009971923929363465,S230518h,31897,0.8392158161278779
6679,93.85467311754802,-17.19119999999998,93.40992311754802,-17.63594999999998,93.40992311754802,-16.74644999999998,94.29942311754802,-16.74644999999998,94.29942311754802,-17.63594999999998,0.8387345972582132,0.0009966205879406052,S230518h,6679,0.8387345972582132
22236,83.13630891594211,10.828050000000061,82.69155891594211,10.38330000000006,82.69155891594211,11.272800000000062,83.58105891594211,11.272800000000062,83.58105891594211,10.38330000000006,0.832860207209568,0.0009896403845685115,S230518h,22236,0.832860207209568
26569,65.97518553223469,18.833550000000074,65.53043553223469,18.388800000000074,65.53043553223469,19.278300000000073,66.41993553223469,19.278300000000073,66.41993553223469,18.388800000000074,0.8293615394118465,0.0009854831167403187,S230518h,26569,0.8293615394118465
15531,92.88350421765242,-1.1801999999999566,92.43875421765242,-1.6249499999999566,92.43875421765242,-0.7354499999999566,93.32825421765241,-0.7354499999999566,93.32825421765241,-1.6249499999999566,0.8187612949953885,0.0009728874495803146,S230518h,15531,0.8187612949953885
23105,72.1391318711135,12.429150000000064,71.6943818711135,11.984400000000063,71.6943818711135,12.873900000000065,72.5838818711135,12.873900000000065,72.5838818711135,11.984400000000063,0.7904229136967732,0.0009392145638743535,S230518h,23105,0.7904229136967732
18535,336.90435996475696,3.6231000000000506,336.45960996475696,3.1783500000000506,336.45960996475696,4.067850000000051,337.34910996475696,4.067850000000051,337.34910996475696,3.1783500000000506,0.6770285984438924,0.0008044745525455294,S230518h,18535,0.6770285984438924
19881,338.0984361571053,6.024750000000054,337.6536861571053,5.580000000000054,337.6536861571053,6.469500000000054,338.5431861571053,6.469500000000054,338.5431861571053,5.580000000000054,0.6332001668875805,0.0007523957216865722,S230518h,19881,0.6332001668875805
499,99.96250998812339,-29.19945,99.51775998812339,-29.644199999999998,99.51775998812339,-28.7547,100.40725998812339,-28.7547,100.40725998812339,-29.644199999999998,0.622264898957839,0.0007394019651525587,S230518h,499,0.622264898957839
10901,329.2104873229684,-9.98624999999997,328.7657373229684,-10.43099999999997,328.7657373229684,-9.541499999999969,329.6552373229684,-9.541499999999969,329.6552373229684,-10.43099999999997,0.6040884912836257,0.0007178039743672262,S230518h,10901,0.6040884912836257
33812,31.587477651183853,33.243450000000095,31.142727651183854,32.798700000000096,31.142727651183854,33.688200000000094,32.03222765118385,33.688200000000094,32.03222765118385,32.798700000000096,0.6007508540788178,0.0007138380500280348,S230518h,33812,0.6007508540788178
33057,38.55401270171287,31.642350000000093,38.10926270171287,31.197600000000094,38.10926270171287,32.08710000000009,38.99876270171287,32.08710000000009,38.99876270171287,31.197600000000094,0.5939079764869498,0.0007057070480267981,S230518h,33057,0.5939079764869498
33436,35.09825835690058,32.442900000000094,34.65350835690058,31.998150000000095,34.65350835690058,32.88765000000009,35.54300835690058,32.88765000000009,35.54300835690058,31.998150000000095,0.5932479163331915,0.000704922736111366,S230518h,33436,0.5932479163331915
28254,61.31836010810264,22.03575000000008,60.87361010810264,21.59100000000008,60.87361010810264,22.480500000000077,61.76311010810264,22.480500000000077,61.76311010810264,21.59100000000008,0.5897966841108255,0.000700821833277719,S230518h,28254,0.5897966841108255
19558,78.08463882676003,6.024750000000054,77.63988882676003,5.580000000000054,77.63988882676003,6.469500000000054,78.52938882676003,6.469500000000054,78.52938882676003,5.580000000000054,0.5808264638646642,0.0006901630310715024,S230518h,19558,0.5808264638646642
33433,32.252453625259996,32.442900000000094,31.807703625259997,31.998150000000095,31.807703625259997,32.88765000000009,32.697203625259995,32.88765000000009,32.697203625259995,31.998150000000095,0.5778727428642486,0.0006866532925085891,S230518h,33433,0.5778727428642486
34196,38.64554036439997,34.044000000000096,38.20079036439997,33.5992500000001,38.20079036439997,34.488750000000095,39.09029036439997,34.488750000000095,39.09029036439997,33.5992500000001,0.5726441594287157,0.0006804404643807742,S230518h,34196,0.5726441594287157
33809,28.715888773803503,33.243450000000095,28.271138773803504,32.798700000000096,28.271138773803504,33.688200000000094,29.160638773803502,33.688200000000094,29.160638773803502,32.798700000000096,0.5700884158984316,0.0006774036197959634,S230518h,33809,0.5700884158984316
34186,28.984155273299976,34.044000000000096,28.539405273299977,33.5992500000001,28.539405273299977,34.488750000000095,29.428905273299975,34.488750000000095,29.428905273299975,33.5992500000001,0.5700884158984316,0.0006774036197959634,S230518h,34186,0.5700884158984316
32288,45.314227444573014,30.04125000000009,44.869477444573015,29.59650000000009,44.869477444573015,30.48600000000009,45.75897744457301,30.48600000000009,45.75897744457301,29.59650000000009,0.565502966055376,0.0006719549907141331,S230518h,32288,0.565502966055376
10015,328.5163886590594,-11.587349999999972,328.0716386590594,-12.032099999999973,328.0716386590594,-11.142599999999971,328.9611386590594,-11.142599999999971,328.9611386590594,-12.032099999999973,0.5615881446159109,0.0006673032311975515,S230518h,10015,0.5615881446159109
21220,338.281678552586,8.426400000000058,337.836928552586,7.981650000000058,337.836928552586,8.871150000000059,338.726428552586,8.871150000000059,338.726428552586,7.981650000000058,0.558995332037889,0.0006642223395729838,S230518h,21220,0.558995332037889
10458,329.23973634975016,-10.786799999999971,328.79498634975016,-11.231549999999972,328.79498634975016,-10.34204999999997,329.68448634975016,-10.34204999999997,329.68448634975016,-11.231549999999972,0.5569947171072169,0.0006618451227096674,S230518h,10458,0.5569947171072169
