#id,ra,dec,ra1,dec1,ra2,dec2,ra3,dec3,ra4,dec4,sum_p3d,nor_sum_p3d,obj,note,weight
4050,97.05329153605015,-14.727272727272721,97.6632276334037,-14.134972359221194,97.66654693409805,-15.317968003614352,96.44003613800228,-15.317968003614352,96.44335543869661,-14.134972359221194,1294.2188338635692,1.0,S230518h,4050,1294.2188338635692
4369,96.44859813084112,-13.636363636363637,97.05573336593467,-13.044124793472468,97.05878216363777,-14.227121083319139,95.83841409804447,-14.22712108331914,95.84146289574758,-13.044124793472468,1255.1237449567232,0.9697925204888749,S230518h,4369,1255.1237449567232
5334,94.44444444444444,-10.363636363636358,95.04462046396,-9.771579054942235,95.04689101105431,-10.95457694658554,93.84199787783459,-10.954576946585542,93.8442684249289,-9.771579054942237,1253.594039526369,0.9686105678002498,S230518h,5334,1253.594039526369
3416,97.9746835443038,-16.909090909090903,98.59097491277181,-16.31666565766701,98.59485540520728,-17.499659831842962,97.35451168340032,-17.499659831842965,97.35839217583579,-16.316665657667013,1253.5198127345827,0.9685532152182567,S230518h,3416,1253.5198127345827
3732,97.35849056603774,-15.818181818181818,97.97147671243752,-15.225819332062743,97.97507303421406,-16.40881427199012,96.74190809786143,-16.40881427199012,96.74550441963797,-15.225819332062743,1243.980293776748,0.9611823450777282,S230518h,3732,1243.980293776748
3102,98.59872611464968,-18.0,99.21858444538793,-17.407511279616614,99.22275692562768,-18.590504624245447,97.9746953036717,-18.590504624245447,97.97886778391144,-17.407511279616614,1205.8871423038127,0.9317490294156328,S230518h,3102,1205.8871423038127
4690,96.14906832298136,-12.54545454545454,96.75364644763388,-11.953276687262091,96.75643066128693,-13.136273565602837,95.54170598467581,-13.136273565602837,95.54449019832884,-11.953276687262091,1172.8575400063157,0.9062281503855423,S230518h,4690,1172.8575400063157
5658,94.15384615384615,-9.272727272727273,94.75216884077115,-8.68072962595141,94.75418923910391,-9.863727945526662,93.5535030685884,-9.863727945526662,93.55552346692117,-8.68072962595141,1112.3261768651746,0.8594575722133488,S230518h,5658,1112.3261768651746
5011,94.73684210526316,-11.454545454545455,95.33910196107868,-10.86242809134075,95.3416269393702,-12.045425503062715,94.13205727115614,-12.045425503062717,94.13458224944766,-10.86242809134075,1072.854769724244,0.8289593240746639,S230518h,5011,1072.854769724244
2790,99.23076923076923,-19.090909090909083,99.85446344522153,-18.49835613918927,99.85893643816043,-19.681348587710396,98.60260202337803,-19.681348587710396,98.60707501631693,-18.49835613918927,1047.046094466797,0.80901781605287,S230518h,2790,1047.046094466797
2480,99.87096774193547,-20.18181818181818,100.49877459373097,-19.589200175123644,100.50355737669217,-20.772191657936293,99.23837810717879,-20.77219165793629,99.24316089013998,-19.589200175123644,937.1116876332982,0.724075143332433,S230518h,2480,937.1116876332982
6308,92.4770642201835,-7.090909090909093,93.07235833087752,-6.49902977593281,93.0738892898713,-7.682028800430684,91.8802391504957,-7.682028800430684,91.88177010948948,-6.49902977593281,914.4331101751148,0.7065521581426084,S230518h,6308,914.4331101751148
5982,92.76073619631903,-8.181818181818176,93.35743258737318,-7.589879851062995,93.3592066177196,-8.772878547878591,92.16226577491847,-8.772878547878591,92.16403980526488,-7.589879851062995,910.0204087251233,0.7031426099776984,S230518h,5982,910.0204087251233
5012,95.85139318885449,-11.454545454545455,96.45365304466999,-10.862428091340748,96.45617802296151,-12.045425503062715,95.24660835474745,-12.045425503062715,95.24913333303897,-10.862428091340748,881.1474765067286,0.6808334521576088,S230518h,5012,881.1474765067286
4689,95.03105590062113,-12.54545454545454,95.63563402527366,-11.953276687262093,95.6384182389267,-13.136273565602837,94.42369356231558,-13.136273565602838,94.42647777596862,-11.953276687262093,880.7755075333126,0.6805460440596247,S230518h,4689,880.7755075333126
5983,93.86503067484664,-8.181818181818176,94.46172706590079,-7.589879851062995,94.4635010962472,-8.77287854787859,93.26656025344607,-8.77287854787859,93.26833428379248,-7.589879851062995,764.8770088979128,0.5909951152654472,S230518h,5983,764.8770088979128
2172,100.51948051948051,-21.272727272727277,101.15168528638935,-20.680043323366277,101.15678793875594,-21.863033767531228,99.8821731002051,-21.863033767531228,99.88727575257167,-20.680043323366277,698.803389967538,0.5399422197260365,S230518h,2172,698.803389967538
5657,93.04615384615384,-9.272727272727273,93.64447653307884,-8.68072962595141,93.6464969314116,-9.863727945526662,92.4458107608961,-9.863727945526662,92.44783115922885,-8.68072962595141,663.923088615317,0.5129913668721227,S230518h,5657,663.923088615317
3733,98.49056603773585,-15.818181818181818,99.10355218413562,-15.225819332062743,99.10714850591216,-16.40881427199012,97.87398356955954,-16.40881427199012,97.87757989133607,-15.225819332062743,652.4562371579214,0.5041313107847265,S230518h,3733,652.4562371579214
4049,95.92476489028213,-14.727272727272721,96.53470098763567,-14.13497235922119,96.53802028833003,-15.317968003614348,95.31150949223425,-15.317968003614348,95.3148287929286,-14.134972359221193,571.1651775087726,0.44132040313746684,S230518h,4049,571.1651775087726
3417,99.11392405063292,-16.909090909090903,99.73021541910093,-16.316665657667013,99.7340959115364,-17.499659831842965,98.49375218972943,-17.499659831842965,98.4976326821649,-16.316665657667013,564.0267036964206,0.43580474100555217,S230518h,3417,564.0267036964206
6635,92.19512195121952,-5.999999999999996,92.78923520778213,-5.408179445322053,92.79052592303854,-6.591178748920799,91.5997179794005,-6.5911787489208,91.60100869465691,-5.408179445322053,561.8126111639382,0.43409398508503083,S230518h,6635,561.8126111639382
4368,95.32710280373833,-13.636363636363637,95.93423803883188,-13.044124793472465,95.93728683653498,-14.227121083319135,94.71691877094169,-14.227121083319137,94.7199675686448,-13.044124793472466,556.6652054304062,0.43011675526975635,S230518h,4368,556.6652054304062
5335,95.55555555555556,-10.363636363636358,96.1557315750711,-9.771579054942238,96.15800212216543,-10.954576946585542,94.9531089889457,-10.954576946585542,94.95537953604001,-9.771579054942238,553.0575966024363,0.4273292754915489,S230518h,5335,553.0575966024363
3103,99.7452229299363,-18.0,100.36508126067456,-17.407511279616614,100.3692537409143,-18.590504624245447,99.12119211895832,-18.590504624245447,99.12536459919806,-17.407511279616614,469.70236834214603,0.3629234531690179,S230518h,3103,469.70236834214603
6309,93.57798165137615,-7.090909090909093,94.17327576207016,-6.49902977593281,94.17480672106396,-7.682028800430684,92.98115658168835,-7.682028800430684,92.98268754068214,-6.49902977593281,428.5868537478017,0.3311548576899951,S230518h,6309,428.5868537478017
5333,93.33333333333333,-10.363636363636358,93.93350935284889,-9.771579054942235,93.9357798999432,-10.954576946585542,92.73088676672349,-10.954576946585542,92.73315731381778,-9.771579054942235,417.9080555692337,0.3229037042535325,S230518h,5333,417.9080555692337
2789,98.07692307692308,-19.090909090909083,98.70061729137538,-18.49835613918927,98.70509028431428,-19.6813485877104,97.44875586953188,-19.6813485877104,97.4532288624708,-18.49835613918927,407.72107629805276,0.3150325629869739,S230518h,2789,407.72107629805276
4051,98.18181818181819,-14.727272727272721,98.79175427917174,-14.134972359221193,98.79507357986608,-15.317968003614352,97.56856278377032,-15.317968003614352,97.57188208446465,-14.134972359221193,404.24026574184774,0.31234305603101814,S230518h,4051,404.24026574184774
4370,97.57009345794393,-13.636363636363637,98.17722869303748,-13.044124793472466,98.1802774907406,-14.227121083319137,96.95990942514729,-14.227121083319137,96.9629582228504,-13.044124793472468,394.6855298434457,0.3049604282648321,S230518h,4370,394.6855298434457
2479,98.70967741935483,-20.18181818181818,99.33748427115033,-19.589200175123644,99.34226705411155,-20.77219165793629,98.07708778459815,-20.77219165793629,98.08187056755935,-19.589200175123644,389.383052459894,0.30086337972496313,S230518h,2479,389.383052459894
3101,97.45222929936305,-18.0,98.07208763010131,-17.407511279616614,98.07626011034105,-18.590504624245447,96.82819848838507,-18.590504624245447,96.83237096862482,-17.407511279616617,382.7655490105623,0.2957502541265844,S230518h,3101,382.7655490105623
2171,99.35064935064935,-21.272727272727277,99.98285411755819,-20.680043323366277,99.98795676992476,-21.863033767531228,98.71334193137392,-21.863033767531228,98.7184445837405,-20.680043323366277,376.392662486173,0.2908261359190285,S230518h,2171,376.392662486173
3415,96.8354430379747,-16.909090909090903,97.45173440644272,-16.31666565766701,97.4556148988782,-17.499659831842962,96.21527117707122,-17.499659831842962,96.21915166950669,-16.31666565766701,372.29220370809446,0.28765784731837696,S230518h,3415,372.29220370809446
2791,100.38461538461537,-19.090909090909083,101.00830959906767,-18.49835613918927,101.01278259200657,-19.681348587710396,99.75644817722417,-19.681348587710396,99.76092117016309,-18.49835613918927,360.9250996155081,0.2788748627139475,S230518h,2791,360.9250996155081
3731,96.22641509433963,-15.818181818181818,96.8394012407394,-15.225819332062743,96.84299756251595,-16.40881427199012,95.60983262616332,-16.408814271990124,95.61342894793985,-15.225819332062743,333.21664889070036,0.2574654611507736,S230518h,3731,333.21664889070036
1865,99.99999999999999,-22.363636363636363,100.63689722144902,-21.77088551679757,100.64233067976684,-22.95387484571307,99.35766932023314,-22.953874845713074,99.36310277855097,-21.77088551679757,330.95234085541745,0.2557159053754776,S230518h,1865,330.95234085541745
6634,91.09756097560975,-5.999999999999996,91.69167423217236,-5.408179445322052,91.69296494742878,-6.5911787489207985,90.50215700379074,-6.591178748920799,90.50344771904716,-5.408179445322052,312.6587856255859,0.24158108153334523,S230518h,6634,312.6587856255859
6962,91.09756097560975,-4.909090909090911,91.69071263514527,-4.3173289032361035,91.69176547811874,-5.500328438180323,90.50335647310078,-5.500328438180324,90.50440931607424,-4.3173289032361035,310.80766070904394,0.2401507786602091,S230518h,6962,310.80766070904394
1866,101.17647058823529,-22.363636363636363,101.81336780968432,-21.770885516797566,101.81880126800215,-22.953874845713074,100.53413990846845,-22.953874845713074,100.53957336678627,-21.770885516797566,303.44265244308446,0.23446008086378384,S230518h,1866,303.44265244308446
6307,91.37614678899082,-7.090909090909093,91.97144089968485,-6.49902977593281,91.97297185867863,-7.682028800430684,90.77932171930303,-7.682028800430684,90.78085267829682,-6.49902977593281,303.1025456277823,0.23419729159940045,S230518h,6307,303.1025456277823
5659,95.26153846153846,-9.272727272727273,95.85986114846347,-8.68072962595141,95.86188154679621,-9.863727945526662,94.6611953762807,-9.863727945526662,94.66321577461348,-8.68072962595141,300.71107432742065,0.23234948098361569,S230518h,5659,300.71107432742065
1261,101.66112956810632,-24.545454545454543,102.30833636018394,-23.952566753603886,102.31446798124679,-25.13555360576676,101.00779115496587,-25.135553605766763,101.01392277602872,-23.952566753603886,298.81165245011954,0.23088186064955607,S230518h,1261,298.81165245011954
7290,90.82066869300913,-3.8181818181818143,91.41307625386924,-3.2264781930583086,91.41389315055535,-4.409477912273196,90.22744423546293,-4.409477912273196,90.22826113214904,-3.226478193058309,291.7199173748617,0.22540231199078156,S230518h,7290,291.7199173748617
7946,88.6322188449848,-1.636363636363633,89.22378567492295,-1.0447764396276775,89.2241347163782,-2.22777638817955,88.04030297359141,-2.22777638817955,88.04065201504667,-1.0447764396276775,291.1280251863251,0.2249449765131563,S230518h,7946,291.1280251863251
7618,89.72644376899696,-2.72727272727273,90.31832337326757,-2.1356273576800744,90.31890581284013,-3.318627214630282,89.1339817251538,-3.318627214630282,89.13456416472636,-2.1356273576800744,286.9990484701347,0.22175465304686554,S230518h,7618,286.9990484701347
963,102.68456375838927,-25.63636363636364,103.33741036113187,-25.043405644592607,103.34391138683812,-26.22639112602681,102.02521612994043,-26.22639112602681,102.03171715564667,-25.043405644592607,280.8554274661877,0.2170076807086507,S230518h,963,280.8554274661877
4691,97.26708074534162,-12.54545454545454,97.87165886999414,-11.953276687262093,97.87444308364718,-13.136273565602837,96.65971840703607,-13.136273565602837,96.6625026206891,-11.953276687262093,278.5945928985381,0.2152608087666775,S230518h,4691,278.5945928985381
7289,89.72644376899696,-3.8181818181818143,90.31885132985707,-3.2264781930583086,90.31966822654319,-4.409477912273196,89.13321931145074,-4.409477912273196,89.13403620813686,-3.2264781930583086,278.14948837707516,0.21491689125457158,S230518h,7289,278.14948837707516
1262,102.85714285714288,-24.545454545454543,103.5043496492205,-23.952566753603882,103.51048127028335,-25.135553605766763,102.20380444400243,-25.135553605766763,102.20993606506528,-23.952566753603882,272.9703586896009,0.21091514939147937,S230518h,1262,272.9703586896009
1562,100.99009900990099,-23.45454545454546,101.63199327507252,-22.86172668493405,101.63776939421413,-24.04471481798269,100.34242862558784,-24.044714817982687,100.34820474472947,-22.86172668493405,269.4404571350398,0.20818771144806492,S230518h,1562,269.4404571350398
5010,93.62229102167181,-11.454545454545455,94.22455087748733,-10.86242809134075,94.22707585577885,-12.045425503062717,93.01750618756479,-12.045425503062717,93.02003116585631,-10.86242809134075,268.45232811863735,0.20742421690560595,S230518h,5010,268.45232811863735
7947,89.72644376899696,-1.636363636363633,90.31801059893512,-1.0447764396276775,90.31835964039037,-2.22777638817955,89.13452789760356,-2.22777638817955,89.13487693905883,-1.0447764396276775,266.1470665453432,0.20564301768876841,S230518h,7947,266.1470665453432
374,103.20819112627987,-27.818181818181824,103.87335135976775,-27.225079558088602,103.88063757770743,-28.40806200687395,102.53574467485231,-28.40806200687395,102.54303089279199,-27.225079558088602,264.55270598590863,0.20441110812469956,S230518h,374,264.55270598590863
2481,101.03225806451613,-20.18181818181818,101.66006491631163,-19.589200175123644,101.66484769927283,-20.77219165793629,100.39966842975943,-20.77219165793629,100.40445121272063,-19.589200175123644,264.2954718831981,0.204212351858773,S230518h,2481,264.2954718831981
667,102.50847457627118,-26.727272727272727,103.16730104979993,-26.134243275254885,103.17418652827592,-27.317227290829493,101.84276262426644,-27.317227290829493,101.84964810274245,-26.134243275254885,263.0436690535778,0.203245125299503,S230518h,667,263.0436690535778
6963,92.19512195121952,-4.909090909090911,92.78827361075503,-4.3173289032361035,92.7893264537285,-5.500328438180324,91.60091744871055,-5.500328438180325,91.60197029168401,-4.3173289032361035,251.7565985408256,0.1945239799897431,S230518h,6963,251.7565985408256
84,104.27586206896552,-28.909090909090907,104.94772491883967,-28.31591440026569,104.95542950520348,-29.498895174969874,103.59629463272756,-29.49889517496988,103.60399921909136,-28.31591440026569,247.47571806707734,0.19121628552437303,S230518h,84,247.47571806707734
8931,86.4437689969605,1.636363636363633,87.03568486835391,2.22777638817955,87.03533582689865,1.0447764396276775,85.85220216702237,1.0447764396276775,85.8518531255671,2.22777638817955,246.72944440209568,0.1906396645964007,S230518h,8931,246.72944440209568
8275,88.6322188449848,-0.5454545454545485,89.22368751518994,0.04607451881298135,89.22380379205369,-1.1369254754733231,88.04063389791594,-1.1369254754733231,88.04075017477967,0.04607451881298136,246.22222931122775,0.1902477563057805,S230518h,8275,246.22222931122775
668,103.72881355932203,-26.727272727272727,104.38764003285078,-26.134243275254885,104.39452551132679,-27.317227290829493,103.06310160731731,-27.317227290829493,103.0699870857933,-26.134243275254885,241.9356823661138,0.18693568354578402,S230518h,668,241.9356823661138
7617,88.6322188449848,-2.72727272727273,89.22409844925542,-2.1356273576800744,89.22468088882796,-3.318627214630282,88.03975680114165,-3.318627214630282,88.0403392407142,-2.1356273576800744,241.33448713936812,0.18647115991885538,S230518h,7617,241.33448713936812
962,101.47651006711409,-25.63636363636364,102.12935666985669,-25.043405644592603,102.13585769556293,-26.226391126026808,100.81716243866526,-26.22639112602681,100.82366346437149,-25.043405644592607,236.42374757566054,0.18267679420942756,S230518h,962,236.42374757566054
7619,90.82066869300913,-2.72727272727273,91.41254829727974,-2.1356273576800744,91.4131307368523,-3.318627214630282,90.22820664916597,-3.3186272146302827,90.22878908873852,-2.1356273576800744,235.79555926986765,0.1821914139249222,S230518h,7619,235.79555926986765
1563,102.17821782178218,-23.45454545454546,102.8201120869537,-22.86172668493405,102.82588820609533,-24.044714817982687,101.53054743746904,-24.044714817982687,101.53632355661067,-22.86172668493405,235.66372885629156,0.18208955293346796,S230518h,1563,235.66372885629156
5981,91.65644171779142,-8.181818181818176,92.25313810884556,-7.589879851062995,92.25491213919199,-8.77287854787859,91.05797129639086,-8.77287854787859,91.05974532673727,-7.589879851062995,229.75939136944552,0.17752746703859645,S230518h,5981,229.75939136944552
6961,90.00000000000001,-4.909090909090911,90.59315165953552,-4.3173289032361035,90.594204502509,-5.500328438180325,89.40579549749104,-5.500328438180325,89.4068483404645,-4.3173289032361035,226.2552550896952,0.17481993706911703,S230518h,6961,226.2552550896952
2173,101.68831168831169,-21.272727272727277,102.32051645522053,-20.680043323366277,102.32561910758712,-21.863033767531228,101.05100426903627,-21.863033767531228,101.05610692140286,-20.68004332336628,220.6679797708115,0.17050283460337384,S230518h,2173,220.6679797708115
83,103.0344827586207,-28.909090909090907,103.70634560849486,-28.315914400265687,103.71405019485866,-29.49889517496988,102.35491532238274,-29.49889517496988,102.36261990874655,-28.31591440026569,219.18973210759827,0.16936064162600825,S230518h,83,219.18973210759827
6636,93.29268292682927,-5.999999999999996,93.88679618339188,-5.408179445322053,93.8880868986483,-6.5911787489207985,92.69727895501025,-6.5911787489207985,92.69856967026668,-5.408179445322053,218.4881796884621,0.1688185753225518,S230518h,6636,218.4881796884621
8603,87.53799392097265,0.5454545454545485,88.12957886804152,1.1369254754733231,88.12946259117777,-0.04607451881298136,86.94652525076752,-0.04607451881298135,86.94640897390377,1.1369254754733231,217.33074736526532,0.16792426572597333,S230518h,8603,217.33074736526532
375,104.43686006825939,-27.818181818181824,105.10202030174727,-27.225079558088606,105.10930651968695,-28.40806200687395,103.76441361683185,-28.408062006873955,103.77169983477152,-27.225079558088606,216.07384195114264,0.1669530965687679,S230518h,375,216.07384195114264
8274,87.53799392097265,-0.5454545454545485,88.12946259117777,0.04607451881298136,88.12957886804152,-1.1369254754733231,86.94640897390377,-1.1369254754733231,86.94652525076752,0.04607451881298135,211.02601347883956,0.16305280680306108,S230518h,8274,211.02601347883956
8602,86.4437689969605,0.5454545454545485,87.03535394402938,1.1369254754733231,87.03523766716563,-0.04607451881298136,85.85230032675538,-0.04607451881298136,85.85218404989163,1.136925475473323,210.9899774790488,0.16302496298032582,S230518h,8602,210.9899774790488
9259,85.34954407294833,2.72727272727273,85.9420061167915,3.318627214630282,85.94142367721895,2.1356273576800744,84.75766446867773,2.1356273576800744,84.75708202910518,3.318627214630282,209.04116668855855,0.16151918146988944,S230518h,9259,209.04116668855855
1260,100.46511627906978,-24.545454545454543,101.1123230711474,-23.952566753603882,101.11845469221025,-25.135553605766763,99.81177786592932,-25.135553605766763,99.81790948699216,-23.952566753603882,207.99619800100828,0.1607117687973117,S230518h,1260,207.99619800100828
7291,91.91489361702128,-3.8181818181818143,92.50730117788139,-3.2264781930583095,92.5081180745675,-4.409477912273196,91.32166915947506,-4.409477912273196,91.32248605616118,-3.226478193058309,207.31457149204357,0.16018509858426133,S230518h,7291,207.31457149204357
4688,93.91304347826087,-12.54545454545454,94.51762160291341,-11.953276687262093,94.52040581656645,-13.136273565602838,93.30568113995533,-13.136273565602837,93.30846535360837,-11.953276687262091,200.6440519338081,0.1550310091955895,S230518h,4688,200.6440519338081
7945,87.53799392097265,-1.636363636363633,88.1295607509108,-1.0447764396276777,88.12990979236605,-2.2277763881795503,86.94607804957924,-2.22777638817955,86.94642709103452,-1.0447764396276775,196.3367246128162,0.15170288012785413,S230518h,7945,196.3367246128162
8930,85.34954407294833,1.636363636363633,85.94145994434174,2.22777638817955,85.94111090288648,1.0447764396276775,84.7579772430102,1.0447764396276775,84.75762820155494,2.22777638817955,195.04320272931685,0.15070341863830228,S230518h,8930,195.04320272931685
9260,86.4437689969605,2.72727272727273,87.03623104080367,3.3186272146302827,87.03564860123112,2.1356273576800744,85.8518893926899,2.1356273576800744,85.85130695311734,3.318627214630282,194.38601890506135,0.15019563447764867,S230518h,9260,194.38601890506135
9588,85.34954407294833,3.8181818181818143,85.94276853049456,4.409477912273196,85.94195163380844,3.226478193058309,84.75713651208824,3.226478193058309,84.75631961540212,4.409477912273196,193.84047549605953,0.14977411116588132,S230518h,9588,193.84047549605953
8932,87.53799392097265,1.636363636363633,88.12990979236605,2.2277763881795503,88.1295607509108,1.0447764396276777,86.94642709103452,1.0447764396276775,86.94607804957924,2.22777638817955,192.9880622774835,0.14911547972251765,S230518h,8932,192.9880622774835
9587,84.25531914893617,3.8181818181818143,84.8485436064824,4.409477912273196,84.84772670979628,3.2264781930583086,83.66291158807607,3.2264781930583086,83.66209469138995,4.409477912273197,189.7848131634724,0.14664043529401974,S230518h,9587,189.7848131634724
373,101.97952218430034,-27.818181818181824,102.64468241778823,-27.225079558088606,102.65196863572791,-28.408062006873955,101.30707573287279,-28.408062006873955,101.31436195081247,-27.225079558088606,189.01750654293676,0.14604756289836388,S230518h,373,189.01750654293676
8604,88.6322188449848,0.5454545454545485,89.22380379205369,1.1369254754733231,89.22368751518994,-0.04607451881298135,88.04075017477967,-0.04607451881298136,88.04063389791594,1.1369254754733231,188.6367935556201,0.14575339859063227,S230518h,8604,188.6367935556201
7288,88.6322188449848,-3.8181818181818143,89.22462640584492,-3.226478193058308,89.22544330253103,-4.409477912273196,88.03899438743859,-4.409477912273196,88.03981128412471,-3.2264781930583086,186.02641162640697,0.1437364429870575,S230518h,7288,186.02641162640697
964,103.89261744966443,-25.63636363636364,104.54546405240703,-25.043405644592603,104.55196507811327,-26.226391126026808,103.23326982121561,-26.226391126026808,103.23977084692184,-25.043405644592607,183.73185357926408,0.14196351403014143,S230518h,964,183.73185357926408
5013,96.96594427244581,-11.454545454545455,97.56820412826133,-10.86242809134075,97.57072910655283,-12.045425503062718,96.36115943833877,-12.045425503062717,96.36368441663029,-10.86242809134075,182.17193365597873,0.1407582156041955,S230518h,5013,182.17193365597873
9916,84.51219512195124,4.909090909090911,85.10639962446022,5.500328438180323,85.10534678148674,4.317328903236103,83.91904346241571,4.317328903236103,83.91799061944226,5.500328438180323,181.68841112234972,0.14038461376733644,S230518h,9916,181.68841112234972
1561,99.8019801980198,-23.45454545454546,100.44387446319132,-22.86172668493405,100.44965058233296,-24.044714817982687,99.15430981370666,-24.044714817982687,99.1600859328483,-22.86172668493405,177.38110847125736,0.13705650376121484,S230518h,1561,177.38110847125736
5984,94.96932515337424,-8.181818181818176,95.5660215444284,-7.589879851062993,95.5677955747748,-8.77287854787859,94.37085473197368,-8.77287854787859,94.37262876232009,-7.589879851062995,176.8718541079967,0.13666301979240225,S230518h,5984,176.8718541079967
9915,83.41463414634147,4.909090909090911,84.00883864885046,5.500328438180325,84.00778580587698,4.3173289032361035,82.82148248680596,4.3173289032361035,82.8204296438325,5.5003284381803255,175.66749987627944,0.1357324551921932,S230518h,9915,175.66749987627944
1867,102.35294117647058,-22.363636363636363,102.9898383979196,-21.77088551679757,102.99527185623742,-22.953874845713074,101.71061049670374,-22.953874845713074,101.71604395502155,-21.77088551679757,173.2227755317578,0.13384349771409537,S230518h,1867,173.2227755317578
8276,89.72644376899696,-0.5454545454545485,90.31791243920209,0.04607451881298135,90.31802871606584,-1.1369254754733231,89.13485882192809,-1.1369254754733231,89.13497509879184,0.04607451881298135,170.54501524238236,0.13177448108467293,S230518h,8276,170.54501524238236
666,101.28813559322033,-26.727272727272727,101.94696206674907,-26.134243275254885,101.95384754522507,-27.317227290829493,100.6224236412156,-27.317227290829493,100.62930911969158,-26.134243275254885,170.4334511921804,0.13168827924053123,S230518h,666,170.4334511921804
10243,83.41463414634147,5.999999999999996,84.0100381181605,6.5911787489208,84.00874740290408,5.408179445322053,82.82052088977888,5.408179445322053,82.81923017452245,6.5911787489208,168.0179849865038,0.1298219285566474,S230518h,10243,168.0179849865038
7948,90.82066869300913,-1.636363636363633,91.41223552294728,-1.0447764396276775,91.41258456440254,-2.22777638817955,90.22875282161573,-2.2277763881795503,90.229101863071,-1.0447764396276777,163.15127529526436,0.1260615832704402,S230518h,7948,163.15127529526436
5656,91.93846153846154,-9.272727272727273,92.53678422538654,-8.68072962595141,92.53880462371929,-9.863727945526662,91.33811845320378,-9.863727945526662,91.34013885153655,-8.68072962595141,162.83896491130102,0.12582027138732457,S230518h,5656,162.83896491130102
8273,86.4437689969605,-0.5454545454545485,87.03523766716563,0.04607451881298136,87.03535394402938,-1.1369254754733231,85.85218404989163,-1.136925475473323,85.85230032675538,0.04607451881298136,162.69353600388078,0.12570790329035747,S230518h,8273,162.69353600388078
85,105.51724137931035,-28.909090909090907,106.18910422918451,-28.315914400265694,106.19680881554831,-29.49889517496988,104.83767394307239,-29.49889517496988,104.8453785294362,-28.315914400265694,161.23625952552254,0.12458191405250355,S230518h,85,161.23625952552254
9258,84.25531914893617,2.72727272727273,84.84778119277932,3.318627214630282,84.84719875320677,2.1356273576800744,83.66343954466556,2.1356273576800744,83.66285710509301,3.3186272146302827,160.62327388774378,0.12410828036572676,S230518h,9258,160.62327388774378
6633,90.00000000000001,-5.999999999999996,90.59411325656262,-5.408179445322053,90.59540397181904,-6.591178748920799,89.40459602818099,-6.591178748920799,89.4058867434374,-5.408179445322053,159.6880252533789,0.12338564474190962,S230518h,6633,159.6880252533789
10570,82.56880733944953,7.090909090909093,83.16563240913734,7.682028800430684,83.16410145014356,6.49902977593281,81.97351322875554,6.499029775932809,81.97198226976174,7.682028800430684,155.46132324065377,0.12011981217779265,S230518h,10570,155.46132324065377
10242,82.31707317073172,5.999999999999996,82.91247714255074,6.5911787489208,82.91118642729433,5.408179445322053,81.72295991416911,5.408179445322053,81.72166919891269,6.5911787489208,155.16954796707313,0.11989436709389628,S230518h,10242,155.16954796707313
4048,94.79623824451411,-14.727272727272721,95.40617434186765,-14.134972359221193,95.409493642562,-15.317968003614352,94.18298284646623,-15.317968003614352,94.18630214716057,-14.13497235922119,151.1577029075051,0.11679454737670698,S230518h,4048,151.1577029075051
10569,81.4678899082569,7.090909090909093,82.0647149779447,7.682028800430684,82.06318401895092,6.49902977593281,80.8725957975629,6.499029775932809,80.8710648385691,7.682028800430684,148.30776335790256,0.11459249353926224,S230518h,10569,148.30776335790256
3734,99.62264150943398,-15.818181818181818,100.23562765583375,-15.225819332062743,100.23922397761031,-16.408814271990117,99.00605904125767,-16.408814271990117,99.00965536303421,-15.225819332062743,144.5536909523812,0.11169184620876828,S230518h,3734,144.5536909523812
10896,81.71779141104295,8.181818181818176,82.31626183244352,8.77287854787859,82.31448780209712,7.589879851062995,81.1210950199888,7.589879851062995,81.11932098964239,8.772878547878591,143.2463742103263,0.11068172588919897,S230518h,10896,143.2463742103263
9589,86.4437689969605,3.8181818181818143,87.03699345450673,4.409477912273196,87.03617655782061,3.2264781930583086,85.8513614361004,3.226478193058308,85.85054453941429,4.4094779122731955,142.10903420570244,0.10980294096128332,S230518h,9589,142.10903420570244
1564,103.36633663366337,-23.45454545454546,104.00823089883488,-22.86172668493405,104.01400701797652,-24.04471481798269,102.71866624935022,-24.04471481798269,102.72444236849185,-22.86172668493405,141.7243959753627,0.10950574374835799,S230518h,1564,141.7243959753627
4367,94.2056074766355,-13.636363636363637,94.81274271172906,-13.044124793472468,94.81579150943217,-14.227121083319139,93.59542344383885,-14.227121083319139,93.59847224154198,-13.044124793472466,139.4133358330385,0.10772006416940678,S230518h,4367,139.4133358330385
10895,80.61349693251535,8.181818181818176,81.21196735391591,8.772878547878591,81.21019332356951,7.589879851062997,80.0168005414612,7.589879851062995,80.01502651111478,8.772878547878591,137.88120188220165,0.1065362350434907,S230518h,10895,137.88120188220165
5336,96.66666666666667,-10.363636363636358,97.26684268618222,-9.771579054942237,97.26911323327653,-10.95457694658554,96.06422010005681,-10.954576946585538,96.06649064715111,-9.771579054942235,137.4417107183152,0.10619665478674659,S230518h,5336,137.4417107183152
9586,83.16109422492401,3.8181818181818143,83.75431868247024,4.409477912273196,83.75350178578412,3.2264781930583086,82.56868666406392,3.226478193058309,82.5678697673778,4.409477912273197,134.24477824329642,0.10372649101585235,S230518h,9586,134.24477824329642
1864,98.8235294117647,-22.363636363636363,99.46042663321371,-21.770885516797566,99.46586009153154,-22.95387484571307,98.18119873199785,-22.953874845713074,98.18663219031566,-21.770885516797573,133.8271961617189,0.1034038391808988,S230518h,1864,133.8271961617189
6306,90.27522935779817,-7.090909090909093,90.87052346849218,-6.49902977593281,90.87205442748598,-7.682028800430684,89.67840428811036,-7.682028800430685,89.67993524710415,-6.49902977593281,133.2564617643079,0.10296285162726598,S230518h,6306,133.2564617643079
3104,100.89171974522293,-18.0,101.51157807596118,-17.407511279616614,101.51575055620093,-18.590504624245447,100.26768893424494,-18.590504624245447,100.2718614144847,-17.407511279616614,132.02678057543733,0.10201271772664916,S230518h,3104,132.02678057543733
6310,94.67889908256882,-7.090909090909093,95.27419319326285,-6.49902977593281,95.27572415225663,-7.682028800430684,94.08207401288102,-7.682028800430684,94.08360497187482,-6.49902977593281,131.42621938829745,0.1015486840011106,S230518h,6310,131.42621938829745
10244,84.51219512195124,5.999999999999996,85.10759909377025,6.591178748920799,85.10630837851383,5.408179445322052,83.91808186538863,5.408179445322053,83.91679115013221,6.591178748920799,131.32717792959264,0.10147215794839573,S230518h,10244,131.32717792959264
6960,88.90243902439025,-4.909090909090911,89.49559068392577,-4.3173289032361035,89.49664352689923,-5.500328438180324,88.30823452188127,-5.500328438180323,88.30928736485474,-4.3173289032361035,130.6887242182508,0.10097884592523819,S230518h,6960,130.6887242182508
8601,85.34954407294833,0.5454545454545485,85.94112902001721,1.136925475473323,85.94101274315346,-0.04607451881298135,84.75807540274322,-0.04607451881298135,84.75795912587947,1.136925475473323,130.29306670009174,0.10067313447381547,S230518h,8601,130.29306670009174
11220,79.75384615384615,9.272727272727273,80.35418923910392,9.863727945526662,80.35216884077116,8.68072962595141,79.15552346692117,8.68072962595141,79.1535030685884,9.863727945526664,128.4645296998865,0.09926028453502528,S230518h,11220,128.4645296998865
669,104.94915254237289,-26.727272727272727,105.60797901590163,-26.134243275254892,105.61486449437763,-27.317227290829496,104.28344059036816,-27.317227290829493,104.29032606884414,-26.13424327525489,126.72575128725585,0.09791678808208003,S230518h,669,126.72575128725585
2170,98.18181818181817,-21.272727272727277,98.81402294872701,-20.680043323366277,98.8191256010936,-21.863033767531228,97.54451076254276,-21.863033767531228,97.54961341490933,-20.680043323366277,126.27204867618978,0.09756622711109521,S230518h,2170,126.27204867618978
3418,100.25316455696203,-16.909090909090903,100.86945592543005,-16.316665657667013,100.87333641786552,-17.499659831842962,99.63299269605855,-17.499659831842962,99.63687318849402,-16.316665657667013,125.01564637965856,0.0965954466961784,S230518h,3418,125.01564637965856
2478,97.54838709677419,-20.18181818181818,98.17619394856969,-19.589200175123644,98.1809767315309,-20.772191657936286,96.91579746201751,-20.772191657936286,96.92058024497871,-19.589200175123644,123.93628084022379,0.09576145671612796,S230518h,2478,123.93628084022379
5332,92.22222222222223,-10.363636363636358,92.82239824173779,-9.771579054942235,92.8246687888321,-10.954576946585542,91.61977565561239,-10.954576946585542,91.62204620270668,-9.771579054942235,123.88390146137552,0.09572098490604627,S230518h,5332,123.88390146137552
9914,82.31707317073172,4.909090909090911,82.9112776732407,5.500328438180325,82.91022483026723,4.3173289032361035,81.72392151119621,4.3173289032361035,81.72286866822274,5.500328438180325,119.88270180688079,0.09262939054054771,S230518h,9914,119.88270180688079
1263,104.05315614617942,-24.545454545454543,104.70036293825703,-23.952566753603886,104.70649455931988,-25.135553605766766,103.39981773303896,-25.135553605766766,103.4059493541018,-23.952566753603886,119.79967541830793,0.09256523880175327,S230518h,1263,119.79967541830793
2788,96.92307692307692,-19.090909090909083,97.54677113752922,-18.49835613918927,97.55124413046812,-19.681348587710392,96.29490971568572,-19.681348587710396,96.29938270862463,-18.498356139189273,117.68539733905406,0.09093160620119668,S230518h,2788,117.68539733905406
6964,93.29268292682927,-4.909090909090911,93.88583458636478,-4.3173289032361035,93.88688742933824,-5.500328438180324,92.6984784243203,-5.500328438180325,92.69953126729376,-4.3173289032361035,117.33508265845573,0.0906609296576074,S230518h,6964,117.33508265845573
4052,99.3103448275862,-14.727272727272721,99.92028092493975,-14.13497235922119,99.9236002256341,-15.317968003614348,98.69708942953832,-15.317968003614348,98.70040873023268,-14.134972359221193,116.88390259548991,0.0903123177759375,S230518h,4052,116.88390259548991
11544,78.88888888888889,10.363636363636358,79.49133545549876,10.95457694658554,79.48906490840443,9.771579054942235,78.28871286937334,9.771579054942235,78.28644232227903,10.954576946585542,116.52794474062777,0.09003728093862033,S230518h,11544,116.52794474062777
7620,91.91489361702128,-2.72727272727273,92.50677322129188,-2.1356273576800744,92.50735566086443,-3.318627214630282,91.32243157317812,-3.318627214630282,91.32301401275068,-2.1356273576800744,116.17521989529757,0.08976474214062029,S230518h,7620,116.17521989529757
11221,80.86153846153847,9.272727272727273,81.46188154679623,9.863727945526662,81.45986114846347,8.68072962595141,80.2632157746135,8.68072962595141,80.26119537628072,9.863727945526662,115.92378112177951,0.0895704637334923,S230518h,11221,115.92378112177951
7616,87.53799392097265,-2.72727272727273,88.12987352524326,-2.1356273576800744,88.13045596481581,-3.318627214630282,86.94553187712948,-3.318627214630282,86.94611431670204,-2.1356273576800744,114.18782362239521,0.08822914690672194,S230518h,7616,114.18782362239521
9917,85.60975609756098,4.909090909090911,86.20396060006996,5.500328438180325,86.20290775709648,4.3173289032361035,85.01660443802547,4.3173289032361035,85.015551595052,5.500328438180325,113.93732846777134,0.08803559760264013,S230518h,9917,113.93732846777134
8933,88.6322188449848,1.636363636363633,89.2241347163782,2.22777638817955,89.22378567492295,1.0447764396276775,88.04065201504667,1.0447764396276775,88.04030297359141,2.22777638817955,112.63977720008657,0.08703302274146982,S230518h,8933,112.63977720008657
3730,95.09433962264151,-15.818181818181818,95.70732576904129,-15.225819332062747,95.71092209081783,-16.40881427199012,94.47775715446521,-16.408814271990124,94.48135347624174,-15.225819332062747,110.6745228026956,0.08551453580095437,S230518h,3730,110.6745228026956
11545,80.0,10.363636363636358,80.60244656660987,10.95457694658554,80.60017601951554,9.771579054942237,79.39982398048444,9.771579054942237,79.39755343339014,10.95457694658554,110.16495439045123,0.08512080917690024,S230518h,11545,110.16495439045123
11867,78.0185758513932,11.454545454545455,78.62336068550023,12.045425503062715,78.62083570720871,10.86242809134075,77.41631599557769,10.86242809134075,77.41379101728617,12.045425503062717,108.15820598618029,0.08357026119246064,S230518h,11867,108.15820598618029
3414,95.69620253164558,-16.909090909090903,96.31249390011361,-16.31666565766701,96.31637439254908,-17.499659831842962,95.0760306707421,-17.499659831842962,95.07991116317757,-16.31666565766701,107.1366437379645,0.08278093389982175,S230518h,3414,107.1366437379645
2792,101.53846153846153,-19.090909090909083,102.16215575291383,-18.49835613918927,102.16662874585273,-19.681348587710396,100.91029433107033,-19.681348587710396,100.91476732400925,-18.49835613918927,106.30714781474273,0.0821400098910546,S230518h,2792,106.30714781474273
8929,84.25531914893617,1.636363636363633,84.84723502032956,2.22777638817955,84.8468859788743,1.0447764396276777,83.66375231899804,1.0447764396276777,83.66340327754277,2.22777638817955,105.96301193039588,0.08187410749855153,S230518h,8929,105.96301193039588
4371,98.69158878504673,-13.636363636363637,99.29872402014027,-13.04412479347247,99.3017728178434,-14.227121083319139,98.08140475225008,-14.22712108331914,98.0844535499532,-13.04412479347247,105.81525502535229,0.08175994063497523,S230518h,4371,105.81525502535229
376,105.66552901023891,-27.818181818181824,106.3306892437268,-27.225079558088602,106.33797546166647,-28.40806200687395,104.99308255881137,-28.40806200687395,105.00036877675105,-27.225079558088602,104.34943957921769,0.08062735361971848,S230518h,376,104.34943957921769
3100,96.30573248407643,-18.0,96.92559081481468,-17.407511279616617,96.92976329505443,-18.59050462424545,95.68170167309844,-18.590504624245447,95.6858741533382,-17.407511279616617,103.52079554435551,0.07998708783685357,S230518h,3100,103.52079554435551
9261,87.53799392097265,2.72727272727273,88.13045596481581,3.318627214630282,88.12987352524326,2.1356273576800744,86.94611431670204,2.1356273576800744,86.94553187712948,3.318627214630282,103.12104781574944,0.07967821601537596,S230518h,9261,103.12104781574944
961,100.26845637583894,-25.63636363636364,100.92130297858155,-25.043405644592607,100.92780400428778,-26.226391126026815,99.60910874739012,-26.22639112602681,99.61560977309635,-25.043405644592603,102.94559512704704,0.07954264953765856,S230518h,961,102.94559512704704
12189,77.14285714285714,12.54545454545454,77.7502194811627,13.136273565602837,77.74743526750967,11.953276687262091,76.53827901820463,11.953276687262091,76.53549480455159,13.136273565602837,102.71083502254605,0.07936125818531657,S230518h,12189,102.71083502254605
10568,80.36697247706422,7.090909090909093,80.96379754675202,7.682028800430684,80.96226658775824,6.49902977593281,79.77167836637021,6.49902977593281,79.77014740737641,7.682028800430685,100.39477349267452,0.07757171419996325,S230518h,10568,100.39477349267452
82,101.79310344827587,-28.909090909090907,102.46496629815002,-28.31591440026569,102.47267088451383,-29.49889517496988,101.11353601203793,-29.49889517496988,101.12124059840173,-28.31591440026569,99.29855754711578,0.07672470446955602,S230518h,82,99.29855754711578
10571,83.6697247706422,7.090909090909093,84.26654984033001,7.682028800430684,84.26501888133623,6.49902977593281,83.07443065994819,6.49902977593281,83.07289970095441,7.682028800430684,99.18285134507573,0.076635302121968,S230518h,10571,99.18285134507573
11868,79.13312693498452,11.454545454545455,79.73791176909154,12.045425503062715,79.73538679080002,10.86242809134075,78.530867079169,10.862428091340748,78.5283421008775,12.045425503062713,96.59232432122108,0.07463368774573359,S230518h,11868,96.59232432122108
7944,86.4437689969605,-1.636363636363633,87.03533582689865,-1.0447764396276775,87.03568486835391,-2.22777638817955,85.8518531255671,-2.22777638817955,85.85220216702237,-1.0447764396276775,94.53324553014035,0.07304270580573673,S230518h,7944,94.53324553014035
2174,102.85714285714286,-21.272727272727277,103.4893476240517,-20.68004332336628,103.49445027641828,-21.863033767531228,102.21983543786743,-21.86303376753123,102.22493809023403,-20.68004332336628,93.2837387282878,0.07207725331102804,S230518h,2174,93.2837387282878
10894,79.50920245398774,8.181818181818176,80.10767287538832,8.772878547878591,80.10589884504189,7.589879851062997,78.9125060629336,7.589879851062997,78.91073203258718,8.772878547878591,92.97297902554685,0.07183713958790036,S230518h,10894,92.97297902554685
10897,82.82208588957056,8.181818181818176,83.42055631097112,8.772878547878591,83.41878228062473,7.589879851062997,82.2253894985164,7.589879851062995,82.22361546817,8.772878547878591,88.26838376447941,0.06820205474909993,S230518h,10897,88.26838376447941
8605,89.72644376899696,0.5454545454545485,90.31802871606584,1.1369254754733231,90.31791243920209,-0.04607451881298135,89.13497509879184,-0.04607451881298135,89.13485882192809,1.1369254754733231,87.7567238304037,0.06780671207544382,S230518h,8605,87.7567238304037
5980,90.55214723926382,-8.181818181818176,91.14884363031797,-7.589879851062995,91.15061766066438,-8.77287854787859,89.95367681786325,-8.77287854787859,89.95545084820968,-7.589879851062995,87.68352420386377,0.06775015314999425,S230518h,5980,87.68352420386377
12510,76.26168224299064,13.636363636363637,76.8718662757873,14.227121083319137,76.8688174780842,13.044124793472466,75.65454700789712,13.044124793472466,75.651498210194,14.227121083319139,87.27849817783162,0.06743720296302853,S230518h,12510,87.27849817783162
11543,77.77777777777777,10.363636363636358,78.38022434438764,10.954576946585542,78.37795379729333,9.771579054942237,77.17760175826223,9.771579054942237,77.17533121116793,10.954576946585542,87.04037663871054,0.06725321434156006,S230518h,11543,87.04037663871054
5009,92.50773993808049,-11.454545454545455,93.10999979389601,-10.86242809134075,93.11252477218753,-12.045425503062715,91.90295510397347,-12.045425503062717,91.90548008226499,-10.86242809134075,85.65580206810449,0.0661833994583438,S230518h,5009,85.65580206810449
2482,102.19354838709677,-20.18181818181818,102.82135523889227,-19.58920017512364,102.82613802185347,-20.772191657936286,101.56095875234008,-20.772191657936286,101.56574153530129,-19.589200175123644,85.47931611092605,0.0660470346083195,S230518h,2482,85.47931611092605
10241,81.21951219512195,5.999999999999996,81.81491616694098,6.5911787489208,81.81362545168456,5.408179445322053,80.62539893855936,5.408179445322052,80.62410822330294,6.591178748920799,84.53231743579948,0.06531532011742498,S230518h,10241,84.53231743579948
11222,81.96923076923078,9.272727272727273,82.56957385448852,9.863727945526662,82.56755345615576,8.68072962595141,81.37090808230579,8.68072962595141,81.36888768397301,9.863727945526664,84.42137105398314,0.06522959552517411,S230518h,11222,84.42137105398314
11219,78.64615384615385,9.272727272727273,79.2464969314116,9.863727945526662,79.24447653307885,8.68072962595141,78.04783115922886,8.68072962595141,78.04581076089609,9.863727945526662,80.83719024313272,0.062460217799344915,S230518h,11219,80.83719024313272
11866,76.90402476780184,11.454545454545455,77.50880960190888,12.045425503062715,77.50628462361736,10.862428091340748,76.30176491198634,10.86242809134075,76.29923993369482,12.045425503062717,78.60827454029538,0.060738008506358916,S230518h,11866,78.60827454029538
4692,98.38509316770187,-12.54545454545454,98.9896712923544,-11.953276687262093,98.99245550600743,-13.13627356560284,97.77773082939632,-13.136273565602838,97.78051504304935,-11.953276687262093,78.45513835644665,0.06061968525232963,S230518h,4692,78.45513835644665
12190,78.26086956521739,12.54545454545454,78.86823190352297,13.136273565602837,78.86544768986992,11.953276687262091,77.65629144056489,11.953276687262091,77.65350722691184,13.136273565602837,76.22392933422178,0.05889570398745794,S230518h,12190,76.22392933422178
5660,96.36923076923077,-9.272727272727273,96.96755345615577,-8.68072962595141,96.96957385448852,-9.863727945526662,95.76888768397302,-9.863727945526662,95.77090808230578,-8.68072962595141,75.653590003631,0.05845502168886383,S230518h,5660,75.653590003631
9257,83.16109422492401,2.72727272727273,83.75355626876717,3.3186272146302818,83.75297382919462,2.1356273576800744,82.5692146206534,2.1356273576800744,82.56863218108084,3.318627214630282,73.28518070703963,0.05662503031907278,S230518h,9257,73.28518070703963
12188,76.02484472049689,12.54545454545454,76.63220705880245,13.136273565602837,76.62942284514942,11.953276687262091,75.42026659584438,11.953276687262093,75.41748238219134,13.136273565602838,73.09865873481421,0.05648091097283471,S230518h,12188,73.09865873481421
6637,94.39024390243904,-5.999999999999996,94.98435715900165,-5.408179445322053,94.98564787425806,-6.591178748920799,93.79483993062003,-6.591178748920799,93.79613064587645,-5.408179445322053,68.06647746517203,0.05259271128204528,S230518h,6637,68.06647746517203
12509,75.14018691588785,13.636363636363637,75.75037094868449,14.227121083319139,75.74732215098139,13.044124793472466,74.53305168079432,13.044124793472465,74.5300028830912,14.227121083319137,67.24326029770465,0.0519566386597594,S230518h,12509,67.24326029770465
1259,99.26910299003323,-24.545454545454543,99.91630978211086,-23.952566753603886,99.9224414031737,-25.13555360576676,98.61576457689277,-25.13555360576676,98.62189619795562,-23.952566753603886,61.85035941198614,0.04778972287657663,S230518h,1259,61.85035941198614
7292,93.00911854103343,-3.8181818181818143,93.60152610189354,-3.2264781930583095,93.60234299857966,-4.409477912273196,92.41589408348722,-4.409477912273196,92.41671098017333,-3.2264781930583095,61.22720391319668,0.047308231275245825,S230518h,7292,61.22720391319668
11546,81.11111111111111,10.363636363636358,81.71355767772097,10.95457694658554,81.71128713062666,9.771579054942237,80.51093509159556,9.771579054942235,80.50866454450126,10.95457694658554,59.449581681798534,0.045934721490898535,S230518h,11546,59.449581681798534
8277,90.82066869300913,-0.5454545454545485,91.41213736321426,0.04607451881298136,91.412253640078,-1.1369254754733231,90.22908374594026,-1.1369254754733231,90.22920002280401,0.046074518812981365,59.08260627089496,0.04565117175317137,S230518h,8277,59.08260627089496
1868,103.52941176470587,-22.363636363636363,104.1663089861549,-21.770885516797573,104.17174244447273,-22.953874845713074,102.88708108493903,-22.953874845713074,102.89251454325685,-21.770885516797573,58.11962004992566,0.044907104215462505,S230518h,1868,58.11962004992566
12829,74.48275862068967,14.727272727272734,75.09601401873755,15.317968003614364,75.0926947180432,14.134972359221203,73.87282252333613,14.134972359221203,73.86950322264178,15.31796800361436,57.78651946858342,0.04464972843585972,S230518h,12829,57.78651946858342
8272,85.34954407294833,-0.5454545454545485,85.94101274315346,0.04607451881298135,85.94112902001721,-1.136925475473323,84.75795912587947,-1.136925475473323,84.75807540274322,0.04607451881298135,57.7739711517061,0.04464003276728422,S230518h,8272,57.7739711517061
12511,77.38317757009347,13.636363636363637,77.99336160289012,14.227121083319137,77.990312805187,13.044124793472465,76.77604233499993,13.044124793472465,76.77299353729681,14.227121083319137,57.72707959685832,0.044603801216930555,S230518h,12511,57.72707959685832
965,105.1006711409396,-25.63636363636364,105.7535177436822,-25.043405644592603,105.76001876938844,-26.226391126026808,104.44132351249075,-26.226391126026808,104.447824538197,-25.043405644592603,56.784663776113,0.04387562774573174,S230518h,965,56.784663776113
1560,98.61386138613861,-23.45454545454546,99.25575565131012,-22.86172668493405,99.26153177045175,-24.044714817982694,97.96619100182546,-24.044714817982694,97.9719671209671,-22.86172668493405,52.88162435293643,0.04085987853775196,S230518h,1560,52.88162435293643
12830,75.61128526645768,14.727272727272734,76.22454066450557,15.317968003614364,76.22122136381122,14.134972359221207,75.00134916910415,14.134972359221205,74.9980298684098,15.317968003614364,52.827193734063975,0.04081782180248567,S230518h,12830,52.827193734063975
86,106.75862068965519,-28.909090909090907,107.43048353952935,-28.315914400265694,107.43818812589315,-29.49889517496988,106.07905325341723,-29.49889517496988,106.08675783978104,-28.315914400265694,52.7184736924272,0.040733817429506325,S230518h,86,52.7184736924272
372,100.75085324232082,-27.818181818181824,101.4160134758087,-27.225079558088602,101.42329969374838,-28.408062006873948,100.07840679089325,-28.408062006873948,100.08569300883293,-27.225079558088602,52.350480570787255,0.04044948134042207,S230518h,372,52.350480570787255
6632,88.90243902439025,-5.999999999999996,89.49655228095286,-5.408179445322052,89.49784299620927,-6.591178748920799,88.30703505257124,-6.591178748920799,88.30832576782765,-5.408179445322052,50.39520490721188,0.0389387046368113,S230518h,6632,50.39520490721188
7287,87.53799392097265,-3.8181818181818143,88.13040148183276,-3.226478193058309,88.13121837851888,-4.409477912273196,86.94476946342644,-4.409477912273196,86.94558636011256,-3.2264781930583086,50.23606093390379,0.038815739362976574,S230518h,7287,50.23606093390379
5014,98.08049535603715,-11.454545454545455,98.68275521185267,-10.86242809134075,98.68528019014417,-12.045425503062718,97.47571052193013,-12.045425503062718,97.47823550022163,-10.86242809134075,49.562660847840206,0.03829542543426229,S230518h,5014,49.562660847840206
5985,96.07361963190185,-8.181818181818176,96.67031602295602,-7.589879851062995,96.67209005330241,-8.772878547878591,95.47514921050129,-8.772878547878591,95.47692324084771,-7.589879851062995,46.0861043493971,0.03560920544775142,S230518h,5985,46.0861043493971
5655,90.83076923076922,-9.272727272727273,91.42909191769422,-8.68072962595141,91.43111231602698,-9.863727945526662,90.23042614551147,-9.863727945526662,90.23244654384425,-8.68072962595141,45.06388353375583,0.034819369301889065,S230518h,5655,45.06388353375583
4687,92.79503105590062,-12.54545454545454,93.39960918055314,-11.953276687262091,93.40239339420619,-13.136273565602837,92.18766871759507,-13.136273565602837,92.19045293124812,-11.953276687262091,43.10128394578427,0.03330293364462645,S230518h,4687,43.10128394578427
11869,80.24767801857585,11.454545454545455,80.85246285268288,12.045425503062715,80.84993787439136,10.86242809134075,79.64541816276034,10.86242809134075,79.64289318446882,12.045425503062715,42.8039142057252,0.03307316590189368,S230518h,11869,42.8039142057252
7949,91.91489361702128,-1.636363636363633,92.50646044695942,-1.0447764396276775,92.50680948841467,-2.22777638817955,91.32297774562788,-2.22777638817955,91.32332678708315,-1.0447764396276775,42.66382113979074,0.032964920632802486,S230518h,7949,42.66382113979074
10245,85.60975609756098,5.999999999999996,86.20516006938,6.5911787489208,86.20386935412358,5.408179445322053,85.01564284099837,5.408179445322053,85.01435212574195,6.591178748920799,39.874612248806315,0.030809791362539946,S230518h,10245,39.874612248806315
9918,86.70731707317074,4.909090909090911,87.30152157567973,5.500328438180325,87.30046873270626,4.3173289032361035,86.11416541363523,4.3173289032361035,86.11311257066178,5.500328438180325,37.9361377789368,0.0293119963844815,S230518h,9918,37.9361377789368
665,100.0677966101695,-26.727272727272727,100.72662308369826,-26.13424327525489,100.73350856217425,-27.317227290829493,99.40208465816477,-27.317227290829493,99.40897013664076,-26.13424327525489,37.102838249468604,0.028668133455226646,S230518h,665,37.102838249468604
8600,84.25531914893617,0.5454545454545485,84.84690409600505,1.136925475473323,84.8467878191413,-0.04607451881298136,83.66385047873104,-0.04607451881298136,83.6637342018673,1.136925475473323,33.85447427359442,0.026158230268161286,S230518h,8600,33.85447427359442
9590,87.53799392097265,3.8181818181818143,88.13121837851888,4.409477912273196,88.13040148183276,3.226478193058309,86.94558636011256,3.2264781930583086,86.94476946342644,4.409477912273196,33.768115071207404,0.026091503374588574,S230518h,9590,33.768115071207404
9585,82.06686930091185,3.8181818181818143,82.66009375845807,4.4094779122731955,82.65927686177196,3.2264781930583086,81.47446174005175,3.226478193058309,81.47364484336563,4.409477912273196,33.698009836465644,0.026037335383127285,S230518h,9585,33.698009836465644
10572,84.77064220183487,7.090909090909093,85.36746727152267,7.682028800430684,85.36593631252889,6.49902977593281,84.17534809114086,6.49902977593281,84.17381713214706,7.682028800430684,33.16179563864359,0.02562302044365038,S230518h,10572,33.16179563864359
13148,74.71698113207547,15.818181818181818,75.3335636002518,16.408814271990117,75.32996727847525,15.225819332062743,74.1039949856757,15.225819332062743,74.10039866389917,16.40881427199012,31.312919903911787,0.0241944554387567,S230518h,13148,31.312919903911787
9913,81.21951219512195,4.909090909090911,81.81371669763094,5.500328438180324,81.81266385465747,4.3173289032361035,80.62636053558644,4.3173289032361035,80.62530769261298,5.500328438180324,29.132601081121248,0.022509795344387854,S230518h,9913,29.132601081121248
6305,89.17431192660551,-7.090909090909093,89.76960603729952,-6.499029775932809,89.77113699629331,-7.682028800430684,88.5774868569177,-7.682028800430684,88.5790178159115,-6.499029775932809,27.95570746715316,0.021600448653415382,S230518h,6305,27.95570746715316
11865,75.78947368421052,11.454545454545455,76.39425851831756,12.045425503062715,76.39173354002604,10.86242809134075,75.18721382839502,10.86242809134075,75.1846888501035,12.045425503062715,27.303433706417618,0.021096458336114603,S230518h,11865,27.303433706417618
7615,86.4437689969605,-2.72727272727273,87.03564860123112,-2.1356273576800744,87.03623104080367,-3.3186272146302827,85.85130695311734,-3.318627214630282,85.8518893926899,-2.1356273576800744,26.467252267203655,0.020450368650711287,S230518h,7615,26.467252267203655
670,106.16949152542372,-26.727272727272727,106.82831799895247,-26.13424327525489,106.83520347742846,-27.317227290829493,105.50377957341898,-27.317227290829493,105.51066505189499,-26.134243275254885,26.246165651444613,0.020279542349954216,S230518h,670,26.246165651444613
9262,88.6322188449848,2.72727272727273,89.22468088882796,3.318627214630282,89.22409844925542,2.1356273576800744,88.0403392407142,2.1356273576800744,88.03975680114165,3.318627214630282,26.161392279094017,0.020214040774693156,S230518h,9262,26.161392279094017
12191,79.37888198757764,12.54545454545454,79.98624432588322,13.136273565602837,79.98346011223016,11.953276687262091,78.77430386292514,11.953276687262091,78.7715196492721,13.136273565602837,25.229457819797915,0.01949396590411347,S230518h,12191,25.229457819797915
10240,80.1219512195122,5.999999999999996,80.71735519133122,6.5911787489208,80.7160644760748,5.408179445322053,79.52783796294959,5.408179445322053,79.52654724769317,6.5911787489208,24.80952125516546,0.019169494838135518,S230518h,10240,24.80952125516546
13147,73.58490566037736,15.818181818181818,74.20148812855368,16.40881427199012,74.19789180677714,15.225819332062743,72.97191951397758,15.225819332062747,72.96832319220104,16.408814271990124,24.192016212053385,0.01869236915663955,S230518h,13147,24.192016212053385
6959,87.8048780487805,-4.909090909090911,88.398029708316,-4.3173289032361035,88.39908255128948,-5.500328438180325,87.21067354627152,-5.500328438180324,87.21172638924499,-4.3173289032361035,23.872394586149,0.01844540811918483,S230518h,6959,23.872394586149
10898,83.92638036809817,8.181818181818176,84.52485078949873,8.772878547878591,84.52307675915232,7.589879851062997,83.32968397704403,7.589879851062995,83.3279099466976,8.772878547878591,23.488090395776677,0.018148469007871575,S230518h,10898,23.488090395776677
1565,104.55445544554456,-23.45454545454546,105.19634971071608,-22.86172668493405,105.2021258298577,-24.044714817982687,103.90678506123142,-24.044714817982687,103.91256118037305,-22.861726684934048,23.392520125773085,0.01807462502762421,S230518h,1565,23.392520125773085
8928,83.16109422492401,1.636363636363633,83.75301009631741,2.22777638817955,83.75266105486216,1.0447764396276775,82.56952739498588,1.0447764396276777,82.5691783535306,2.2277763881795503,23.118325470345997,0.017862763904719244,S230518h,8928,23.118325470345997
11542,76.66666666666667,10.363636363636358,77.26911323327654,10.954576946585542,77.26684268618223,9.771579054942237,76.06649064715113,9.771579054942237,76.06422010005683,10.95457694658554,22.674545992899432,0.01751987021021028,S230518h,11542,22.674545992899432
4366,93.08411214953271,-13.636363636363637,93.69124738462627,-13.044124793472466,93.69429618232937,-14.227121083319139,92.47392811673608,-14.227121083319139,92.47697691443919,-13.044124793472466,22.473434845001066,0.017364478291443344,S230518h,4366,22.473434845001066
10893,78.40490797546012,8.181818181818176,79.0033783968607,8.772878547878591,79.00160436651427,7.589879851062997,77.80821158440598,7.589879851062995,77.80643755405956,8.772878547878591,21.394254168133344,0.016530631148571766,S230518h,10893,21.394254168133344
11218,77.53846153846155,9.272727272727273,78.13880462371931,9.863727945526662,78.13678422538655,8.68072962595141,76.94013885153657,8.68072962595141,76.93811845320381,9.863727945526662,21.238503068088644,0.016410287435461253,S230518h,11218,21.238503068088644
4047,93.66771159874608,-14.727272727272721,94.27764769609962,-14.134972359221193,94.28096699679396,-15.317968003614348,93.0544562006982,-15.317968003614352,93.05777550139254,-14.134972359221194,21.00178663615172,0.016227384493746007,S230518h,4047,21.00178663615172
2169,97.01298701298701,-21.272727272727277,97.64519177989585,-20.680043323366277,97.65029443226243,-21.863033767531228,96.37567959371158,-21.863033767531228,96.38078224607817,-20.680043323366277,20.97862528314674,0.01620948848389129,S230518h,2169,20.97862528314674
12508,74.01869158878505,13.636363636363637,74.62887562158171,14.227121083319137,74.6258268238786,13.044124793472466,73.41155635369152,13.044124793472465,73.40850755598841,14.227121083319137,20.243913377229784,0.015641800943969116,S230518h,12508,20.243913377229784
6311,95.77981651376146,-7.090909090909093,96.37511062445549,-6.49902977593281,96.37664158344928,-7.682028800430684,95.18299144407366,-7.682028800430684,95.18452240306746,-6.499029775932809,19.72636954587753,0.015241911977891211,S230518h,6311,19.72636954587753
5337,97.77777777777777,-10.363636363636358,98.37795379729333,-9.771579054942237,98.38022434438764,-10.95457694658554,97.17533121116793,-10.954576946585538,97.17760175826223,-9.771579054942235,19.68632632151364,0.015210971905535478,S230518h,5337,19.68632632151364
3419,101.39240506329115,-16.909090909090903,102.00869643175916,-16.31666565766701,102.01257692419463,-17.499659831842965,100.77223320238767,-17.499659831842965,100.77611369482314,-16.31666565766701,18.896565317852563,0.014600749752220461,S230518h,3419,18.896565317852563
5331,91.11111111111111,-10.363636363636358,91.71128713062666,-9.771579054942237,91.71355767772097,-10.95457694658554,90.50866454450126,-10.954576946585538,90.51093509159556,-9.771579054942237,18.788101802721577,0.014516943588770348,S230518h,5331,18.788101802721577
13778,71.0828025477707,18.0,71.7068333587487,18.59050462424545,71.70266087850895,17.407511279616617,70.46294421703246,17.407511279616617,70.45877173679271,18.59050462424545,18.542847732451193,0.014327443896868755,S230518h,13778,18.542847732451193
7943,85.34954407294833,-1.636363636363633,85.94111090288648,-1.0447764396276775,85.94145994434174,-2.22777638817955,84.75762820155494,-2.22777638817955,84.7579772430102,-1.0447764396276775,18.443855302174352,0.014250955726795288,S230518h,7943,18.443855302174352
13146,72.45283018867924,15.818181818181818,73.06941265685558,16.40881427199012,73.06581633507902,15.225819332062743,71.83984404227947,15.225819332062743,71.83624772050294,16.40881427199012,17.90033704123186,0.013830997179816064,S230518h,13146,17.90033704123186
12187,74.90683229813665,12.54545454545454,75.51419463644221,13.136273565602837,75.51141042278917,11.953276687262091,74.30225417348413,11.953276687262091,74.2994699598311,13.136273565602837,17.86264489718383,0.013801873709301029,S230518h,12187,17.86264489718383
12828,73.35423197492163,14.727272727272734,73.96748737296952,15.317968003614364,73.96416807227516,14.134972359221205,72.74429587756809,14.134972359221205,72.74097657687373,15.317968003614364,17.788305126863698,0.013744433832539066,S230518h,12828,17.788305126863698
8934,89.72644376899696,1.636363636363633,90.31835964039037,2.22777638817955,90.31801059893512,1.0447764396276775,89.13487693905883,1.0447764396276775,89.13452789760356,2.22777638817955,17.667897120925236,0.013651398556905645,S230518h,8934,17.667897120925236
10567,79.26605504587157,7.090909090909093,79.86288011555938,7.682028800430684,79.8613491565656,6.49902977593281,78.67076093517755,6.499029775932809,78.66922997618377,7.682028800430684,16.766897750157856,0.012955226203983173,S230518h,10567,16.766897750157856
13779,72.22929936305732,18.0,72.85333017403532,18.590504624245447,72.84915769379558,17.407511279616614,71.60944103231908,17.407511279616614,71.60526855207934,18.590504624245447,16.6234924854613,0.012844421708681202,S230518h,13779,16.6234924854613
12512,78.50467289719626,13.636363636363637,79.11485692999292,14.227121083319137,79.11180813228981,13.044124793472465,77.89753766210274,13.044124793472465,77.89448886439962,14.227121083319139,16.4138576715552,0.012682443835680941,S230518h,12512,16.4138576715552
377,106.89419795221843,-27.818181818181824,107.55935818570632,-27.225079558088606,107.566644403646,-28.408062006873955,106.22175150079089,-28.40806200687396,106.22903771873055,-27.225079558088606,16.292614319548843,0.01258876311582585,S230518h,377,16.292614319548843
13463,71.77215189873418,16.909090909090917,72.39232375963766,17.49965983184298,72.38844326720219,16.316665657667023,71.15586053026617,16.316665657667023,71.1519800378307,17.499659831842976,15.934507107719245,0.0123120655416138,S230518h,13463,15.934507107719245
14401,68.51612903225806,20.18181818181818,69.14871866701476,20.772191657936286,69.14393588405358,19.589200175123644,67.88832218046257,19.589200175123644,67.88353939750138,20.772191657936286,15.917359638128762,0.012298816260161686,S230518h,14401,15.917359638128762
13464,72.9113924050633,16.909090909090917,73.53156426596678,17.49965983184298,73.52768377353132,16.316665657667023,72.29510103659528,16.316665657667023,72.29122054415981,17.49965983184298,15.738737968290724,0.012160801215746975,S230518h,13464,15.738737968290724
12831,76.7398119122257,14.727272727272734,77.35306731027359,15.317968003614364,77.34974800957924,14.134972359221203,76.12987581487216,14.134972359221205,76.1265565141778,15.317968003614364,15.289064861266006,0.011813353708989303,S230518h,12831,15.289064861266006
2477,96.38709677419355,-20.18181818181818,97.01490362598905,-19.589200175123644,97.01968640895024,-20.772191657936286,95.75450713943687,-20.772191657936286,95.75928992239805,-19.589200175123644,15.120899825180404,0.01168341815892194,S230518h,2477,15.120899825180404
2787,95.76923076923077,-19.090909090909083,96.39292498368307,-18.49835613918927,96.39739797662199,-19.681348587710396,95.14106356183959,-19.681348587710396,95.14553655477849,-18.49835613918927,15.032891029849035,0.01161541667955184,S230518h,2787,15.032891029849035
3735,100.75471698113208,-15.818181818181818,101.36770312753185,-15.225819332062743,101.3712994493084,-16.40881427199012,100.13813451295577,-16.40881427199012,100.1417308347323,-15.225819332062743,14.935400117082917,0.011540088682295703,S230518h,3735,14.935400117082917
13777,69.93630573248409,18.0,70.56033654346209,18.590504624245447,70.55616406322234,17.407511279616617,69.31644740174585,17.407511279616617,69.3122749215061,18.590504624245447,14.792017345219893,0.011429301566460747,S230518h,13777,14.792017345219893
14400,67.35483870967741,20.18181818181818,67.98742834443411,20.77219165793629,67.98264556147292,19.589200175123644,66.72703185788191,19.589200175123644,66.72224907492073,20.77219165793629,14.589075718052646,0.011272495297028387,S230518h,14400,14.589075718052646
1264,105.24916943521596,-24.545454545454543,105.89637622729359,-23.952566753603886,105.90250784835644,-25.13555360576677,104.5958310220755,-25.135553605766766,104.60196264313835,-23.952566753603886,14.562162891150534,0.01125170064762449,S230518h,1264,14.562162891150534
13149,75.84905660377359,15.818181818181818,76.46563907194992,16.40881427199012,76.46204275017337,15.225819332062743,75.23607045737383,15.225819332062743,75.23247413559727,16.40881427199012,14.419012382942661,0.0111410929942182,S230518h,13149,14.419012382942661
8606,90.82066869300913,0.5454545454545485,91.412253640078,1.1369254754733231,91.41213736321426,-0.04607451881298136,90.22920002280401,-0.046074518812981365,90.22908374594026,1.1369254754733231,14.399833214681976,0.011126273886538064,S230518h,8606,14.399833214681976
1863,97.6470588235294,-22.363636363636363,98.28395604497844,-21.770885516797566,98.28938950329626,-22.95387484571307,97.00472814376258,-22.953874845713074,97.01016160208039,-21.77088551679757,14.305052844404456,0.011053040235630222,S230518h,1863,14.305052844404456
14402,69.67741935483872,20.18181818181818,70.31000898959543,20.772191657936286,70.30522620663422,19.589200175123644,69.04961250304324,19.589200175123644,69.04482972008203,20.772191657936286,13.62694474593109,0.010529088581759568,S230518h,14402,13.62694474593109
11547,82.22222222222221,10.363636363636358,82.82466878883208,10.954576946585538,82.82239824173777,9.771579054942235,81.62204620270667,9.771579054942237,81.61977565561237,10.95457694658554,13.435179186847792,0.010380917689739066,S230518h,11547,13.435179186847792
15015,64.70588235294117,22.363636363636363,65.34821303270802,22.953874845713074,65.3427795743902,21.77088551679757,64.06898513149216,21.770885516797573,64.06355167317433,22.953874845713074,13.382581101689995,0.01034027689254036,S230518h,15015,13.382581101689995
4372,99.81308411214953,-13.636363636363637,100.42021934724308,-13.044124793472466,100.42326814494619,-14.227121083319139,99.20290007935289,-14.227121083319137,99.205948877056,-13.044124793472465,13.32514674996509,0.010295899272448516,S230518h,4372,13.32514674996509
13145,71.32075471698114,15.818181818181818,71.93733718515746,16.40881427199012,71.93374086338092,15.225819332062743,70.70776857058136,15.225819332062743,70.70417224880484,16.40881427199012,13.285700079900172,0.010265420137828631,S230518h,13145,13.285700079900172
14091,70.38461538461539,19.090909090909097,71.01278259200659,19.68134858771041,71.00830959906769,18.498356139189283,69.7609211701631,18.498356139189283,69.7564481772242,19.68134858771041,13.269581078970473,0.010252965520025258,S230518h,14091,13.269581078970473
14090,69.23076923076923,19.090909090909097,69.85893643816043,19.68134858771041,69.85446344522153,18.498356139189287,68.60707501631693,18.498356139189287,68.60260202337803,19.68134858771041,13.21447790675974,0.010210389125084198,S230518h,14090,13.21447790675974
13465,74.05063291139241,16.909090909090917,74.6708047722959,17.49965983184298,74.66692427986044,16.316665657667027,73.4343415429244,16.316665657667027,73.43046105048893,17.49965983184298,12.873505996700564,0.009946931430652964,S230518h,13465,12.873505996700564
9256,82.06686930091185,2.72727272727273,82.65933134475502,3.3186272146302818,82.65874890518246,2.1356273576800744,81.47498969664125,2.1356273576800744,81.47440725706869,3.318627214630282,12.78287803983459,0.009876906211969176,S230518h,9256,12.78287803983459
13780,73.37579617834395,18.0,73.99982698932196,18.590504624245447,73.9956545090822,17.407511279616614,72.75593784760571,17.407511279616614,72.75176536736596,18.590504624245447,12.556863248697228,0.009702272073426584,S230518h,13780,12.556863248697228
6965,94.39024390243904,-4.909090909090911,94.98339556197456,-4.3173289032361035,94.98444840494803,-5.500328438180325,93.79603939993008,-5.500328438180325,93.79709224290353,-4.3173289032361035,12.243397066705011,0.009460067143479427,S230518h,6965,12.243397066705011
15621,62.19269102990034,24.545454545454543,62.846029443040806,25.13555360576676,62.83989782197796,23.952566753603882,61.54548423782273,23.952566753603882,61.53935261675988,25.13555360576676,12.21139857996755,0.009435342973269404,S230518h,15621,12.21139857996755
7621,93.00911854103343,-2.72727272727273,93.60099814530405,-2.1356273576800744,93.6015805848766,-3.3186272146302827,92.41665649719027,-3.3186272146302827,92.41723893676283,-2.1356273576800744,12.202852742392754,0.009428739887801017,S230518h,7621,12.202852742392754
11223,83.07692307692307,9.272727272727273,83.67726616218083,9.863727945526662,83.67524576384805,8.68072962595141,82.47860038999808,8.68072962595141,82.47657999166532,9.863727945526662,12.181724295131707,0.009412414636840194,S230518h,11223,12.181724295131707
13776,68.78980891719746,18.0,69.41383972817546,18.590504624245447,69.40966724793572,17.407511279616614,68.16995058645924,17.407511279616617,68.16577810621948,18.590504624245447,11.968764001957481,0.009247867276222295,S230518h,13776,11.968764001957481
13462,70.63291139240508,16.909090909090917,71.25308325330856,17.49965983184298,71.24920276087309,16.316665657667027,70.01662002393707,16.316665657667027,70.0127395315016,17.49965983184298,11.923390620518234,0.009212808768146195,S230518h,13462,11.923390620518234
3105,102.03821656050955,-18.0,102.6580748912478,-17.407511279616614,102.66224737148755,-18.590504624245447,101.41418574953157,-18.590504624245447,101.41835822977131,-17.407511279616614,11.817461069880995,0.009130960515079894,S230518h,3105,11.817461069880995
14709,66.62337662337663,21.272727272727277,67.26068404265206,21.863033767531228,67.25558139028547,20.680043323366277,65.99117185646779,20.680043323366277,65.9860692041012,21.863033767531228,11.799133011755124,0.009116799031993484,S230518h,14709,11.799133011755124
81,100.55172413793105,-28.909090909090907,101.2235869878052,-28.315914400265694,101.23129157416902,-29.49889517496988,99.87215670169309,-29.498895174969874,99.8798612880569,-28.315914400265694,11.78018603342621,0.009102159329778401,S230518h,81,11.78018603342621
14399,66.19354838709677,20.18181818181818,66.82613802185348,20.77219165793629,66.82135523889227,19.589200175123644,65.56574153530129,19.589200175123644,65.56095875234008,20.77219165793629,11.710363492619877,0.009048209766551992,S230518h,14399,11.710363492619877
15319,62.97029702970298,23.45454545454546,63.61796741401613,24.04471481798269,63.61219129487449,22.86172668493405,62.32840276453146,22.86172668493405,62.32262664538983,24.044714817982694,11.554569292402451,0.008927832751366438,S230518h,15319,11.554569292402451
14710,67.79220779220779,21.272727272727277,68.42951521148323,21.86303376753123,68.42441255911663,20.68004332336628,67.16000302529895,20.68004332336628,67.15490037293237,21.86303376753123,11.514783207384056,0.008897091362060872,S230518h,14710,11.514783207384056
3413,94.55696202531645,-16.909090909090903,95.17325339378448,-16.316665657667013,95.17713388621995,-17.499659831842962,93.93679016441297,-17.499659831842962,93.94067065684844,-16.316665657667013,11.3410815820272,0.008762877872956936,S230518h,3413,11.3410815820272
15016,65.88235294117646,22.363636363636363,66.52468362094332,22.953874845713074,66.5192501626255,21.77088551679757,65.24545571972745,21.77088551679757,65.24002226140964,22.95387484571307,11.211213936388742,0.008662533447238165,S230518h,15016,11.211213936388742
4053,100.43887147335423,-14.727272727272721,101.04880757070777,-14.134972359221193,101.05212687140212,-15.317968003614348,99.82561607530636,-15.317968003614352,99.8289353760007,-14.134972359221194,11.204790267165894,0.008657570090922547,S230518h,4053,11.204790267165894
14089,68.07692307692308,19.090909090909097,68.70509028431428,19.681348587710406,68.70061729137538,18.498356139189283,67.45322886247081,18.498356139189283,67.44875586953188,19.68134858771041,10.960735521208026,0.0084689970771693,S230518h,14089,10.960735521208026
14092,71.53846153846153,19.090909090909097,72.16662874585273,19.68134858771041,72.16215575291383,18.498356139189287,70.91476732400923,18.498356139189287,70.91029433107033,19.68134858771041,10.76432843406371,0.008317239830245305,S230518h,14092,10.76432843406371
3729,93.9622641509434,-15.818181818181818,94.57525029734317,-15.225819332062743,94.57884661911973,-16.40881427199012,93.3456816827671,-16.40881427199012,93.34927800454363,-15.225819332062743,10.75067271949801,0.008306688512177298,S230518h,3729,10.75067271949801
14708,65.45454545454545,21.272727272727277,66.09185287382088,21.86303376753123,66.0867502214543,20.68004332336628,64.82234068763661,20.68004332336628,64.81723803527004,21.86303376753123,10.650555907122548,0.008229331569320434,S230518h,14708,10.650555907122548
12827,72.22570532915361,14.727272727272734,72.83896072720151,15.31796800361436,72.83564142650715,14.134972359221205,71.61576923180009,14.134972359221205,71.61244993110574,15.31796800361436,10.634063898921127,0.008216588741160387,S230518h,12827,10.634063898921127
16215,57.355932203389834,26.727272727272727,58.021644155394576,27.317227290829493,58.01475867691859,26.13424327525488,56.69710572986109,26.13424327525488,56.69022025138509,27.317227290829493,10.604580358733871,0.008193807786799493,S230518h,16215,10.604580358733871
11864,74.67492260061918,11.454545454545455,75.27970743472622,12.045425503062717,75.2771824564347,10.86242809134075,74.07266274480368,10.86242809134075,74.07013776651216,12.045425503062717,10.579091337337896,0.008174113264722508,S230518h,11864,10.579091337337896
5979,89.4478527607362,-8.181818181818176,90.04454915179036,-7.589879851062995,90.04632318213676,-8.77287854787859,88.84938233933563,-8.77287854787859,88.85115636968206,-7.589879851062995,10.404530493733759,0.00803923588615506,S230518h,5979,10.404530493733759
12507,72.89719626168224,13.636363636363637,73.50738029447889,14.227121083319135,73.50433149677578,13.044124793472465,72.2900610265887,13.044124793472466,72.28701222888559,14.227121083319137,10.310518418639129,0.007966595871472242,S230518h,12507,10.310518418639129
15320,64.15841584158416,23.45454545454546,64.80608622589732,24.044714817982687,64.80031010675567,22.86172668493405,63.51652157641264,22.86172668493405,63.51074545727101,24.044714817982687,10.16407392441893,0.007853443064243324,S230518h,15320,10.16407392441893
14403,70.83870967741935,20.18181818181818,71.47129931217606,20.772191657936286,71.46651652921484,19.589200175123644,70.21090282562386,19.589200175123644,70.20612004266266,20.772191657936286,10.132681763206413,0.00782918738167162,S230518h,14403,10.132681763206413
15017,67.05882352941177,22.363636363636363,67.70115420917861,22.953874845713074,67.69572075086079,21.77088551679757,66.42192630796274,21.77088551679757,66.41649284964491,22.953874845713074,9.751875755053096,0.007534951199822437,S230518h,15017,9.751875755053096
16799,53.379310344827594,28.90909090909092,54.058877781065554,29.498895174969892,54.05117319470175,28.315914400265704,52.70744749495344,28.315914400265704,52.69974290858964,29.498895174969892,9.697343885726909,0.007492816231686178,S230518h,16799,9.697343885726909
15920,60.40268456375839,25.63636363636363,61.062032192207226,26.226391126026797,61.055531166501,25.043405644592582,59.74983796101579,25.043405644592582,59.743336935309564,26.226391126026797,9.405841283686408,0.007267581832052005,S230518h,15920,9.405841283686408
15620,60.99667774086379,24.545454545454543,61.650016154004255,25.13555360576676,61.643884532941414,23.95256675360388,60.349470948786184,23.95256675360388,60.343339327723335,25.13555360576676,9.220031324877791,0.007124012634983587,S230518h,15620,9.220031324877791
8271,84.25531914893617,-0.5454545454545485,84.8467878191413,0.04607451881298136,84.84690409600505,-1.136925475473323,83.6637342018673,-1.136925475473323,83.66385047873104,0.04607451881298136,9.159606771756042,0.007077324585373487,S230518h,8271,9.159606771756042
960,99.06040268456375,-25.63636363636364,99.71324928730637,-25.043405644592607,99.7197503130126,-26.22639112602681,98.40105505611493,-26.22639112602681,98.40755608182116,-25.043405644592607,9.116246877025874,0.00704382183174663,S230518h,960,9.116246877025874
15321,65.34653465346534,23.45454545454546,65.99420503777849,24.04471481798269,65.98842891863686,22.86172668493405,64.70464038829383,22.86172668493405,64.69886426915221,24.044714817982687,8.927700970235911,0.0068981386583476575,S230518h,15321,8.927700970235911
15622,63.38870431893688,24.545454545454543,64.04204273207735,25.13555360576676,64.0359111110145,23.952566753603882,62.74149752685927,23.952566753603886,62.73536590579642,25.135553605766763,8.849995182188994,0.0068380979712445765,S230518h,15622,8.849995182188994
15918,57.986577181208055,25.63636363636363,58.645924809656876,26.226391126026797,58.63942378395065,25.04340564459259,57.33373057846544,25.04340564459259,57.32722955275921,26.2263911260268,8.7572866038065,0.006766465125270812,S230518h,15918,8.7572866038065
2483,103.35483870967741,-20.18181818181818,103.9826455614729,-19.589200175123644,103.98742834443411,-20.77219165793629,102.72224907492073,-20.772191657936286,102.72703185788191,-19.589200175123644,8.699772085827286,0.0067220255633711305,S230518h,2483,8.699772085827286
15919,59.19463087248323,25.63636363636363,59.853978500932065,26.2263911260268,59.84747747522582,25.04340564459259,58.54178426974063,25.04340564459259,58.53528324403439,26.2263911260268,8.670714355016383,0.0066995736178031935,S230518h,15919,8.670714355016383
2793,102.69230769230768,-19.090909090909083,103.31600190675998,-18.49835613918927,103.32047489969888,-19.681348587710392,102.06414048491648,-19.681348587710396,102.0686134778554,-18.49835613918927,8.617801256183224,0.006658689419977699,S230518h,2793,8.617801256183224
15619,59.800664451827245,24.545454545454543,60.45400286496771,25.135553605766763,60.44787124390486,23.952566753603886,59.153457659749634,23.952566753603886,59.147326038686785,25.13555360576676,8.617264857849932,0.006658274962762847,S230518h,15619,8.617264857849932
3099,95.15923566878982,-18.0,95.77909399952807,-17.407511279616617,95.78326647976782,-18.59050462424545,94.53520485781183,-18.59050462424545,94.53937733805158,-17.407511279616614,8.595799144932087,0.006641689117806655,S230518h,3099,8.595799144932087
17088,52.6829268292683,29.999999999999993,53.370019394163606,30.589726689460573,53.36187735259106,29.406747703114895,52.00397630594553,29.406747703114895,51.995834264372995,30.589726689460573,8.59422696398388,0.0066404743456931065,S230518h,17088,8.59422696398388
17371,48.16901408450704,31.09090909090909,48.864055048743694,31.68055643758303,48.85545487841424,30.49757936154958,47.48257329059983,30.49757936154958,47.473973120270394,31.68055643758303,8.579366671185593,0.006628992289946842,S230518h,17371,8.579366671185593
15921,61.61073825503355,25.63636363636363,62.270085883482395,26.226391126026797,62.26358485777615,25.04340564459259,60.95789165229096,25.043405644592582,60.95139062658473,26.2263911260268,8.564617896132965,0.006617596400266734,S230518h,15921,8.564617896132965
15014,63.529411764705884,22.363636363636363,64.17174244447273,22.95387484571307,64.1663089861549,21.77088551679757,62.89251454325685,21.77088551679757,62.887081084939034,22.95387484571307,8.539835417682177,0.006598447800507289,S230518h,15014,8.539835417682177
16216,58.57627118644068,26.727272727272727,59.24198313844542,27.317227290829493,59.23509765996942,26.13424327525489,57.91744471291194,26.134243275254885,57.91055923443593,27.317227290829493,8.528986664607544,0.006590065328555272,S230518h,16216,8.528986664607544
11870,81.36222910216718,11.454545454545455,81.9670139362742,12.045425503062715,81.9644889579827,10.86242809134075,80.75996924635166,10.86242809134075,80.75744426806015,12.045425503062715,8.456771963362804,0.00653426742223895,S230518h,11870,8.456771963362804
15318,61.78217821782179,23.45454545454546,62.42984860213493,24.044714817982687,62.42407248299332,22.86172668493405,61.14028395265027,22.86172668493405,61.134507833508636,24.044714817982694,8.432642969067185,0.006515623748028471,S230518h,15318,8.432642969067185
14711,68.96103896103895,21.272727272727277,69.59834638031438,21.86303376753123,69.5932437279478,20.68004332336628,68.32883419413011,20.680043323366277,68.32373154176354,21.863033767531228,8.396278152015881,0.00648752585909361,S230518h,14711,8.396278152015881
16509,56.518771331058026,27.818181818181824,57.19121778248559,28.40806200687395,57.18393156454591,27.225079558088602,55.85361109757015,27.225079558088602,55.84632487963047,28.40806200687395,8.198726503736253,0.00633488424771334,S230518h,16509,8.198726503736253
16217,59.796610169491515,26.727272727272727,60.462322121496264,27.3172272908295,60.455436643020256,26.13424327525489,59.137783695962774,26.13424327525489,59.130898217486774,27.317227290829496,8.18595779981837,0.006325018293375645,S230518h,16217,8.18595779981837
16801,55.862068965517246,28.90909090909092,56.541636401755206,29.498895174969892,56.5339318153914,28.3159144002657,55.19020611564309,28.315914400265704,55.182501529279286,29.498895174969892,8.139954958912513,0.006289473422831205,S230518h,16801,8.139954958912513
16508,55.2901023890785,27.818181818181824,55.96254884050606,28.40806200687395,55.95526262256638,27.225079558088602,54.62494215559063,27.225079558088602,54.61765593765094,28.40806200687395,8.11440739980833,0.006269733670607141,S230518h,16508,8.11440739980833
17085,48.919860627177705,29.999999999999993,49.606953192073,30.589726689460573,49.59881115050046,29.406747703114902,48.240910103854944,29.406747703114902,48.232768062282396,30.589726689460573,8.069074442574607,0.006234706396974913,S230518h,17085,8.069074442574607
13466,75.18987341772151,16.909090909090917,75.810045278625,17.49965983184298,75.80616478618953,16.316665657667027,74.5735820492535,16.316665657667027,74.56970155681803,17.49965983184298,7.99044811644127,0.006173954440600875,S230518h,13466,7.99044811644127
5654,89.72307692307692,-9.272727272727273,90.32139961000192,-8.68072962595141,90.32342000833468,-9.863727945526662,89.12273383781917,-9.863727945526662,89.12475423615193,-8.680729625951411,7.879512269355857,0.00608823798818746,S230518h,5654,7.879512269355857
12186,73.7888198757764,12.54545454545454,74.39618221408196,13.136273565602837,74.39339800042892,11.953276687262091,73.18424175112388,11.953276687262093,73.18145753747085,13.136273565602837,7.879124685959935,0.0060879385153426975,S230518h,12186,7.879124685959935
7286,86.4437689969605,-3.8181818181818143,87.03617655782061,-3.2264781930583086,87.03699345450673,-4.409477912273196,85.85054453941429,-4.4094779122731955,85.8513614361004,-3.226478193058308,7.828569934938448,0.006048876534711054,S230518h,7286,7.828569934938448
16800,54.62068965517241,28.90909090909092,55.30025709141037,29.498895174969892,55.292552505046565,28.315914400265704,53.94882680529826,28.315914400265704,53.94112221893446,29.498895174969892,7.581319181334685,0.005857834071771724,S230518h,16800,7.581319181334685
5661,97.47692307692307,-9.272727272727273,98.07524576384807,-8.68072962595141,98.07726616218083,-9.863727945526662,96.87657999166532,-9.863727945526662,96.87860038999808,-8.68072962595141,7.539276370509455,0.005825348985227495,S230518h,5661,7.539276370509455
9584,80.9726443768997,3.8181818181818143,81.56586883444592,4.409477912273196,81.5650519377598,3.2264781930583086,80.3802368160396,3.226478193058309,80.37941991935348,4.409477912273196,7.522806663899924,0.005812623388768382,S230518h,9584,7.522806663899924
16214,56.13559322033898,26.727272727272727,56.801305172343724,27.317227290829493,56.79441969386773,26.134243275254885,55.47676674681025,26.134243275254885,55.46988126833425,27.317227290829493,7.495120254589409,0.005791231017875538,S230518h,16214,7.495120254589409
2175,104.02597402597402,-21.272727272727277,104.65817879288286,-20.68004332336628,104.66328144524947,-21.86303376753123,103.3886666066986,-21.86303376753123,103.39376925906518,-20.680043323366277,7.486062733611385,0.005784232571599659,S230518h,2175,7.486062733611385
13461,69.49367088607596,16.909090909090917,70.11384274697946,17.49965983184298,70.10996225454399,16.316665657667023,68.87737951760795,16.316665657667027,68.87349902517248,17.49965983184298,7.379631781284652,0.005701996902065311,S230518h,13461,7.379631781284652
17087,51.42857142857144,29.999999999999993,52.11566399346673,30.589726689460573,52.107521951894206,29.406747703114895,50.749620905248676,29.406747703114895,50.74147886367613,30.589726689460573,7.3441162206493935,0.005674555205417121,S230518h,17087,7.3441162206493935
10239,79.02439024390245,5.999999999999996,79.61979421572147,6.5911787489208,79.61850350046505,5.408179445322053,78.43027698733985,5.408179445322053,78.42898627208343,6.591178748920799,7.270515562406169,0.005617686416061377,S230518h,10239,7.270515562406169
16798,52.13793103448276,28.90909090909092,52.81749847072072,29.498895174969892,52.80979388435692,28.315914400265704,51.46606818460861,28.315914400265704,51.4583635982448,29.498895174969892,7.229879304522271,0.005586288126359018,S230518h,16798,7.229879304522271
17373,50.70422535211267,31.09090909090909,51.39926631634933,31.68055643758302,51.39066614601988,30.49757936154958,50.01778455820547,30.49757936154958,50.009184387876026,31.68055643758303,7.215331291478154,0.005575047358829243,S230518h,17373,7.215331291478154
14088,66.92307692307692,19.090909090909097,67.55124413046812,19.68134858771041,67.54677113752922,18.498356139189283,66.29938270862463,18.498356139189283,66.29490971568572,19.68134858771041,7.151186071025885,0.005525484472882992,S230518h,14088,7.151186071025885
17086,50.174216027874564,29.999999999999993,50.86130859276987,30.589726689460576,50.85316655119733,29.406747703114902,49.4952655045518,29.406747703114902,49.48712346297927,30.589726689460576,7.147632545067596,0.005522738781145777,S230518h,17086,7.147632545067596
16510,57.74744027303754,27.818181818181824,58.4198867244651,28.40806200687395,58.41260050652542,27.225079558088606,57.082280039549666,27.225079558088602,57.074993821609986,28.40806200687395,7.146993322613468,0.005522244875140545,S230518h,16510,7.146993322613468
14093,72.6923076923077,19.090909090909097,73.3204748996989,19.68134858771041,73.31600190676,18.498356139189283,72.0686134778554,18.498356139189283,72.06414048491649,19.68134858771041,7.099488885818019,0.005485539771218022,S230518h,14093,7.099488885818019
16507,54.061433447098985,27.818181818181824,54.73387989852655,28.408062006873955,54.72659368058686,27.225079558088606,53.39627321361111,27.225079558088602,53.38898699567143,28.40806200687395,7.090038950446365,0.005478238119345561,S230518h,16507,7.090038950446365
15018,68.23529411764704,22.363636363636363,68.8776247974139,22.953874845713074,68.87219133909608,21.77088551679757,67.59839689619803,21.77088551679757,67.5929634378802,22.953874845713074,7.084962208700105,0.00547431548925131,S230518h,15018,7.084962208700105
13150,76.9811320754717,15.818181818181818,77.59771454364802,16.40881427199012,77.59411822187148,15.225819332062747,76.36814592907193,15.225819332062743,76.3645496072954,16.40881427199012,7.002715801677169,0.005410766416350393,S230518h,13150,7.002715801677169
15623,64.58471760797343,24.545454545454543,65.2380560211139,25.13555360576676,65.23192440005106,23.95256675360388,63.93751081589583,23.95256675360388,63.93137919483297,25.13555360576676,6.921064779071809,0.005347677377256741,S230518h,15623,6.921064779071809
15922,62.81879194630873,25.63636363636363,63.47813957475757,26.2263911260268,63.47163854905133,25.04340564459259,62.165945343566136,25.04340564459259,62.15944431785991,26.2263911260268,6.793424415003856,0.00524905389819106,S230518h,15922,6.793424415003856
7510,331.5501519756839,-3.8181818181818143,332.14255953654396,-3.2264781930583086,332.1433764332301,-4.409477912273196,330.95692751813766,-4.409477912273196,330.95774441482376,-3.2264781930583086,6.790183278016983,0.0052465495790588795,S230518h,7510,6.790183278016983
87,108.00000000000001,-28.909090909090907,108.67186284987416,-28.31591440026569,108.67956743623797,-29.49889517496988,107.32043256376205,-29.498895174969874,107.32813715012585,-28.31591440026569,6.778253957896512,0.005237332188762635,S230518h,87,6.778253957896512
11541,75.55555555555556,10.363636363636358,76.15800212216541,10.954576946585542,76.1557315750711,9.771579054942235,74.95537953604,9.771579054942235,74.9531089889457,10.95457694658554,6.701712493952462,0.005178191136305877,S230518h,11541,6.701712493952462
9919,87.8048780487805,4.909090909090911,88.39908255128948,5.500328438180325,88.398029708316,4.3173289032361035,87.21172638924499,4.3173289032361035,87.21067354627152,5.500328438180324,6.695491721568177,0.0051733845516530215,S230518h,9919,6.695491721568177
1258,98.07308970099669,-24.545454545454543,98.72029649307431,-23.952566753603882,98.72642811413716,-25.135553605766766,97.41975128785623,-25.135553605766766,97.42588290891908,-23.952566753603882,6.694862372228671,0.0051728982742762445,S230518h,1258,6.694862372228671
14707,64.28571428571429,21.272727272727277,64.92302170498974,21.863033767531228,64.91791905262313,20.680043323366277,63.65350951880547,20.680043323366277,63.648406866438876,21.863033767531228,6.649167853174935,0.005137591633808554,S230518h,14707,6.649167853174935
12832,77.86833855799374,14.727272727272734,78.48159395604162,15.317968003614364,78.47827465534728,14.134972359221205,77.2584024606402,14.134972359221205,77.25508315994584,15.317968003614364,6.644678087234356,0.005134122540465833,S230518h,12832,6.644678087234356
17370,46.901408450704224,31.09090909090909,47.59644941494087,31.68055643758303,47.58784924461142,30.49757936154958,46.21496765679701,30.49757936154958,46.20636748646757,31.68055643758303,6.6419590089211855,0.005132021598768784,S230518h,17370,6.6419590089211855
17372,49.436619718309856,31.09090909090909,50.13166068254651,31.68055643758303,50.123060512217066,30.49757936154958,48.75017892440266,30.49757936154958,48.74157875407321,31.68055643758302,6.606836518610656,0.005104883614533397,S230518h,17372,6.606836518610656
13781,74.52229299363057,18.0,75.14632380460857,18.59050462424545,75.14215132436883,17.407511279616617,73.90243466289235,17.407511279616617,73.89826218265259,18.59050462424545,6.387681093133284,0.004935549480503577,S230518h,13781,6.387681093133284
17369,45.63380281690141,31.09090909090909,46.328843781138055,31.68055643758302,46.32024361080861,30.49757936154958,44.947362022994206,30.49757936154958,44.938761852664754,31.68055643758302,6.362295248031615,0.00491593467932974,S230518h,17369,6.362295248031615
8499,333.7386018237082,-0.5454545454545485,334.33007049391335,0.04607451881298135,334.33018677077706,-1.1369254754733231,333.1470168766393,-1.1369254754733231,333.1471331535031,0.04607451881298135,6.273941158010645,0.004847666402196722,S230518h,8499,6.273941158010645
13144,70.18867924528301,15.818181818181818,70.80526171345934,16.408814271990117,70.80166539168279,15.225819332062743,69.57569309888325,15.225819332062747,69.57209677710671,16.40881427199012,6.259027678583724,0.0048361432509052196,S230518h,13144,6.259027678583724
14398,65.03225806451613,20.18181818181818,65.66484769927283,20.77219165793629,65.66006491631163,19.589200175123644,64.40445121272063,19.589200175123644,64.39966842975943,20.772191657936286,6.246982698943635,0.004826836494331347,S230518h,14398,6.246982698943635
8169,332.64437689969606,-1.636363636363633,333.23594372963413,-1.0447764396276775,333.23629277108944,-2.22777638817955,332.0524610283027,-2.22777638817955,332.05281006975787,-1.0447764396276775,6.245857119410042,0.0048259667963296326,S230518h,8169,6.245857119410042
9912,80.1219512195122,4.909090909090911,80.71615572202118,5.500328438180323,80.71510287904772,4.3173289032361035,79.52879955997669,4.3173289032361035,79.52774671700323,5.500328438180325,6.220749496560269,0.00480656696826901,S230518h,9912,6.220749496560269
10566,78.1651376146789,7.090909090909093,78.76196268436672,7.682028800430684,78.76043172537292,6.49902977593281,77.5698435039849,6.499029775932809,77.5683125449911,7.6820288004306825,6.191880799206198,0.004784261082588232,S230518h,10566,6.191880799206198
9158,334.8328267477204,1.636363636363633,335.4247426191138,2.22777638817955,335.42439357765846,1.0447764396276777,334.2412599177822,1.0447764396276777,334.24091087632695,2.2277763881795503,6.1894616783243075,0.00478239190805716,S230518h,9158,6.1894616783243075
15013,62.35294117647059,22.363636363636363,62.99527185623744,22.953874845713074,62.98983839791961,21.77088551679757,61.71604395502156,21.77088551679757,61.71061049670375,22.953874845713077,6.171563427180916,0.004768562522581475,S230518h,15013,6.171563427180916
1869,104.70588235294117,-22.363636363636363,105.3427795743902,-21.770885516797573,105.34821303270803,-22.953874845713074,104.06355167317433,-22.953874845713074,104.06898513149216,-21.770885516797573,6.117106604617866,0.004726485540591897,S230518h,1869,6.117106604617866
7293,94.1033434650456,-3.8181818181818143,94.69575102590571,-3.226478193058309,94.69656792259183,-4.409477912273196,93.51011900749938,-4.409477912273196,93.5109359041855,-3.2264781930583086,6.072215857500454,0.004691799948060839,S230518h,7293,6.072215857500454
12192,80.4968944099379,12.54545454545454,81.10425674824346,13.136273565602837,81.1014725345904,11.953276687262091,79.89231628528537,11.953276687262091,79.88953207163233,13.136273565602837,6.05357117601151,0.004677393820595297,S230518h,12192,6.05357117601151
10246,86.70731707317074,5.999999999999996,87.30272104498977,6.5911787489207985,87.30143032973335,5.408179445322053,86.11320381660815,5.408179445322053,86.11191310135173,6.5911787489207985,6.019030268520313,0.004650705206129625,S230518h,10246,6.019030268520313
11217,76.43076923076923,9.272727272727273,77.03111231602699,9.863727945526662,77.02909191769423,8.68072962595141,75.83244654384424,8.68072962595141,75.83042614551148,9.863727945526662,5.960557408736738,0.004605525165279022,S230518h,11217,5.960557408736738
15317,60.5940594059406,23.45454545454546,61.24172979025374,24.044714817982687,61.235953671112114,22.86172668493405,59.95216514076908,22.86172668493405,59.946389021627446,24.044714817982687,5.874085440123117,0.004538711140980302,S230518h,15317,5.874085440123117
10146,336.95121951219517,4.909090909090911,337.5454240147041,5.500328438180324,337.5443711717307,4.3173289032361035,336.35806785265964,4.3173289032361035,336.35701500968617,5.500328438180325,5.826991905847502,0.004502323527816748,S230518h,10146,5.826991905847502
5008,91.39318885448915,-11.454545454545455,91.99544871030467,-10.86242809134075,91.99797368859619,-12.045425503062717,90.78840402038213,-12.045425503062718,90.79092899867365,-10.86242809134075,5.79881783321828,0.004480554355639647,S230518h,5008,5.79881783321828
17649,41.142857142857146,32.18181818181819,41.84629050580443,32.77138429875684,41.837209802328076,31.588409263433444,40.44850448338622,31.588409263433444,40.439423779909866,32.77138429875685,5.697155413379464,0.0044020031731202836,S230518h,17649,5.697155413379464
10474,336.95121951219517,5.999999999999996,337.5466234840142,6.591178748920799,337.54533276875776,5.408179445322053,336.3571062556326,5.408179445322053,336.35581554037617,6.5911787489208,5.5677651372323265,0.004302027594986503,S230518h,10474,5.5677651372323265
16797,50.896551724137936,28.90909090909092,51.576119160375896,29.498895174969892,51.56841457401209,28.3159144002657,50.224688874263784,28.315914400265704,50.216984287899976,29.498895174969892,5.4992800815603,0.004249111462196515,S230518h,16797,5.4992800815603
13775,67.64331210191084,18.0,68.26734291288882,18.590504624245447,68.26317043264908,17.407511279616614,67.0234537711726,17.407511279616614,67.01928129093284,18.590504624245447,5.468431987893446,0.004225276162585889,S230518h,13775,5.468431987893446
16218,61.016949152542374,26.727272727272727,61.682661104547115,27.317227290829493,61.675775626071115,26.134243275254885,60.35812267901363,26.134243275254885,60.35123720053763,27.317227290829493,5.466419032748109,0.004223720818858331,S230518h,16218,5.466419032748109
8828,333.7386018237082,0.5454545454545485,334.33018677077706,1.1369254754733231,334.33007049391335,-0.04607451881298135,333.1471331535031,-0.04607451881298135,333.1470168766393,1.1369254754733231,5.464428010016124,0.0042221824215796875,S230518h,8828,5.464428010016124
17652,45.0,32.18181818181819,45.70343336294727,32.77138429875684,45.694352659470916,31.588409263433437,44.30564734052908,31.588409263433444,44.29656663705272,32.77138429875684,5.43999375924553,0.004203302885807787,S230518h,17652,5.43999375924553
17926,37.68953068592058,33.27272727272728,38.401822926868235,33.86221014379216,38.392237393764056,32.67923728887589,36.986823978077105,32.67923728887589,36.97723844497293,33.86221014379216,5.406926247935628,0.00417775271574019,S230518h,17926,5.406926247935628
17089,53.937282229965156,29.999999999999993,54.624374794860465,30.589726689460573,54.61623275328792,29.406747703114895,53.258331706642394,29.406747703114895,53.25018966506986,30.589726689460573,5.302659929462193,0.004097189587044115,S230518h,17089,5.302659929462193
966,106.30872483221478,-25.63636363636364,106.96157143495738,-25.043405644592603,106.96807246066362,-26.22639112602681,105.64937720376595,-26.226391126026808,105.6558782294722,-25.043405644592603,5.296014462795857,0.004092054855194712,S230518h,966,5.296014462795857
16511,58.97610921501707,27.818181818181824,59.64855566644463,28.40806200687395,59.641269448504936,27.225079558088602,58.31094898152918,27.225079558088602,58.3036627635895,28.40806200687395,5.286516834090342,0.004084716352263827,S230518h,16511,5.286516834090342
9488,335.9270516717325,2.72727272727273,336.51951371557567,3.318627214630282,336.5189312760032,2.1356273576800744,335.3351720674619,2.1356273576800744,335.33458962788933,3.318627214630282,5.268994245180467,0.004071177228545803,S230518h,9488,5.268994245180467
9487,334.8328267477204,2.72727272727273,335.4252887915635,3.318627214630282,335.424706351991,2.1356273576800744,334.2409471434498,2.1356273576800744,334.2403647038772,3.3186272146302827,5.240294163654394,0.004049001626727063,S230518h,9487,5.240294163654394
15322,66.53465346534654,23.45454545454546,67.18232384965968,24.044714817982694,67.17654773051805,22.86172668493405,65.89275920017502,22.861726684934055,65.88698308103339,24.044714817982694,5.214257033166088,0.004028883598919834,S230518h,15322,5.214257033166088
14404,72.0,20.18181818181818,72.6325896347567,20.77219165793629,72.6278068517955,19.589200175123644,71.3721931482045,19.589200175123647,71.36741036524332,20.772191657936293,5.170446523605754,0.0039950326701479605,S230518h,14404,5.170446523605754
14712,70.12987012987013,21.272727272727277,70.76717754914554,21.86303376753123,70.76207489677897,20.68004332336628,69.49766536296129,20.68004332336628,69.4925627105947,21.86303376753123,5.168149956387787,0.003993258188771337,S230518h,14712,5.168149956387787
6638,95.48780487804879,-5.999999999999996,96.0819181346114,-5.408179445322053,96.08320884986782,-6.591178748920799,94.89240090622977,-6.5911787489208,94.89369162148618,-5.408179445322053,5.147072709606018,0.003976972498723967,S230518h,6638,5.147072709606018
6524,330.27522935779814,-7.090909090909093,330.8705234684922,-6.499029775932809,330.8720544274859,-7.682028800430684,329.67840428811036,-7.682028800430684,329.67993524710414,-6.49902977593281,5.111741236321038,0.003949673040270324,S230518h,6524,5.111741236321038
17924,35.09025270758123,33.27272727272728,35.802544948528876,33.86221014379216,35.7929594154247,32.67923728887588,34.387545999737746,32.67923728887589,34.377960466633574,33.86221014379216,5.1115453229392855,0.003949521664493195,S230518h,17924,5.1115453229392855
8170,333.7386018237082,-1.636363636363633,334.33016865364635,-1.0447764396276775,334.3305176951016,-2.2277763881795503,333.14668595231484,-2.2277763881795503,333.1470349937701,-1.0447764396276775,5.104633717759624,0.003944181296234893,S230518h,8170,5.104633717759624
6631,87.8048780487805,-5.999999999999996,88.3989913053431,-5.408179445322053,88.40028202059952,-6.5911787489208,87.20947407696147,-6.5911787489208,87.21076479221789,-5.408179445322053,5.072733097366087,0.003919532744105339,S230518h,6631,5.072733097366087
10892,77.30061349693251,8.181818181818176,77.89908391833308,8.772878547878591,77.89730988798667,7.589879851062997,76.70391710587836,7.589879851062995,76.70214307553195,8.772878547878591,4.9835546714674965,0.0038506275299597754,S230518h,10892,4.9835546714674965
17923,33.79061371841155,33.27272727272728,34.502905959359204,33.86221014379216,34.493320426255025,32.67923728887589,33.08790701056807,32.67923728887589,33.078321477463895,33.86221014379216,4.918001359842096,0.0037999766586309233,S230518h,17923,4.918001359842096
1559,97.42574257425743,-23.45454545454546,98.06763683942894,-22.86172668493405,98.07341295857059,-24.044714817982694,96.77807218994428,-24.044714817982687,96.78384830908593,-22.86172668493405,4.902700067239337,0.0037881538569513335,S230518h,1559,4.902700067239337
8278,91.91489361702128,-0.5454545454545485,92.50636228722641,0.04607451881298135,92.50647856409014,-1.1369254754733231,91.3233086699524,-1.136925475473323,91.32342494681615,0.046074518812981344,4.842343074967548,0.0037415180093708996,S230518h,8278,4.842343074967548
371,99.52218430034131,-27.818181818181824,100.18734453382919,-27.225079558088606,100.19463075176887,-28.40806200687396,98.84973784891376,-28.40806200687396,98.85702406685344,-27.225079558088606,4.81552246596193,0.003720794613679344,S230518h,371,4.81552246596193
16506,52.83276450511946,27.818181818181824,53.50521095654701,28.40806200687395,53.49792473860734,27.225079558088602,52.16760427163158,27.225079558088602,52.160318053691896,28.40806200687395,4.804480056254047,0.0037122625096649717,S230518h,16506,4.804480056254047
17927,38.98916967509025,33.27272727272728,39.7014619160379,33.86221014379216,39.691876382933735,32.67923728887589,38.286462967246784,32.67923728887589,38.2768774341426,33.86221014379216,4.792653828504978,0.0037031247754274283,S230518h,17927,4.792653828504978
17374,51.971830985915496,31.09090909090909,52.66687195015216,31.68055643758303,52.65827177982271,30.49757936154958,51.28539019200831,30.49757936154958,51.276790021678856,31.68055643758303,4.763105868126174,0.003680294045719535,S230518h,17374,4.763105868126174
17651,43.714285714285715,32.18181818181819,44.41771907723299,32.77138429875684,44.40863837375663,31.588409263433437,43.01993305481479,31.588409263433437,43.010852351338436,32.77138429875684,4.723508573718741,0.003649698528662172,S230518h,17651,4.723508573718741
10145,335.8536585365854,4.909090909090911,336.4478630390944,5.500328438180324,336.4468101961209,4.3173289032361035,335.26050687704986,4.3173289032361035,335.2594540340764,5.500328438180323,4.681117141265757,0.003616944073740175,S230518h,10145,4.681117141265757
9817,335.9270516717325,3.8181818181818143,336.5202761292787,4.409477912273196,336.5194592325926,3.2264781930583086,335.33464411087243,3.2264781930583086,335.3338272141863,4.409477912273196,4.590108945957784,0.0035466250574140946,S230518h,9817,4.590108945957784
17925,36.38989169675091,33.27272727272728,37.10218393769856,33.86221014379216,37.09259840459438,32.67923728887589,35.68718498890743,32.67923728887589,35.67759945580326,33.86221014379216,4.567532269312752,0.003529180807605401,S230518h,17925,4.567532269312752
17650,42.42857142857143,32.18181818181819,43.1320047915187,32.77138429875685,43.12292408804235,31.588409263433437,41.73421876910051,31.588409263433437,41.72513806562415,32.77138429875685,4.560951362528154,0.003524095959036978,S230518h,17650,4.560951362528154
12513,79.62616822429906,13.636363636363637,80.2363522570957,14.227121083319137,80.2333034593926,13.044124793472468,79.01903298920553,13.044124793472468,79.01598419150241,14.227121083319139,4.552451056238132,0.0035175280540833413,S230518h,12513,4.552451056238132
8829,334.8328267477204,0.5454545454545485,335.4244116947892,1.1369254754733231,335.4242954179255,-0.04607451881298135,334.24135807751526,-0.04607451881298136,334.2412418006515,1.1369254754733231,4.550131526658065,0.0035157358304505402,S230518h,8829,4.550131526658065
14706,63.116883116883116,21.272727272727277,63.75419053615855,21.86303376753123,63.74908788379196,20.68004332336628,62.484678349974274,20.68004332336628,62.47957569760769,21.863033767531235,4.530234730368962,0.003500362235376432,S230518h,14706,4.530234730368962
17929,41.588447653429604,33.27272727272728,42.30073989437725,33.86221014379217,42.29115436127307,32.679237288875896,40.88574094558612,32.679237288875896,40.87615541248195,33.86221014379217,4.412380839473727,0.0034093004397885776,S230518h,17929,4.412380839473727
7511,332.64437689969606,-3.8181818181818143,333.2367844605562,-3.226478193058308,333.2376013572422,-4.4094779122731955,332.0511524421498,-4.4094779122731955,332.05196933883593,-3.226478193058308,4.368345552953485,0.003375275833309328,S230518h,7511,4.368345552953485
17368,44.36619718309859,31.09090909090909,45.06123814733524,31.68055643758303,45.052637977005794,30.49757936154958,43.67975638919138,30.49757936154958,43.67115621886194,31.68055643758303,4.367159520371043,0.0033743594252402987,S230518h,17368,4.367159520371043
16213,54.91525423728813,26.727272727272727,55.580966189292866,27.317227290829493,55.57408071081687,26.134243275254885,54.256427763759376,26.134243275254885,54.24954228528339,27.317227290829496,4.2914871561659815,0.003315889897348203,S230518h,16213,4.2914871561659815
10802,337.9816513761468,7.090909090909093,338.57847644583455,7.682028800430684,338.5769454868408,6.49902977593281,337.3863572654528,6.49902977593281,337.384826306459,7.682028800430684,4.269743256707461,0.003299089106871673,S230518h,10802,4.269743256707461
15624,65.78073089700997,24.545454545454543,66.43406931015043,25.13555360576676,66.42793768908759,23.95256675360388,65.13352410493236,23.95256675360388,65.12739248386951,25.13555360576676,4.2619341681299705,0.0032930552829362122,S230518h,15624,4.2619341681299705
4686,91.67701863354037,-12.54545454545454,92.28159675819289,-11.953276687262091,92.28438097184593,-13.136273565602837,91.06965629523482,-13.136273565602837,91.07244050888787,-11.953276687262091,4.261244619871003,0.003292522491849477,S230518h,4686,4.261244619871003
7840,332.64437689969606,-2.72727272727273,333.2362565039667,-2.1356273576800744,333.23683894353917,-3.3186272146302818,332.05191485585283,-3.3186272146302818,332.05249729542544,-2.1356273576800744,4.187048344490863,0.003235193488871947,S230518h,7840,4.187048344490863
15917,56.77852348993289,25.63636363636363,57.43787111838173,26.226391126026797,57.431370092675486,25.04340564459259,56.12567688719029,25.04340564459259,56.11917586148405,26.2263911260268,4.171899623749416,0.0032234885744130653,S230518h,15917,4.171899623749416
7181,331.4634146341464,-4.909090909090911,332.0565662936819,-4.3173289032361035,332.0576191366553,-5.500328438180324,330.86921013163743,-5.500328438180324,330.87026297461085,-4.3173289032361035,4.0949947739507735,0.003164066745749776,S230518h,7181,4.0949947739507735
11863,73.56037151702786,11.454545454545455,74.16515635113488,12.045425503062717,74.16263137284338,10.86242809134075,72.95811166121234,10.86242809134075,72.95558668292084,12.045425503062717,4.094233645416561,0.0031634786469566683,S230518h,11863,4.094233645416561
4693,99.5031055900621,-12.54545454545454,100.10768371471464,-11.953276687262091,100.11046792836767,-13.136273565602837,98.89574325175656,-13.136273565602837,98.8985274654096,-11.953276687262091,4.092211336224278,0.0031619160756670463,S230518h,4693,4.092211336224278
11129,339.0184049079755,8.181818181818176,339.61687532937606,8.772878547878591,339.6151012990296,7.589879851062997,338.4217085169213,7.589879851062995,338.4199344865749,8.772878547878591,4.0714035482882345,0.00314583858753938,S230518h,11129,4.0714035482882345
17928,40.288808664259925,33.27272727272728,41.00110090520757,33.86221014379216,40.99151537210339,32.67923728887589,39.58610195641644,32.67923728887589,39.57651642331227,33.86221014379216,4.023077463937431,0.003108498623781831,S230518h,17928,4.023077463937431
12826,71.09717868338558,14.727272727272734,71.71043408143348,15.317968003614364,71.70711478073912,14.134972359221205,70.48724258603205,14.134972359221207,70.4839232853377,15.317968003614364,4.015314027802178,0.0031025000739754766,S230518h,12826,4.015314027802178
8498,332.64437689969606,-0.5454545454545485,333.2358455699012,0.04607451881298135,333.2359618467649,-1.1369254754733227,332.05279195262716,-1.1369254754733227,332.0529082294909,0.04607451881298135,4.011834224781763,0.0030998113455090338,S230518h,8498,4.011834224781763
11454,338.95384615384614,9.272727272727273,339.5541892391039,9.863727945526662,339.5521688407712,8.680729625951408,338.35552346692117,8.680729625951408,338.3535030685884,9.863727945526662,3.948420507495358,0.0030508136678156104,S230518h,11454,3.948420507495358
7839,331.5501519756839,-2.72727272727273,332.14203157995445,-2.1356273576800744,332.14261401952706,-3.3186272146302827,330.9576899318407,-3.318627214630282,330.9582723714133,-2.1356273576800744,3.940149499043094,0.003044422933701834,S230518h,7839,3.940149499043094
15923,64.02684563758389,25.63636363636363,64.68619326603273,26.226391126026797,64.67969224032649,25.04340564459259,63.3739990348413,25.04340564459259,63.36749800913507,26.226391126026797,3.920332626827715,0.0030291110933106536,S230518h,15923,3.920332626827715
8168,331.5501519756839,-1.636363636363633,332.141718805622,-1.0447764396276775,332.14206784707727,-2.22777638817955,330.9582361042905,-2.22777638817955,330.95858514574576,-1.0447764396276775,3.898535356943899,0.0030122690652752975,S230518h,8168,3.898535356943899
16802,57.10344827586207,28.90909090909092,57.78301571210002,29.498895174969892,57.77531112573622,28.315914400265704,56.43158542598791,28.315914400265704,56.42388083962411,29.498895174969892,3.895207420121541,0.003009697678786953,S230518h,16802,3.895207420121541
8927,82.06686930091185,1.636363636363633,82.65878517230526,2.22777638817955,82.65843613085,1.0447764396276775,81.47530247097372,1.0447764396276775,81.47495342951845,2.22777638817955,3.884814299125377,0.003001667258641437,S230518h,8927,3.884814299125377
6852,330.3658536585366,-5.999999999999996,330.9599669150992,-5.408179445322053,330.96125763035565,-6.5911787489208,329.7704496867176,-6.591178748920799,329.771740401974,-5.408179445322053,3.8600694621264573,0.0029825477431843403,S230518h,6852,3.8600694621264573
9255,80.9726443768997,2.72727272727273,81.56510642074286,3.318627214630282,81.56452398117031,2.1356273576800744,80.38076477262909,2.1356273576800744,80.38018233305654,3.3186272146302827,3.8287154979553133,0.00295832157420058,S230518h,9255,3.8287154979553133
9157,333.7386018237082,1.636363636363633,334.3305176951016,2.2277763881795503,334.33016865364635,1.0447764396276775,333.1470349937701,1.0447764396276775,333.14668595231484,2.2277763881795503,3.7773823636767037,0.0029186581626232913,S230518h,9157,3.7773823636767037
17653,46.285714285714285,32.18181818181819,46.989147648661564,32.771384298756836,46.98006694518521,31.588409263433437,45.59136162624336,31.588409263433437,45.58228092276701,32.771384298756836,3.7563822565085903,0.0029024320757988376,S230518h,17653,3.7563822565085903
6853,331.4634146341464,-5.999999999999996,332.05752789070897,-5.408179445322052,332.05881860596537,-6.591178748920799,330.8680106623274,-6.591178748920799,330.8693013775837,-5.408179445322053,3.7417034981504056,0.002891090285698036,S230518h,6853,3.7417034981504056
10475,338.04878048780495,5.999999999999996,338.64418445962394,6.591178748920799,338.64289374436754,5.408179445322052,337.45466723124235,5.408179445322053,337.4533765159859,6.5911787489208,3.731149326393135,0.0028829354269669484,S230518h,10475,3.731149326393135
7950,93.00911854103343,-1.636363636363633,93.60068537097158,-1.0447764396276777,93.60103441242684,-2.22777638817955,92.41720266964003,-2.22777638817955,92.4175517110953,-1.0447764396276777,3.714480861214428,0.002870056256348679,S230518h,7950,3.714480861214428
17084,47.66550522648084,29.999999999999993,48.35259779137615,30.589726689460573,48.34445574980361,29.406747703114895,46.986554703158085,29.406747703114895,46.978412661585544,30.589726689460573,3.699395740525595,0.0028584004835426223,S230518h,17084,3.699395740525595
8599,83.16109422492401,0.5454545454545485,83.75267917199288,1.136925475473323,83.75256289512913,-0.04607451881298135,82.56962555471888,-0.04607451881298136,82.56950927785513,1.1369254754733231,3.63971491008158,0.0028122870837971924,S230518h,8599,3.63971491008158
1265,106.4451827242525,-24.545454545454543,107.09238951633013,-23.952566753603882,107.09852113739298,-25.13555360576676,105.79184431111204,-25.135553605766763,105.7979759321749,-23.952566753603886,3.628476855897112,0.0028036038117798014,S230518h,1265,3.628476855897112
6304,88.07339449541284,-7.090909090909093,88.66868860610687,-6.499029775932809,88.67021956510065,-7.682028800430684,87.47656942572505,-7.682028800430684,87.47810038471883,-6.49902977593281,3.5952391247900546,0.0027779221185163564,S230518h,6304,3.5952391247900546
17930,42.888086642599276,33.27272727272728,43.60037888354693,33.86221014379216,43.59079335044276,32.67923728887589,42.18537993475581,32.67923728887589,42.17579440165162,33.86221014379216,3.555203903109274,0.0027469882295686385,S230518h,17930,3.555203903109274
5870,328.9846153846154,-9.272727272727273,329.58293807154035,-8.68072962595141,329.58495846987313,-9.863727945526664,328.3842722993576,-9.863727945526664,328.38629269769035,-8.68072962595141,3.4958465948615554,0.0027011248047021327,S230518h,5870,3.4958465948615554
664,98.84745762711863,-26.727272727272727,99.50628410064739,-26.134243275254885,99.51316957912337,-27.317227290829493,98.1817456751139,-27.317227290829493,98.1886311535899,-26.13424327525489,3.4768688921019324,0.0026864613627377086,S230518h,664,3.4768688921019324
10899,85.03067484662579,8.181818181818176,85.62914526802635,8.772878547878591,85.62737123767995,7.589879851062995,84.43397845557165,7.589879851062995,84.43220442522522,8.772878547878591,3.4182984675808803,0.0026412059368479427,S230518h,10899,3.4182984675808803
16796,49.6551724137931,28.90909090909092,50.33473985003107,29.498895174969892,50.32703526366726,28.315914400265704,48.98330956391896,28.315914400265704,48.97560497755516,29.498895174969892,3.4121224754546016,0.0026364339524163442,S230518h,16796,3.4121224754546016
4046,92.53918495297806,-14.727272727272721,93.1491210503316,-14.134972359221193,93.15244035102594,-15.317968003614352,91.92592955493018,-15.317968003614352,91.92924885562452,-14.134972359221194,3.3322600118471386,0.002574726873584047,S230518h,4046,3.3322600118471386
18200,34.16058394160584,34.36363636363635,34.882225938488105,34.953033834005176,34.87210920640884,33.77006330944716,33.449058676802856,33.77006330944716,33.43894194472358,34.953033834005176,3.163722389124754,0.0024445034381706887,S230518h,18200,3.163722389124754
18201,35.47445255474452,34.36363636363635,36.1960945516268,34.953033834005176,36.185977819547524,33.77006330944716,34.76292728994153,33.77006330944716,34.75281055786226,34.953033834005176,3.1034404443586894,0.002397925577310707,S230518h,18201,3.1034404443586894
17367,43.098591549295776,31.09090909090909,43.79363251353242,31.68055643758303,43.785032343202985,30.49757936154958,42.41215075538857,30.49757936154958,42.40355058505912,31.68055643758302,3.093897449462069,0.002390552021427478,S230518h,17367,3.093897449462069
16219,62.23728813559321,26.727272727272727,62.90300008759796,27.317227290829496,62.896114609121966,26.134243275254885,61.57846166206448,26.134243275254885,61.57157618358848,27.317227290829496,3.0667473394399316,0.0023695740312207622,S230518h,16219,3.0667473394399316
18198,31.532846715328468,34.36363636363635,32.25448871221074,34.953033834005176,32.24437198013147,33.77006330944716,30.821321450525474,33.77006330944716,30.8112047184462,34.953033834005176,3.041645274168401,0.002350178497316658,S230518h,18198,3.041645274168401
671,107.38983050847456,-26.727272727272727,108.04865698200331,-26.134243275254885,108.05554246047932,-27.317227290829493,106.72411855646983,-27.317227290829496,106.73100403494583,-26.134243275254885,3.030868453562481,0.0023418516051992343,S230518h,671,3.030868453562481
18197,30.21897810218978,34.36363636363635,30.940620099072046,34.953033834005176,30.93050336699278,33.77006330944716,29.50745283738679,33.77006330944716,29.497336105307507,34.953033834005176,3.004663532782128,0.0023216039313942376,S230518h,18197,3.004663532782128
17083,46.41114982578397,29.999999999999993,47.098242390679275,30.589726689460573,47.09010034910674,29.406747703114895,45.732199302461204,29.406747703114895,45.724057260888664,30.589726689460573,3.0004608158925077,0.0023183566313398304,S230518h,17083,3.0004608158925077
15618,58.6046511627907,24.545454545454543,59.25798957593117,25.135553605766763,59.25185795486832,23.952566753603882,57.95744437071308,23.95256675360388,57.95131274965023,25.13555360576676,2.976770917369691,0.002300052231880508,S230518h,15618,2.976770917369691
7614,85.34954407294833,-2.72727272727273,85.94142367721895,-2.1356273576800744,85.9420061167915,-3.318627214630282,84.75708202910518,-3.318627214630282,84.75766446867773,-2.1356273576800744,2.9683710324375365,0.002293561919181937,S230518h,7614,2.9683710324375365
9159,335.9270516717325,1.636363636363633,336.51896754312594,2.2277763881795503,336.51861850167063,1.0447764396276777,335.33548484179437,1.0447764396276777,335.3351358003391,2.22777638817955,2.9309901932561897,0.0022646789836201393,S230518h,9159,2.9309901932561897
6523,329.1743119266055,-7.090909090909093,329.7696060372995,-6.499029775932809,329.77113699629336,-7.682028800430684,328.5774868569177,-7.682028800430684,328.5790178159115,-6.49902977593281,2.925388563278431,0.0022603507897852246,S230518h,6523,2.925388563278431
15012,61.17647058823529,22.363636363636363,61.818801268002126,22.953874845713074,61.813367809684316,21.77088551679757,60.539573366786264,21.77088551679757,60.53413990846844,22.95387484571307,2.9178414521230596,0.0022545193871213944,S230518h,15012,2.9178414521230596
17655,48.857142857142854,32.18181818181819,49.560576220090134,32.77138429875685,49.55149551661378,31.588409263433444,48.162790197671924,31.588409263433444,48.153709494195574,32.77138429875684,2.7733895530318677,0.002142906192110187,S230518h,17655,2.7733895530318677
10803,339.0825688073395,7.090909090909093,339.6793938770273,7.6820288004306825,339.6778629180335,6.49902977593281,338.48727469664544,6.499029775932809,338.4857437376517,7.6820288004306825,2.740417260268057,0.002117429594257427,S230518h,10803,2.740417260268057
17648,39.857142857142854,32.18181818181819,40.56057622009014,32.77138429875685,40.551495516613784,31.588409263433437,39.16279019767193,31.588409263433437,39.15370949419558,32.77138429875685,2.736776675644073,0.0021146166351745208,S230518h,17648,2.736776675644073
10147,338.04878048780495,4.909090909090911,338.6429849903139,5.500328438180324,338.64193214734047,4.3173289032361035,337.4556288282694,4.317328903236104,337.45457598529595,5.500328438180325,2.735400439240591,0.002113553262916698,S230518h,10147,2.735400439240591
8935,90.82066869300913,1.636363636363633,91.41258456440254,2.22777638817955,91.41223552294728,1.0447764396276775,90.229101863071,1.0447764396276777,90.22875282161573,2.2277763881795503,2.7049743885916566,0.0020900440619586926,S230518h,8935,2.7049743885916566
17654,47.57142857142857,32.18181818181819,48.27486193437584,32.77138429875684,48.265781230899485,31.588409263433437,46.87707591195765,31.588409263433437,46.8679952084813,32.77138429875684,2.619168307010302,0.0020237445465010155,S230518h,17654,2.619168307010302
10573,85.87155963302753,7.090909090909093,86.46838470271535,7.6820288004306825,86.46685374372156,6.499029775932809,85.27626552233353,6.499029775932809,85.27473456333973,7.682028800430684,2.597078919365866,0.0020066768087533783,S230518h,10573,2.597078919365866
16212,53.69491525423728,26.727272727272727,54.36062720624203,27.317227290829496,54.353741727766035,26.134243275254885,53.036088780708546,26.134243275254885,53.029203302232546,27.317227290829496,2.5901191337462968,0.002001299213065953,S230518h,16212,2.5901191337462968
16803,58.344827586206904,28.90909090909092,59.024395022444864,29.498895174969892,59.01669043608105,28.315914400265704,57.67296473633275,28.315914400265704,57.66526014996894,29.498895174969892,2.5832564460823404,0.001995996641750815,S230518h,16803,2.5832564460823404
18199,32.846715328467155,34.36363636363635,33.568357325349425,34.953033834005176,33.55824059327015,33.77006330944716,32.135190063664155,33.77006330944716,32.12507333158489,34.953033834005176,2.5673725741323197,0.0019837237003174075,S230518h,18199,2.5673725741323197
8270,83.16109422492401,-0.5454545454545485,83.75256289512913,0.04607451881298135,83.75267917199288,-1.136925475473323,82.56950927785513,-1.1369254754733231,82.56962555471888,0.04607451881298136,2.54788723695267,0.00196866802606062,S230518h,8270,2.54788723695267
12506,71.77570093457943,13.636363636363637,72.38588496737609,14.227121083319139,72.38283616967297,13.044124793472466,71.1685656994859,13.044124793472468,71.1655169017828,14.22712108331914,2.497686307153137,0.0019298794313608574,S230518h,12506,2.497686307153137
6196,329.079754601227,-8.181818181818176,329.6764509922812,-7.589879851062997,329.6782250226276,-8.772878547878591,328.4812841798265,-8.772878547878591,328.4830582101729,-7.589879851062995,2.4765458431683682,0.0019135448954758717,S230518h,6196,2.4765458431683682
17090,55.19163763066202,29.999999999999993,55.87873019555733,30.589726689460576,55.87058815398479,29.406747703114902,54.51268710733926,29.406747703114902,54.50454506576672,30.589726689460576,2.468172322101518,0.0019070749532622716,S230518h,17090,2.468172322101518
15019,69.41176470588235,22.363636363636363,70.05409538564919,22.95387484571307,70.04866192733137,21.77088551679757,68.77486748443332,21.770885516797573,68.7694340261155,22.953874845713074,2.461511519411155,0.0019019283717753692,S230518h,15019,2.461511519411155
16505,51.604095563139936,27.818181818181824,52.27654201456749,28.40806200687396,52.26925579662781,27.225079558088606,50.938935329652054,27.225079558088606,50.931649111712375,28.40806200687396,2.4369679968035056,0.0018829644052764571,S230518h,16505,2.4369679968035056
17922,32.49097472924188,33.27272727272728,33.203266970189524,33.86221014379216,33.19368143708535,32.67923728887589,31.7882680213984,32.67923728887589,31.778682488294226,33.86221014379216,2.423880110342665,0.001872851829166148,S230518h,17922,2.423880110342665
6197,330.18404907975463,-8.181818181818176,330.7807454708088,-7.589879851062995,330.7825195011552,-8.772878547878591,329.5855786583541,-8.772878547878591,329.5873526887005,-7.589879851062995,2.417781067346604,0.0018681393007772252,S230518h,6197,2.417781067346604
3420,102.53164556962025,-16.909090909090903,103.14793693808826,-16.316665657667013,103.15181743052374,-17.499659831842965,101.91147370871677,-17.499659831842965,101.91535420115224,-16.316665657667013,2.407549413557633,0.0018602336409913704,S230518h,3420,2.407549413557633
18202,36.78832116788321,34.36363636363635,37.50996316476547,34.953033834005176,37.499846432686205,33.77006330944716,36.07679590308022,33.77006330944716,36.06667917100094,34.953033834005176,2.373583501537422,0.0018339893064696618,S230518h,18202,2.373583501537422
17921,31.191335740072205,33.27272727272728,31.903627981019863,33.86221014379216,31.89404244791568,32.67923728887589,30.48862903222873,32.67923728887589,30.479043499124554,33.86221014379216,2.3343201620780087,0.0018036518253327183,S230518h,17921,2.3343201620780087
7180,330.3658536585366,-4.909090909090911,330.9590053180721,-4.3173289032361035,330.9600581610456,-5.500328438180325,329.7716491560276,-5.500328438180324,329.7727019990011,-4.3173289032361035,2.312037379955294,0.001786434658081184,S230518h,7180,2.312037379955294
9816,334.8328267477204,3.8181818181818143,335.42605120526656,4.409477912273196,335.42523430858046,3.226478193058309,334.24041918686027,3.2264781930583095,334.23960229017416,4.409477912273197,2.3112150725237424,0.0017857992883816899,S230518h,9816,2.3112150725237424
12185,72.67080745341616,12.54545454545454,73.27816979172174,13.136273565602838,73.27538557806868,11.953276687262091,72.06622932876365,11.953276687262093,72.0634451151106,13.13627356560284,2.3104096283696114,0.0017851769483777768,S230518h,12185,2.3104096283696114
14094,73.84615384615384,19.090909090909097,74.47432105354504,19.68134858771041,74.46984806060614,18.498356139189287,73.22245963170154,18.498356139189287,73.21798663876264,19.68134858771041,2.309514009306263,0.001784484933210083,S230518h,14094,2.309514009306263
11455,340.0615384615385,9.272727272727273,340.6618815467962,9.863727945526664,340.65986114846345,8.68072962595141,339.4632157746135,8.68072962595141,339.4611953762807,9.863727945526662,2.2914202818376723,0.0017705045096563813,S230518h,11455,2.2914202818376723
1566,105.74257425742574,-23.45454545454546,106.38446852259726,-22.86172668493405,106.3902446417389,-24.04471481798269,105.0949038731126,-24.044714817982687,105.10067999225424,-22.86172668493405,2.29067012008162,0.0017699248845292979,S230518h,1566,2.29067012008162
17375,53.23943661971831,31.09090909090909,53.934477583954965,31.68055643758303,53.92587741362552,30.49757936154958,52.55299582581111,30.49757936154958,52.544395655481665,31.68055643758303,2.279248855302608,0.0017611000517574573,S230518h,17375,2.279248855302608
17920,29.89169675090253,33.27272727272728,30.60398899185018,33.86221014379216,30.594403458746005,32.67923728887589,29.188990043059054,32.67923728887588,29.179404509954878,33.86221014379216,2.2733173487290195,0.0017565169732096963,S230518h,17920,2.2733173487290195
10473,335.8536585365854,5.999999999999996,336.44906250840444,6.5911787489208,336.447771793148,5.408179445322053,335.2595452800228,5.408179445322052,335.2582545647664,6.5911787489207985,2.2630550481128178,0.001748587633636136,S230518h,10473,2.2630550481128178
8827,332.64437689969606,0.5454545454545485,333.2359618467649,1.1369254754733227,333.2358455699012,-0.04607451881298135,332.0529082294909,-0.04607451881298135,332.05279195262716,1.1369254754733227,2.24178554475847,0.001732153393306892,S230518h,8827,2.24178554475847
9263,89.72644376899696,2.72727272727273,90.31890581284013,3.318627214630282,90.31832337326757,2.1356273576800744,89.13456416472636,2.1356273576800744,89.1339817251538,3.318627214630282,2.2347876606713752,0.0017267463601962668,S230518h,9263,2.2347876606713752
6312,96.88073394495413,-7.090909090909093,97.47602805564816,-6.499029775932809,97.47755901464194,-7.682028800430684,96.28390887526633,-7.682028800430684,96.28543983426013,-6.499029775932809,2.2280868051162424,0.0017215688311881863,S230518h,6312,2.2280868051162424
8500,334.8328267477204,-0.5454545454545485,335.4242954179255,0.04607451881298135,335.4244116947892,-1.1369254754733231,334.2412418006515,-1.1369254754733231,334.24135807751526,0.04607451881298136,2.225240538445656,0.001719369615262631,S230518h,8500,2.225240538445656
5871,330.0923076923077,-9.272727272727273,330.69063037923274,-8.68072962595141,330.6926507775655,-9.863727945526662,329.49196460704997,-9.863727945526664,329.49398500538274,-8.68072962595141,2.188712646230055,0.0016911457235529454,S230518h,5871,2.188712646230055
6958,86.70731707317074,-4.909090909090911,87.30046873270626,-4.3173289032361035,87.30152157567973,-5.500328438180325,86.11311257066178,-5.500328438180325,86.11416541363523,-4.3173289032361035,2.177822234569067,0.001682731063391899,S230518h,6958,2.177822234569067
11128,337.9141104294479,8.181818181818176,338.51258085084845,8.77287854787859,338.510806820502,7.589879851062995,337.31741403839374,7.589879851062995,337.3156400080473,8.772878547878591,2.159415099062073,0.0016685084798338738,S230518h,11128,2.159415099062073
14087,65.76923076923076,19.090909090909097,66.39739797662196,19.68134858771041,66.39292498368306,18.498356139189287,65.14553655477847,18.498356139189283,65.14106356183956,19.68134858771041,2.147868843006432,0.0016595870704450364,S230518h,14087,2.147868843006432
7942,84.25531914893617,-1.636363636363633,84.8468859788743,-1.0447764396276777,84.84723502032956,-2.22777638817955,83.66340327754277,-2.22777638817955,83.66375231899804,-1.0447764396276777,2.1367852640885534,0.0016510231563465285,S230518h,7942,2.1367852640885534
6525,331.37614678899087,-7.090909090909093,331.97144089968486,-6.499029775932809,331.97297185867865,-7.6820288004306825,330.7793217193031,-7.6820288004306825,330.78085267829687,-6.499029775932809,2.1092944673683127,0.001629781928819207,S230518h,6525,2.1092944673683127
15617,57.40863787375415,24.545454545454543,58.06197628689462,25.135553605766763,58.05584466583178,23.952566753603882,56.76143108167654,23.952566753603882,56.75529946061369,25.13555360576676,2.085371693938963,0.0016112975946375337,S230518h,15617,2.085371693938963
13460,68.35443037974684,16.909090909090917,68.97460224065034,17.49965983184298,68.97072174821487,16.316665657667023,67.73813901127883,16.316665657667023,67.73425851884336,17.49965983184298,2.084560709769527,0.0016106709740474014,S230518h,13460,2.084560709769527
2168,95.84415584415584,-21.272727272727277,96.47636061106468,-20.68004332336628,96.48146326343127,-21.863033767531235,95.20684842488042,-21.86303376753123,95.211951077247,-20.68004332336628,2.0571755569368695,0.0015895113740507717,S230518h,2168,2.0571755569368695
11224,84.18461538461538,9.272727272727273,84.78495846987315,9.863727945526662,84.78293807154039,8.680729625951411,83.58629269769041,8.680729625951411,83.58427229935764,9.863727945526662,1.9763741622706155,0.0015270788143073462,S230518h,11224,1.9763741622706155
15316,59.40594059405941,23.45454545454546,60.053610978372554,24.044714817982694,60.047834859230925,22.86172668493405,58.76404632888788,22.86172668493405,58.75827020974626,24.044714817982694,1.960259554887621,0.0015146275912519,S230518h,15316,1.960259554887621
17647,38.57142857142857,32.18181818181819,39.27486193437585,32.77138429875684,39.2657812308995,31.588409263433437,37.87707591195765,31.588409263433437,37.86799520848129,32.77138429875684,1.929807372061585,0.0014910981988267191,S230518h,17647,1.929807372061585
378,108.12286689419797,-27.818181818181824,108.78802712768587,-27.225079558088606,108.79531334562554,-28.408062006873955,107.45042044277042,-28.40806200687396,107.4577066607101,-27.225079558088606,1.9216418085400995,0.0014847889385163054,S230518h,378,1.9216418085400995
11871,82.47678018575851,11.454545454545455,83.08156501986555,12.045425503062717,83.07904004157403,10.86242809134075,81.874520329943,10.86242809134075,81.87199535165149,12.045425503062717,1.8754139794612283,0.0014490702270671223,S230518h,11871,1.8754139794612283
5015,99.19504643962847,-11.454545454545455,99.79730629544399,-10.862428091340748,99.7998312737355,-12.045425503062715,98.59026160552145,-12.045425503062717,98.59278658381297,-10.86242809134075,1.8620182319479408,0.0014387197769247008,S230518h,5015,1.8620182319479408
9591,88.6322188449848,3.8181818181818143,89.22544330253103,4.409477912273196,89.22462640584492,3.226478193058308,88.03981128412471,3.2264781930583086,88.03899438743859,4.409477912273196,1.8176707249684956,0.001404453928044217,S230518h,9591,1.8176707249684956
9818,337.02127659574467,3.8181818181818143,337.61450105329084,4.409477912273196,337.61368415660473,3.2264781930583086,336.42886903488454,3.226478193058309,336.42805213819844,4.409477912273196,1.8096337875659978,0.0013982440528730255,S230518h,9818,1.8096337875659978
13143,69.05660377358491,15.818181818181818,69.67318624176121,16.40881427199012,69.66958991998469,15.225819332062743,68.44361762718513,15.225819332062743,68.44002130540859,16.40881427199012,1.7567918213806126,0.0013574148168869916,S230518h,13143,1.7567918213806126
7182,332.56097560975616,-4.909090909090911,333.15412726929173,-4.3173289032361035,333.15518011226516,-5.500328438180324,331.9667711072472,-5.500328438180324,331.9678239502207,-4.3173289032361035,1.7553448316569005,0.0013562967758835296,S230518h,7182,1.7553448316569005
13774,66.49681528662421,18.0,67.1208460976022,18.590504624245447,67.11667361736245,17.407511279616614,65.87695695588597,17.407511279616617,65.87278447564621,18.59050462424545,1.7369145573963478,0.0013420563137774935,S230518h,13774,1.7369145573963478
17646,37.285714285714285,32.18181818181819,37.989147648661564,32.77138429875684,37.9800669451852,31.588409263433437,36.591361626243355,31.588409263433437,36.582280922767005,32.77138429875684,1.7290895854942283,0.0013360102173234957,S230518h,17646,1.7290895854942283
15916,55.57046979865772,25.63636363636363,56.22981742710655,26.2263911260268,56.22331640140032,25.04340564459259,54.91762319591512,25.04340564459259,54.91112217020889,26.2263911260268,1.7018567651598995,0.0013149683195997298,S230518h,15916,1.7018567651598995
10801,336.8807339449541,7.090909090909093,337.47755901464194,7.6820288004306825,337.47602805564816,6.499029775932809,336.2854398342601,6.49902977593281,336.28390887526626,7.682028800430684,1.6883706214260923,0.0013045480232936192,S230518h,10801,1.6883706214260923
14713,71.29870129870129,21.272727272727277,71.93600871797672,21.86303376753123,71.93090606561013,20.680043323366277,70.66649653179246,20.680043323366277,70.66139387942587,21.86303376753123,1.6880081836781382,0.0013042679796576662,S230518h,14713,1.6880081836781382
13467,76.32911392405063,16.909090909090917,76.94928578495413,17.49965983184298,76.94540529251866,16.316665657667023,75.71282255558262,16.316665657667023,75.70894206314715,17.49965983184298,1.6695782668727481,0.0012900277937453874,S230518h,13467,1.6695782668727481
17366,41.83098591549296,31.09090909090909,42.526026879729606,31.68055643758303,42.51742670940016,30.49757936154958,41.14454512158575,30.497579361549572,41.135944951256306,31.68055643758303,1.6588296287000235,0.001281722677260073,S230518h,17366,1.6588296287000235
5986,97.17791411042946,-8.181818181818176,97.7746105014836,-7.589879851062995,97.77638453183002,-8.772878547878591,96.57944368902889,-8.772878547878591,96.5812177193753,-7.589879851062997,1.654042325222348,0.0012780236865234105,S230518h,5986,1.654042325222348
3736,101.88679245283019,-15.818181818181818,102.49977859922997,-15.225819332062743,102.50337492100653,-16.40881427199012,101.27020998465389,-16.40881427199012,101.27380630643043,-15.225819332062743,1.6466669655416977,0.0012723249905319195,S230518h,3736,1.6466669655416977
10238,77.92682926829269,5.999999999999996,78.52223324011173,6.591178748920799,78.5209425248553,5.408179445322052,77.3327160117301,5.408179445322052,77.33142529647367,6.591178748920799,1.6181930993399307,0.0012503241777970552,S230518h,10238,1.6181930993399307
16795,48.41379310344828,28.90909090909092,49.093360539686245,29.498895174969892,49.08565595332243,28.315914400265704,47.741930253574125,28.315914400265704,47.734225667210325,29.498895174969892,1.608740317896781,0.0012430203268594738,S230518h,16795,1.608740317896781
16512,60.20477815699659,27.818181818181824,60.877224608424136,28.40806200687395,60.869938390484464,27.225079558088602,59.53961792350871,27.225079558088602,59.53233170556903,28.40806200687395,1.5682815056250603,0.0012117591435007516,S230518h,16512,1.5682815056250603
11540,74.44444444444444,10.363636363636358,75.04689101105431,10.95457694658554,75.04462046396,9.771579054942237,73.8442684249289,9.771579054942235,73.84199787783459,10.954576946585538,1.5447585446148484,0.001193583731124786,S230518h,11540,1.5447585446148484
11548,83.33333333333333,10.363636363636358,83.9357798999432,10.954576946585538,83.93350935284889,9.771579054942235,82.73315731381778,9.771579054942237,82.73088676672347,10.95457694658554,1.5338334715585016,0.0011851422892522915,S230518h,11548,1.5338334715585016
17931,44.187725631768956,33.27272727272728,44.90001787271661,33.86221014379216,44.89043233961243,32.67923728887589,43.48501892392548,32.67923728887589,43.47543339082131,33.86221014379216,1.5048073943785303,0.0011627148013959132,S230518h,17931,1.5048073943785303
9911,79.02439024390245,4.909090909090911,79.61859474641142,5.5003284381803255,79.61754190343797,4.3173289032361035,78.43123858436694,4.3173289032361035,78.43018574139347,5.500328438180325,1.4883069108944904,0.0011499654246658732,S230518h,9911,1.4883069108944904
9489,337.02127659574467,2.72727272727273,337.6137386395878,3.318627214630282,337.6131562000152,2.1356273576800744,336.42939699147405,2.1356273576800744,336.4288145519015,3.318627214630282,1.4423385832511428,0.0011144472213755372,S230518h,9489,1.4423385832511428
16504,50.37542662116041,27.818181818181824,51.04787307258797,28.408062006873955,51.04058685464829,27.225079558088606,49.71026638767254,27.225079558088606,49.702980169732854,28.408062006873955,1.428147666428162,0.0011034823702609717,S230518h,16504,1.428147666428162
12833,78.99686520376176,14.727272727272734,79.61012060180964,15.31796800361436,79.6068013011153,14.134972359221203,78.38692910640822,14.134972359221203,78.38360980571387,15.317968003614364,1.3691892633030922,0.0010579271661622458,S230518h,12833,1.3691892633030922
15323,67.72277227722772,23.45454545454546,68.37044266154088,24.04471481798269,68.36466654239923,22.86172668493405,67.0808780120562,22.86172668493405,67.07510189291457,24.044714817982694,1.3502688668580083,0.0010433080028878236,S230518h,15323,1.3502688668580083
9486,333.7386018237082,2.72727272727273,334.3310638675514,3.318627214630282,334.33048142797884,2.1356273576800744,333.1467222194376,2.1356273576800744,333.14613977986505,3.318627214630282,1.3129861743183515,0.001014500901983289,S230518h,9486,1.3129861743183515
16794,47.17241379310345,28.90909090909092,47.851981229341405,29.498895174969892,47.8442766429776,28.315914400265704,46.50055094322929,28.315914400265704,46.49284635686549,29.498895174969892,1.2655659188489787,0.0009778608421814924,S230518h,16794,1.2655659188489787
5330,90.0,-10.363636363636358,90.60017601951554,-9.771579054942237,90.60244656660987,-10.95457694658554,89.39755343339014,-10.95457694658554,89.39982398048446,-9.771579054942237,1.2154671238422727,0.000939151163651202,S230518h,5330,1.2154671238422727
18203,38.1021897810219,34.36363636363635,38.823831777904175,34.953033834005176,38.81371504582491,33.77006330944716,37.39066451621891,33.77006330944716,37.380547784139644,34.953033834005176,1.1573323104183642,0.0008942323200192008,S230518h,18203,1.1573323104183642
17091,56.44599303135889,29.999999999999993,57.13308559625419,30.589726689460576,57.12494355468165,29.406747703114902,55.76704250803613,29.406747703114902,55.758900466463594,30.589726689460576,1.136650455596238,0.0008782521362349906,S230518h,17091,1.136650455596238
11216,75.32307692307693,9.272727272727273,75.92342000833467,9.863727945526664,75.92139961000193,8.68072962595141,74.72475423615194,8.68072962595141,74.72273383781918,9.863727945526664,1.1362692909950771,0.0008779576229802089,S230518h,11216,1.1362692909950771
88,109.24137931034483,-28.909090909090907,109.91324216021899,-28.315914400265687,109.92094674658279,-29.498895174969874,108.56181187410688,-29.49889517496988,108.56951646047068,-28.315914400265687,1.1127702146784935,0.0008598006655154245,S230518h,88,1.1127702146784935
5545,328.88888888888886,-10.363636363636358,329.48906490840443,-9.771579054942237,329.4913354554987,-10.95457694658554,328.286442322279,-10.954576946585542,328.2887128693733,-9.771579054942237,1.1115500733405246,0.0008588579027414302,S230518h,5545,1.1115500733405246
7841,333.7386018237082,-2.72727272727273,334.33048142797884,-2.1356273576800744,334.3310638675514,-3.318627214630282,333.14613977986505,-3.318627214630282,333.1467222194376,-2.1356273576800744,1.0861550937145097,0.0008392360436233671,S230518h,7841,1.0861550937145097
5220,327.67801857585135,-11.454545454545455,328.2802784316669,-10.86242809134075,328.2828034099584,-12.045425503062715,327.07323374174433,-12.045425503062717,327.0757587200358,-10.86242809134075,1.0810034200607164,0.0008352555161275538,S230518h,5220,1.0810034200607164
17919,28.592057761732853,33.27272727272728,29.30435000268051,33.86221014379216,29.294764469576336,32.679237288875896,27.889351053889378,32.67923728887589,27.8797655207852,33.86221014379216,1.072630011265442,0.0008287856606624795,S230518h,17919,1.072630011265442
10247,87.8048780487805,5.999999999999996,88.40028202059952,6.5911787489208,88.3989913053431,5.408179445322053,87.21076479221789,5.408179445322053,87.20947407696147,6.5911787489208,1.0714602002241524,0.0008278817864406855,S230518h,10247,1.0714602002241524
1862,96.47058823529412,-22.363636363636363,97.10748545674315,-21.77088551679757,97.11291891506096,-22.953874845713074,95.82825755552727,-22.953874845713074,95.83369101384508,-21.770885516797573,1.0213158250162322,0.0007891368895995333,S230518h,1862,1.0213158250162322
5221,328.7925696594427,-11.454545454545455,329.39482951525815,-10.86242809134075,329.3973544935497,-12.045425503062717,328.18778482533565,-12.045425503062715,328.19030980362714,-10.86242809134075,0.9995245559568229,0.0007722994982023173,S230518h,5221,0.9995245559568229
7509,330.4559270516718,-3.8181818181818143,331.0483346125319,-3.226478193058309,331.049151509218,-4.409477912273196,329.86270259412555,-4.409477912273196,329.8635194908117,-3.226478193058309,0.9885642552311182,0.0007638308370772236,S230518h,7509,0.9885642552311182
17082,45.15679442508711,29.999999999999993,45.8438869899824,30.589726689460573,45.83574494840986,29.406747703114902,44.47784390176434,29.406747703114902,44.469701860191805,30.589726689460573,0.9750650328041366,0.0007534004352983505,S230518h,17082,0.9750650328041366
6851,329.26829268292687,-5.999999999999996,329.86240593948946,-5.408179445322053,329.86369665474587,-6.591178748920799,328.6728887111078,-6.591178748920799,328.6741794263642,-5.408179445322052,0.9216758882080798,0.0007121484126889462,S230518h,6851,0.9216758882080798
6854,332.56097560975616,-5.999999999999996,333.1550888663188,-5.408179445322053,333.1563795815752,-6.5911787489208,331.96557163793716,-6.5911787489208,331.9668623531936,-5.408179445322053,0.8445214826373774,0.0006525337605513497,S230518h,6854,0.8445214826373774
17656,50.142857142857146,32.18181818181819,50.84629050580443,32.77138429875684,50.837209802328076,31.588409263433437,49.44850448338622,31.588409263433437,49.43942377990987,32.77138429875684,0.8406670013662041,0.0006495555306181114,S230518h,17656,0.8406670013662041
6966,95.48780487804879,-4.909090909090911,96.0809565375843,-4.3173289032361035,96.08200938055778,-5.500328438180324,94.89360037553982,-5.500328438180324,94.89465321851328,-4.3173289032361035,0.712219407217961,0.0005503083316225638,S230518h,6966,0.712219407217961
